name,aa,pieces,ms_peptides,unique_ms_peptides,mortality_loss_pp,incidence_loss_pp,global_alleles_lost,carrier_proxy_loss_pp
XAGE1A/XAGE1B,32,1,2,2,5.731587911279996,3.691343630539997,,0.0
MAGEA4,112,4,27,27,1.169169551609997,1.1625868729000004,,0.0
PRAME,139,5,23,23,1.759743529779998,3.206827972920001,HLA-A*24:02;HLA-B*46:01,0.009291130562516514
CTAG1A/CTAG1B,43,1,7,7,0.0,0.0,,0.0
ACTL8,123,1,6,6,0.024281984729999095,0.025065274560001072,,0.0
XAGE2,8,1,1,1,0.0,0.0,,0.0
CXorf49/CXorf49B,23,1,5,5,0.0,0.0,,0.0
SPANXB1,50,1,3,3,0.0,0.0,HLA-A*33:01,0.0006151423416089763
SSX4/SSX4B,9,1,1,1,0.0,0.0,,0.0
NLRP7,30,3,4,4,0.022077922079999368,0.11038961039999862,,0.0
KISS1,9,1,1,1,0.006896551740000589,0.0034482758699994065,,0.0
SSX2/SSX2B,9,1,1,1,0.0,0.0,,0.0
RHOXF2,10,1,2,2,0.0,0.0,,0.0
HHIPL2,10,1,1,1,0.0,0.0,HLA-A*11:01,0.005788596202993546
TRIML2,8,1,1,1,0.0,0.0,,0.0
ZDHHC19,10,1,1,1,0.005844155844998866,0.005844155844998866,,0.0
PIWIL1,9,1,1,1,0.0166015625,0.13613281249999964,,0.0
EBLN1,9,1,1,1,0.0,0.0,,0.0
NLRP9,8,1,1,1,0.0,0.0,,0.0
PRSS38,8,1,1,1,0.0,0.0,,0.0
GARIN1B,9,1,1,1,0.0,0.0,HLA-B*53:01;HLA-B*58:01,0.0007271488546845006
PRM2,9,1,1,1,0.0,0.0,,0.0
ANKRD7,9,1,1,1,0.0,0.0,,0.0
