rank,proteoform_key,name,status,raw_aa,raw_pieces,specific_aa,specific_pieces,normal_ms_filtered_aa,normal_ms_filtered_pieces,ms_supported_aa,ms_supported_pieces,padded_aa,padded_pieces,assembled_aa,assembled_pieces,retained_fraction,panel_alleles,assembled_panel_alleles,ms_ligand_count,assembled_ms_ligand_count,assembled_pmhc_count
1,XAGE1A/B,XAGE1A/XAGE1B,retained,81,1,73,2,73,2,69,1,50,1,38,1,0.4691358025,HLA-B*15:01;HLA-B*40:01;HLA-C*01:02;HLA-C*03:03;HLA-C*03:04;HLA-C*05:01;HLA-C*06:02;HLA-C*08:02;HLA-C*12:03,HLA-B*15:01;HLA-B*40:01;HLA-C*01:02;HLA-C*03:03;HLA-C*03:04;HLA-C*05:01;HLA-C*06:02;HLA-C*08:02;HLA-C*12:03,2,2,11
2,ENSG00000147381,MAGEA4,retained,317,1,264,7,255,7,214,4,180,4,139,4,0.4384858044,HLA-A*01:01;HLA-A*02:01;HLA-A*02:03;HLA-A*02:06;HLA-A*03:01;HLA-A*23:01;HLA-A*26:01;HLA-A*29:02;HLA-A*32:01;HLA-A*68:02;HLA-B*07:02;HLA-B*08:01;HLA-B*15:01;HLA-B*27:05;HLA-B*40:01;HLA-B*40:02;HLA-B*44:02;HLA-B*51:01;HLA-C*01:02;HLA-C*02:02;HLA-C*03:02;HLA-C*03:03;HLA-C*03:04;HLA-C*04:01;HLA-C*04:03;HLA-C*05:01;HLA-C*06:02;HLA-C*07:01;HLA-C*07:02;HLA-C*07:04;HLA-C*08:01;HLA-C*08:02;HLA-C*12:02;HLA-C*12:03;HLA-C*14:02;HLA-C*14:03;HLA-C*15:02;HLA-C*16:01;HLA-C*17:01,HLA-A*01:01;HLA-A*02:01;HLA-A*02:03;HLA-A*02:06;HLA-A*03:01;HLA-A*23:01;HLA-A*26:01;HLA-A*29:02;HLA-A*32:01;HLA-A*68:02;HLA-B*07:02;HLA-B*08:01;HLA-B*15:01;HLA-B*27:05;HLA-B*40:01;HLA-B*40:02;HLA-B*44:02;HLA-B*51:01;HLA-C*01:02;HLA-C*02:02;HLA-C*03:02;HLA-C*03:03;HLA-C*03:04;HLA-C*04:01;HLA-C*04:03;HLA-C*05:01;HLA-C*06:02;HLA-C*07:01;HLA-C*07:02;HLA-C*07:04;HLA-C*08:01;HLA-C*08:02;HLA-C*12:02;HLA-C*12:03;HLA-C*14:02;HLA-C*14:03;HLA-C*15:02;HLA-C*16:01;HLA-C*17:01,28,28,79
3,ENSG00000185686,PRAME,retained,509,1,445,7,445,7,445,7,430,7,390,7,0.7662082515,HLA-A*01:01;HLA-A*02:01;HLA-A*02:03;HLA-A*02:06;HLA-A*03:01;HLA-A*23:01;HLA-A*24:02;HLA-A*29:02;HLA-A*30:01;HLA-A*30:02;HLA-A*32:01;HLA-A*68:01;HLA-A*68:02;HLA-B*07:02;HLA-B*08:01;HLA-B*15:01;HLA-B*15:02;HLA-B*18:01;HLA-B*27:05;HLA-B*35:01;HLA-B*40:01;HLA-B*40:02;HLA-B*44:02;HLA-B*44:03;HLA-B*46:01;HLA-B*51:01;HLA-B*57:01;HLA-C*01:02;HLA-C*02:02;HLA-C*03:02;HLA-C*03:03;HLA-C*03:04;HLA-C*04:01;HLA-C*04:03;HLA-C*05:01;HLA-C*06:02;HLA-C*07:01;HLA-C*07:02;HLA-C*07:04;HLA-C*08:01;HLA-C*08:02;HLA-C*12:02;HLA-C*12:03;HLA-C*14:02;HLA-C*14:03;HLA-C*15:02;HLA-C*16:01;HLA-C*17:01,HLA-A*01:01;HLA-A*02:01;HLA-A*02:03;HLA-A*02:06;HLA-A*03:01;HLA-A*23:01;HLA-A*24:02;HLA-A*29:02;HLA-A*30:01;HLA-A*30:02;HLA-A*32:01;HLA-A*68:01;HLA-A*68:02;HLA-B*07:02;HLA-B*08:01;HLA-B*15:01;HLA-B*15:02;HLA-B*18:01;HLA-B*27:05;HLA-B*35:01;HLA-B*40:01;HLA-B*40:02;HLA-B*44:02;HLA-B*44:03;HLA-B*46:01;HLA-B*51:01;HLA-B*57:01;HLA-C*01:02;HLA-C*02:02;HLA-C*03:02;HLA-C*03:03;HLA-C*03:04;HLA-C*04:01;HLA-C*04:03;HLA-C*05:01;HLA-C*06:02;HLA-C*07:01;HLA-C*07:02;HLA-C*07:04;HLA-C*08:01;HLA-C*08:02;HLA-C*12:02;HLA-C*12:03;HLA-C*14:02;HLA-C*14:03;HLA-C*15:02;HLA-C*16:01;HLA-C*17:01,56,56,437
6,ENSG00000234068,PAGE2,retained,111,1,103,2,103,2,70,1,54,1,40,1,0.3603603604,HLA-A*02:01;HLA-B*40:01,HLA-A*02:01;HLA-B*40:01,3,3,3
7,NY-ESO-1,CTAG1A/CTAG1B,retained,180,1,72,3,72,3,64,1,53,1,53,1,0.2944444444,HLA-A*68:01;HLA-B*07:02;HLA-B*27:05;HLA-B*40:01;HLA-C*01:02;HLA-C*03:04,HLA-A*68:01;HLA-B*07:02;HLA-B*27:05;HLA-B*40:01;HLA-C*01:02;HLA-C*03:04,7,7,7
12,ENSG00000154040,CABYR,retained,493,1,477,3,477,3,292,1,120,1,114,1,0.2312373225,HLA-A*01:01;HLA-A*03:01;HLA-A*11:01;HLA-A*26:01;HLA-A*29:02;HLA-A*30:02;HLA-A*32:01;HLA-A*68:01;HLA-B*15:01;HLA-B*15:02;HLA-B*35:01;HLA-B*40:01;HLA-B*40:02;HLA-B*44:02;HLA-B*44:03;HLA-B*46:01;HLA-B*57:01;HLA-B*58:01;HLA-C*02:02;HLA-C*03:02;HLA-C*03:03;HLA-C*03:04;HLA-C*12:02;HLA-C*12:03;HLA-C*14:02;HLA-C*14:03;HLA-C*16:01,HLA-A*01:01;HLA-A*03:01;HLA-A*11:01;HLA-A*26:01;HLA-A*29:02;HLA-A*30:02;HLA-A*32:01;HLA-A*68:01;HLA-B*15:01;HLA-B*15:02;HLA-B*35:01;HLA-B*40:01;HLA-B*40:02;HLA-B*44:02;HLA-B*44:03;HLA-B*46:01;HLA-B*57:01;HLA-B*58:01;HLA-C*02:02;HLA-C*03:02;HLA-C*03:03;HLA-C*03:04;HLA-C*12:02;HLA-C*12:03;HLA-C*14:02;HLA-C*14:03;HLA-C*16:01,3,3,27
13,ENSG00000158639,PAGE5,retained,130,1,122,2,122,2,70,1,35,1,17,1,0.1307692308,HLA-A*02:01;HLA-B*07:02;HLA-C*17:01,HLA-A*02:01;HLA-B*07:02;HLA-C*17:01,2,2,3
14,ENSG00000238269,PAGE2B,retained,111,1,103,2,103,2,70,1,54,1,48,1,0.4324324324,HLA-A*02:01;HLA-B*40:01,HLA-A*02:01;HLA-B*40:01,3,3,3
20,ENSG00000117148,ACTL8,retained,366,1,355,2,355,2,355,2,350,2,125,1,0.3415300546,HLA-A*01:01;HLA-A*02:01;HLA-A*02:06;HLA-A*23:01;HLA-A*24:02;HLA-A*26:01;HLA-B*07:02;HLA-B*08:01;HLA-B*15:01;HLA-B*15:02;HLA-B*18:01;HLA-B*27:05;HLA-B*35:01;HLA-B*40:01;HLA-B*40:02;HLA-B*44:02;HLA-B*44:03;HLA-B*51:01;HLA-B*53:01;HLA-B*57:01;HLA-C*01:02;HLA-C*02:02;HLA-C*03:02;HLA-C*03:03;HLA-C*03:04;HLA-C*04:01;HLA-C*04:03;HLA-C*05:01;HLA-C*06:02;HLA-C*07:01;HLA-C*07:02;HLA-C*07:04;HLA-C*08:01;HLA-C*08:02;HLA-C*12:02;HLA-C*12:03;HLA-C*14:02;HLA-C*14:03;HLA-C*15:02;HLA-C*16:01;HLA-C*17:01,HLA-A*26:01;HLA-B*15:01;HLA-B*15:02;HLA-B*27:05;HLA-B*40:02;HLA-C*02:02;HLA-C*03:02;HLA-C*03:03;HLA-C*12:02;HLA-C*14:02;HLA-C*17:01,17,6,14
22,ENSG00000007350,TKTL1,retained,596,1,553,5,553,5,475,3,284,3,35,2,0.0587248322,HLA-A*01:01;HLA-A*02:01;HLA-A*02:06;HLA-A*24:02;HLA-A*32:01;HLA-B*07:02;HLA-B*08:01;HLA-B*15:01;HLA-B*15:02;HLA-B*18:01;HLA-B*35:01;HLA-B*40:02;HLA-B*44:02;HLA-B*44:03;HLA-B*46:01;HLA-B*51:01;HLA-B*57:01;HLA-B*58:01;HLA-C*01:02;HLA-C*02:02;HLA-C*03:02;HLA-C*03:03;HLA-C*03:04;HLA-C*04:01;HLA-C*04:03;HLA-C*05:01;HLA-C*06:02;HLA-C*07:01;HLA-C*07:02;HLA-C*07:04;HLA-C*08:01;HLA-C*08:02;HLA-C*12:02;HLA-C*12:03;HLA-C*14:02;HLA-C*14:03;HLA-C*15:02;HLA-C*16:01;HLA-C*17:01,HLA-A*02:01;HLA-B*35:01,8,2,2
