proteoform_key,name,start,end,length_aa
XAGE1A/B,XAGE1A/XAGE1B,0,4,4
XAGE1A/B,XAGE1A/XAGE1B,12,81,69
ENSG00000147381,MAGEA4,0,6,6
ENSG00000147381,MAGEA4,15,22,7
ENSG00000147381,MAGEA4,30,93,63
ENSG00000147381,MAGEA4,101,162,61
ENSG00000147381,MAGEA4,172,200,28
ENSG00000147381,MAGEA4,208,255,47
ENSG00000147381,MAGEA4,263,264,1
ENSG00000147381,MAGEA4,278,317,39
ENSG00000185686,PRAME,0,27,27
ENSG00000185686,PRAME,35,46,11
ENSG00000185686,PRAME,58,71,13
ENSG00000185686,PRAME,84,111,27
ENSG00000185686,PRAME,125,207,82
ENSG00000185686,PRAME,215,401,186
ENSG00000185686,PRAME,410,509,99
ENSG00000234068,PAGE2,0,33,33
ENSG00000234068,PAGE2,47,111,64
NY-ESO-1,CTAG1A/CTAG1B,56,57,1
NY-ESO-1,CTAG1A/CTAG1B,70,134,64
NY-ESO-1,CTAG1A/CTAG1B,173,180,7
ENSG00000205777,GAGE1,74,75,1
ENSG00000205777,GAGE1,110,117,7
ENSG00000189064,GAGE2A,9,18,9
ENSG00000189064,GAGE2A,58,59,1
ENSG00000189064,GAGE2A,109,116,7
ENSG00000158639,PAGE5,0,52,52
ENSG00000158639,PAGE5,66,130,64
ENSG00000238269,PAGE2B,0,33,33
ENSG00000238269,PAGE2B,47,111,64
ENSG00000274274,GAGE13,18,19,1
ENSG00000274274,GAGE13,74,75,1
ENSG00000274274,GAGE13,110,117,7
ENSG00000170516,COX7B2,0,31,31
ENSG00000170516,COX7B2,46,61,15
ENSG00000170516,COX7B2,78,81,3
ENSG00000117148,ACTL8,0,140,140
ENSG00000117148,ACTL8,151,366,215
ENSG00000007350,TKTL1,0,102,102
ENSG00000007350,TKTL1,114,129,15
ENSG00000007350,TKTL1,142,213,71
ENSG00000007350,TKTL1,221,284,63
ENSG00000007350,TKTL1,294,596,302
GAGE12C/D/E,GAGE12C/GAGE12D/GAGE12E,49,50,1
GAGE12C/D/E,GAGE12C/GAGE12D/GAGE12E,110,117,7
ENSG00000068985,PAGE1,0,17,17
ENSG00000068985,PAGE1,25,128,103
ENSG00000068985,PAGE1,139,146,7
ENSG00000224659,GAGE12J,15,16,1
ENSG00000224659,GAGE12J,74,75,1
ENSG00000224659,GAGE12J,110,117,7
ENSG00000224902,GAGE12H,49,58,9
ENSG00000224902,GAGE12H,110,117,7
ENSG00000204019,CT83,0,113,113
