rank,proteoform_key,name,status,raw_aa,raw_pieces,specific_aa,specific_pieces,normal_ms_filtered_aa,normal_ms_filtered_pieces,ms_supported_aa,ms_supported_pieces,padded_aa,padded_pieces,allocated_aa,allocated_pieces,budget_excluded_aa,terminal_trimmed_aa,assembled_aa,assembled_pieces,retained_fraction,panel_alleles,assembled_panel_alleles,ms_ligand_count,assembled_ms_ligand_count,assembled_pmhc_count
1,XAGE1A/B,XAGE1A/XAGE1B,retained,81,1,73,2,73,2,69,1,50,1,50,1,0,18,32,1,0.3950617284,HLA-B*15:01;HLA-B*40:01;HLA-C*01:02;HLA-C*03:03;HLA-C*03:04;HLA-C*05:01;HLA-C*06:02;HLA-C*08:02;HLA-C*12:03,HLA-B*15:01;HLA-B*40:01;HLA-C*01:02;HLA-C*03:03;HLA-C*03:04;HLA-C*05:01;HLA-C*06:02;HLA-C*08:02;HLA-C*12:03,2,2,11
2,ENSG00000147381,MAGEA4,retained,317,1,252,8,243,8,201,4,167,4,167,4,0,55,112,4,0.3533123028,HLA-A*01:01;HLA-A*02:01;HLA-A*02:03;HLA-A*02:06;HLA-A*03:01;HLA-A*23:01;HLA-A*26:01;HLA-A*32:01;HLA-A*68:02;HLA-B*07:02;HLA-B*08:01;HLA-B*15:01;HLA-B*27:05;HLA-B*40:01;HLA-B*40:02;HLA-B*44:02;HLA-B*51:01;HLA-C*01:02;HLA-C*02:02;HLA-C*03:02;HLA-C*03:03;HLA-C*03:04;HLA-C*04:01;HLA-C*04:03;HLA-C*05:01;HLA-C*06:02;HLA-C*07:01;HLA-C*07:02;HLA-C*07:04;HLA-C*08:01;HLA-C*08:02;HLA-C*12:02;HLA-C*12:03;HLA-C*14:02;HLA-C*14:03;HLA-C*15:02;HLA-C*16:01;HLA-C*17:01,HLA-A*01:01;HLA-A*02:01;HLA-A*02:03;HLA-A*02:06;HLA-A*03:01;HLA-A*23:01;HLA-A*26:01;HLA-A*32:01;HLA-A*68:02;HLA-B*07:02;HLA-B*08:01;HLA-B*15:01;HLA-B*27:05;HLA-B*40:01;HLA-B*40:02;HLA-B*44:02;HLA-B*51:01;HLA-C*01:02;HLA-C*02:02;HLA-C*03:02;HLA-C*03:03;HLA-C*03:04;HLA-C*04:01;HLA-C*04:03;HLA-C*05:01;HLA-C*06:02;HLA-C*07:01;HLA-C*07:02;HLA-C*07:04;HLA-C*08:01;HLA-C*08:02;HLA-C*12:02;HLA-C*12:03;HLA-C*14:02;HLA-C*14:03;HLA-C*15:02;HLA-C*16:01;HLA-C*17:01,27,27,78
3,ENSG00000185686,PRAME,retained,509,1,445,7,445,7,445,7,430,7,224,3,206,13,211,3,0.4145383104,HLA-A*01:01;HLA-A*02:01;HLA-A*02:03;HLA-A*02:06;HLA-A*03:01;HLA-A*23:01;HLA-A*24:02;HLA-A*29:02;HLA-A*30:01;HLA-A*30:02;HLA-A*32:01;HLA-A*68:01;HLA-A*68:02;HLA-B*07:02;HLA-B*08:01;HLA-B*15:01;HLA-B*15:02;HLA-B*18:01;HLA-B*27:05;HLA-B*35:01;HLA-B*40:01;HLA-B*40:02;HLA-B*44:02;HLA-B*44:03;HLA-B*46:01;HLA-B*51:01;HLA-B*57:01;HLA-C*01:02;HLA-C*02:02;HLA-C*03:02;HLA-C*03:03;HLA-C*03:04;HLA-C*04:01;HLA-C*04:03;HLA-C*05:01;HLA-C*06:02;HLA-C*07:01;HLA-C*07:02;HLA-C*07:04;HLA-C*08:01;HLA-C*08:02;HLA-C*12:02;HLA-C*12:03;HLA-C*14:02;HLA-C*14:03;HLA-C*15:02;HLA-C*16:01;HLA-C*17:01,HLA-A*01:01;HLA-A*02:01;HLA-A*02:03;HLA-A*02:06;HLA-A*23:01;HLA-A*24:02;HLA-A*29:02;HLA-A*30:01;HLA-A*32:01;HLA-A*68:02;HLA-B*07:02;HLA-B*08:01;HLA-B*15:01;HLA-B*15:02;HLA-B*18:01;HLA-B*27:05;HLA-B*35:01;HLA-B*40:01;HLA-B*40:02;HLA-B*44:02;HLA-B*44:03;HLA-B*46:01;HLA-B*51:01;HLA-C*01:02;HLA-C*02:02;HLA-C*03:02;HLA-C*03:03;HLA-C*03:04;HLA-C*04:01;HLA-C*04:03;HLA-C*05:01;HLA-C*06:02;HLA-C*07:01;HLA-C*07:02;HLA-C*07:04;HLA-C*08:01;HLA-C*08:02;HLA-C*12:02;HLA-C*12:03;HLA-C*14:02;HLA-C*14:03;HLA-C*15:02;HLA-C*16:01;HLA-C*17:01,56,34,224
6,ENSG00000234068,PAGE2,retained,111,1,97,2,97,2,64,1,54,1,54,1,0,18,36,1,0.3243243243,HLA-A*02:01;HLA-B*40:01,HLA-A*02:01;HLA-B*40:01,3,3,3
7,NY-ESO-1,CTAG1A/CTAG1B,retained,180,1,72,3,72,3,64,1,53,1,53,1,0,10,43,1,0.2388888889,HLA-A*68:01;HLA-B*07:02;HLA-B*27:05;HLA-B*40:01;HLA-C*01:02;HLA-C*03:04,HLA-A*68:01;HLA-B*07:02;HLA-B*27:05;HLA-B*40:01;HLA-C*01:02;HLA-C*03:04,7,7,7
11,ENSG00000158639,PAGE5,retained,130,1,116,2,116,2,64,1,35,1,35,1,0,18,17,1,0.1307692308,HLA-A*02:01;HLA-B*07:02;HLA-C*17:01,HLA-A*02:01;HLA-B*07:02;HLA-C*17:01,2,2,3
12,ENSG00000238269,PAGE2B,retained,111,1,97,2,97,2,64,1,54,1,54,1,0,16,38,1,0.3423423423,HLA-A*02:01;HLA-B*40:01,HLA-A*02:01;HLA-B*40:01,3,3,3
17,ENSG00000117148,ACTL8,retained,366,1,355,2,355,2,355,2,350,2,137,1,213,14,123,1,0.3360655738,HLA-A*01:01;HLA-A*02:01;HLA-A*02:06;HLA-A*23:01;HLA-A*24:02;HLA-A*26:01;HLA-B*07:02;HLA-B*08:01;HLA-B*15:01;HLA-B*15:02;HLA-B*18:01;HLA-B*27:05;HLA-B*35:01;HLA-B*40:01;HLA-B*40:02;HLA-B*44:02;HLA-B*44:03;HLA-B*51:01;HLA-B*53:01;HLA-B*57:01;HLA-C*01:02;HLA-C*02:02;HLA-C*03:02;HLA-C*03:03;HLA-C*03:04;HLA-C*04:01;HLA-C*04:03;HLA-C*05:01;HLA-C*06:02;HLA-C*07:01;HLA-C*07:02;HLA-C*07:04;HLA-C*08:01;HLA-C*08:02;HLA-C*12:02;HLA-C*12:03;HLA-C*14:02;HLA-C*14:03;HLA-C*15:02;HLA-C*16:01;HLA-C*17:01,HLA-A*26:01;HLA-B*15:01;HLA-B*15:02;HLA-B*27:05;HLA-B*40:02;HLA-C*02:02;HLA-C*03:02;HLA-C*03:03;HLA-C*12:02;HLA-C*14:02;HLA-C*17:01,17,6,14
19,ENSG00000007350,TKTL1,retained,596,1,553,5,553,5,475,3,284,3,29,1,255,20,9,1,0.0151006711,HLA-A*01:01;HLA-A*02:01;HLA-A*02:06;HLA-A*24:02;HLA-A*32:01;HLA-B*07:02;HLA-B*08:01;HLA-B*15:01;HLA-B*15:02;HLA-B*18:01;HLA-B*35:01;HLA-B*40:02;HLA-B*44:02;HLA-B*44:03;HLA-B*46:01;HLA-B*51:01;HLA-B*57:01;HLA-B*58:01;HLA-C*01:02;HLA-C*02:02;HLA-C*03:02;HLA-C*03:03;HLA-C*03:04;HLA-C*04:01;HLA-C*04:03;HLA-C*05:01;HLA-C*06:02;HLA-C*07:01;HLA-C*07:02;HLA-C*07:04;HLA-C*08:01;HLA-C*08:02;HLA-C*12:02;HLA-C*12:03;HLA-C*14:02;HLA-C*14:03;HLA-C*15:02;HLA-C*16:01;HLA-C*17:01,HLA-A*02:01,8,1,1
25,ENSG00000204019,CT83,retained,113,1,113,1,113,1,113,1,84,1,84,1,0,20,64,1,0.5663716814,HLA-A*02:01;HLA-A*02:03;HLA-A*02:06;HLA-A*23:01;HLA-A*24:02;HLA-A*30:01;HLA-A*32:01;HLA-B*07:02;HLA-B*08:01;HLA-B*15:01;HLA-B*15:02;HLA-B*18:01;HLA-B*27:05;HLA-B*40:01;HLA-B*40:02;HLA-B*57:01;HLA-B*58:01;HLA-C*01:02;HLA-C*02:02;HLA-C*03:02;HLA-C*03:03;HLA-C*03:04;HLA-C*04:01;HLA-C*04:03;HLA-C*05:01;HLA-C*06:02;HLA-C*07:01;HLA-C*07:02;HLA-C*07:04;HLA-C*08:01;HLA-C*08:02;HLA-C*12:02;HLA-C*12:03;HLA-C*14:02;HLA-C*14:03;HLA-C*15:02;HLA-C*16:01;HLA-C*17:01,HLA-A*02:01;HLA-A*02:03;HLA-A*02:06;HLA-A*23:01;HLA-A*24:02;HLA-A*30:01;HLA-A*32:01;HLA-B*07:02;HLA-B*08:01;HLA-B*15:01;HLA-B*15:02;HLA-B*18:01;HLA-B*27:05;HLA-B*40:01;HLA-B*40:02;HLA-B*57:01;HLA-B*58:01;HLA-C*01:02;HLA-C*02:02;HLA-C*03:02;HLA-C*03:03;HLA-C*03:04;HLA-C*04:01;HLA-C*04:03;HLA-C*05:01;HLA-C*06:02;HLA-C*07:01;HLA-C*07:02;HLA-C*07:04;HLA-C*08:01;HLA-C*08:02;HLA-C*12:02;HLA-C*12:03;HLA-C*14:02;HLA-C*14:03;HLA-C*15:02;HLA-C*16:01;HLA-C*17:01,4,4,40
