axis,step,name,length_aa,hla_all,hla_all_missing,hla_typed,hla_typed_missing,hla_measured,hla_measured_missing,alleles,pmhc,ms_peptides,peptides_monoallelic_ms,peptides_sample_allele_ms,peptides_unrestricted_ms,mortality_lower,mortality_upper,represented_mortality_pct,incidence_lower,incidence_upper,represented_incidence_pct
protein,0,No proteins,0,0.0,,0.0,,0.0,,0,0,0,0,0,0,0.0,0.0,85.94999999999996,0.0,0.0,88.14999999999998
protein,1,XAGE1A/XAGE1B,32,0.6622591194747636,,0.6622591194747636,,0.0,,9,11,2,0,2,0,0.09931483153535,0.09931483153535,85.94999999999996,0.07486364418615,0.07486364418615,88.14999999999998
protein,2,MAGEA4,157,0.9991691633629405,HLA-C*04:03,0.989513258270379,,0.5786186080835722,,39,90,30,5,25,0,0.11422873910525001,0.15185466497924996,85.94999999999996,0.08947595957854997,0.11991749573234997,88.14999999999998
protein,3,PRAME,477,0.9998071500830239,HLA-C*04:03,0.9993157686489819,,0.843107095121919,,48,507,81,20,53,8,0.13276395265275,0.19958169619590005,85.94999999999996,0.12302039538724999,0.1790717527407,88.14999999999998
protein,4,CTAG1A/CTAG1B,520,0.9998519267145863,HLA-C*04:03,0.9994589153250372,,0.843107095121919,,49,514,88,20,60,8,0.13276395265275,0.2180741263015,85.94999999999996,0.12302039538724999,0.1958095895243,88.14999999999998
protein,5,ACTL8,643,0.9998519267145863,HLA-C*04:03,0.9994589153250372,,0.8554953734532351,,49,528,94,23,62,9,0.13300677250005002,0.22448859792760006,85.94999999999996,0.12327104813284998,0.202076472786,88.14999999999998
protein,6,XAGE2,651,0.9998519267145863,HLA-C*04:03,0.9994589153250372,,0.8554953734532351,,49,529,95,23,63,9,0.13327643542005002,0.22853687081830001,85.94999999999996,0.12350138521034998,0.20582246745769997,88.14999999999998
protein,7,CXorf49/CXorf49B,674,0.9998519267145863,HLA-C*04:03,0.9994589153250372,,0.8554953734532351,,49,535,100,23,68,9,0.13327643542005002,0.23248848807080003,85.94999999999996,0.12350138521034998,0.21039412349889994,88.14999999999998
protein,8,SPANXB1,724,0.9998611625945464,HLA-C*04:03,0.9994887303262102,,0.8778045717386068,,50,544,103,25,69,9,0.13327643542005002,0.23600254790989997,85.94999999999996,0.12350138521034998,0.21374686956069994,88.14999999999998
protein,9,SSX4/SSX4B,733,0.9998611625945464,HLA-C*04:03,0.9995210866642973,,0.8778045717386068,,50,549,104,25,70,9,0.13327643542005002,0.23919907604920004,85.94999999999996,0.12350138521034998,0.216174677623,88.14999999999998
protein,10,ADAM12,741,0.9998611625945464,HLA-C*04:03,0.9995210866642973,,0.8778045717386068,,50,550,105,25,71,9,0.13327643542005002,0.2412454542274,85.94999999999996,0.12350138521034998,0.21887969741389998,88.14999999999998
protein,11,NLRP7,771,0.9998611625945464,HLA-C*04:03,0.9995210866642973,,0.8778045717386068,,50,558,109,28,72,9,0.13349721464085001,0.2425863677737,85.94999999999996,0.12460528131434997,0.22149167483629995,88.14999999999998
protein,12,KISS1,780,0.9998611625945464,HLA-C*04:03,0.9995210866642973,,0.8778045717386068,,50,559,110,28,73,9,0.13356618015825003,0.24412190711799997,85.94999999999996,0.12463976407304998,0.22292073135539997,88.14999999999998
protein,13,SSX2/SSX2B,789,0.9998611625945464,HLA-C*04:03,0.9995210866642973,,0.8778045717386068,,50,560,111,28,74,9,0.13356618015825003,0.24547973033849996,85.94999999999996,0.12463976407304998,0.22407140384219995,88.14999999999998
protein,14,RHOXF2,799,0.9998611625945464,HLA-C*04:03,0.9995210866642973,,0.8778045717386068,,50,569,113,28,76,9,0.13356618015825003,0.24670558598329997,85.94999999999996,0.12463976407304998,0.22503532591129996,88.14999999999998
protein,15,GAPDHS,808,0.9998698570483384,HLA-C*04:03,0.9995210866642973,,0.8778045717386068,,51,592,114,28,77,9,0.13356618015825003,0.24670558598329997,85.94999999999996,0.12463976407304998,0.22503532591129996,88.14999999999998
protein,16,SCGB1D1,857,0.9999490019659092,HLA-C*04:03,0.9995210866642973,,0.8778045717386068,,53,601,116,28,77,11,0.13356618015825003,0.24788820853110002,85.94999999999996,0.12463976407304998,0.22635184282319998,88.14999999999998
protein,17,HHIPL2,867,0.9999490019659092,HLA-C*04:03,0.9997246897313931,,0.8778045717386068,,53,602,117,28,78,11,0.13357594578325005,0.24897565127640003,85.94999999999996,0.12471984219804999,0.2272130065585,88.14999999999998
protein,18,TRIML2,875,0.9999490019659092,HLA-C*04:03,0.9997246897313931,,0.8778045717386068,,53,603,118,28,78,12,0.13357594578325005,0.24897565127640003,85.94999999999996,0.12471984219804999,0.2272130065585,88.14999999999998
protein,19,UTF1,883,0.9999490019659092,HLA-C*04:03,0.9997246897313931,,0.8778045717386068,,53,618,119,28,78,13,0.13357594578325005,0.24897565127640003,85.94999999999996,0.12471984219804999,0.2272130065585,88.14999999999998
protein,20,ZDHHC19,893,0.9999490019659092,HLA-C*04:03,0.9997246897313931,,0.8778045717386068,,53,620,120,28,79,13,0.13363438734170005,0.2492785168887,85.94999999999996,0.12477828375649999,0.22742076347529996,88.14999999999998
protein,21,DEFB119,902,0.9999490019659092,HLA-C*04:03,0.9997246897313931,,0.8778045717386068,,53,621,121,29,79,13,0.13367072454920007,0.2494965401437,85.94999999999996,0.12480153956929999,0.22756029835849995,88.14999999999998
protein,22,PIWIL1,911,0.9999490019659092,HLA-C*04:03,0.9997246897313931,,0.8778045717386068,,53,622,122,29,79,14,0.13383674017420005,0.2496820870187,85.94999999999996,0.1261628676943,0.22908178273349994,88.14999999999998
protein,23,BRDT,919,0.9999490019659092,HLA-C*04:03,0.9997246897313931,,0.8778045717386068,,53,623,123,29,80,14,0.13383674017420005,0.24986668721030003,85.94999999999996,0.1261628676943,0.22920419141669995,88.14999999999998
protein,24,SEPTIN14,928,0.9999490019659092,HLA-C*04:03,0.9997246897313931,,0.8778045717386068,,53,638,124,29,80,15,0.13383674017420005,0.25004837325780005,85.94999999999996,0.1261628676943,0.22932047048709997,88.14999999999998
protein,25,TEX14,936,0.9999490019659092,HLA-C*04:03,0.9997246897313931,,0.8778045717386068,,53,642,125,29,80,16,0.13383674017420005,0.2501740563162,85.94999999999996,0.1261628676943,0.22953176374469997,88.14999999999998
protein,26,EBLN1,945,0.9999490019659092,HLA-C*04:03,0.9997246897313931,,0.8778045717386068,,53,652,126,29,80,17,0.13383674017420005,0.25023689784540004,85.94999999999996,0.1261628676943,0.22963741037349994,88.14999999999998
protein,27,FAM78B,956,0.9999490019659092,HLA-C*04:03,0.9997246897313931,,0.8884573141438264,,53,654,128,30,81,17,0.13383674017420005,0.25028603789540005,85.94999999999996,0.1261628676943,0.22971112044849995,88.14999999999998
protein,28,PRSS38,964,0.9999490019659092,HLA-C*04:03,0.9997246897313931,,0.8884573141438264,,53,671,129,30,82,17,0.13383674017420005,0.25030635392300005,85.94999999999996,0.1261628676943,0.22973933715349998,88.14999999999998
protein,29,GARIN1B,973,0.9999508901649349,HLA-C*04:03,0.9997246897313931,,0.8884573141438264,,54,675,130,30,82,18,0.13383674017420005,0.25030635392300005,85.94999999999996,0.1261628676943,0.22973933715349998,88.14999999999998
protein,30,PRM2,982,0.9999508901649349,HLA-C*04:03,0.9997246897313931,,0.8884573141438264,,54,690,131,30,82,19,0.13383674017420005,0.25030635392300005,85.94999999999996,0.1261628676943,0.22973933715349998,88.14999999999998
protein,31,SPATS1,991,0.9999508901649349,HLA-C*04:03,0.9997246897313931,,0.8884573141438264,,54,695,132,30,83,19,0.13383674017420005,0.25030635392300005,85.94999999999996,0.1261628676943,0.22973933715349998,88.14999999999998
protein,32,ANKRD7,1000,0.9999508901649349,HLA-C*04:03,0.9997246897313931,,0.8884573141438264,,54,698,133,30,84,19,0.13383674017420005,0.25030635392300005,85.94999999999996,0.1261628676943,0.22973933715349998,88.14999999999998
segment,0,No segments,0,0.0,,0.0,,0.0,,0,0,0,0,0,0,0.0,0.0,85.94999999999996,0.0,0.0,88.14999999999998
segment,1,PRM2,9,0.7192000170451069,,0.0,,0.0,,15,15,1,0,0,1,1.94805195e-05,1.94805195e-05,85.94999999999996,9.740259750000001e-05,9.740259750000001e-05,88.14999999999998
segment,2,SPATS1,18,0.9466707827751297,,0.7448295498720239,,0.0,,20,20,2,0,1,1,3.22736967e-05,3.22736967e-05,85.94999999999996,0.00013364993290000001,0.00013364993290000001,88.14999999999998
segment,3,PRSS38,26,0.9654647040195078,HLA-C*04:03,0.7942524420034949,,0.0,,26,37,3,0,2,1,5.25897243e-05,5.25897243e-05,85.94999999999996,0.0001618666379,0.0001618666379,88.14999999999998
segment,4,FAM78B,37,0.9725546491335901,HLA-C*04:03,0.83090860941464,,0.0659164096,,28,39,5,1,3,1,0.00010172977430000001,0.00010172977430000001,85.94999999999996,0.00023557671290000003,0.00023557671290000003,88.14999999999998
segment,5,GARIN1B,46,0.9791676568239374,HLA-C*04:03,0.83090860941464,,0.0659164096,,32,43,6,1,3,2,0.00010172977430000001,0.00012121029380000001,85.94999999999996,0.00023557671290000003,0.00033297931040000004,88.14999999999998
segment,6,EBLN1,55,0.9858309190997637,HLA-C*04:03,0.83090860941464,,0.0659164096,,37,53,7,1,3,3,0.0001645713035,0.00018405182299999998,85.94999999999996,0.0003412233417,0.0004386259392,88.14999999999998
segment,7,TEX14,63,0.9866977077101133,HLA-C*04:03,0.83090860941464,,0.0659164096,,38,57,8,1,3,4,0.0002274128327,0.0003097348814,85.94999999999996,0.00044686997050000005,0.0006499191968,88.14999999999998
segment,8,SEPTIN14,72,0.9938250864130875,HLA-C*04:03,0.83090860941464,,0.0659164096,,42,72,9,1,3,5,0.0004090988802,0.0004914209289,85.94999999999996,0.0005631490409000001,0.0007661982672,88.14999999999998
segment,9,DEFB119,81,0.9938250864130875,HLA-C*04:03,0.83090860941464,,0.47317081110000003,,42,73,10,2,3,5,0.00045192959419999997,0.0007354182098999999,85.94999999999996,0.0006188723862000001,0.0010356032804,88.14999999999998
segment,10,PIWIL1,90,0.9938250864130875,HLA-C*04:03,0.83090860941464,,0.47317081110000003,,42,74,11,2,3,6,0.0006374764692,0.0009209650848999999,85.94999999999996,0.0021403567612,0.0025570876553999995,88.14999999999998
segment,11,BRDT,98,0.9938250864130875,HLA-C*04:03,0.83090860941464,,0.47317081110000003,,42,75,12,2,4,6,0.0008220766608,0.0011055652765000002,85.94999999999996,0.0022627654444,0.0026794963385999996,88.14999999999998
segment,12,ZDHHC19,108,0.9965064110812334,HLA-C*04:03,0.9080155199727449,,0.47317081110000003,,43,77,13,2,5,6,0.0011249422731,0.0014084308888000002,85.94999999999996,0.0024705223611999998,0.0028872532553999995,88.14999999999998
segment,13,TRIML2,116,0.9965064110812334,HLA-C*04:03,0.9080155199727449,,0.47317081110000003,,43,78,14,2,5,7,0.0014169562289000001,0.0017392120478,85.94999999999996,0.0039028735909,0.0044857219505,88.14999999999998
segment,14,UTF1,124,0.9965064110812334,HLA-C*04:03,0.9080155199727449,,0.47317081110000003,,43,93,15,2,5,8,0.0014234497354000003,0.0020509003595,85.94999999999996,0.0039353411234,0.006044163509,88.14999999999998
segment,15,SCGB1D1,173,0.9994025101200983,HLA-C*04:03,0.9080155199727449,,0.47317081110000003,,47,102,17,2,5,10,0.0026060722832000004,0.0032335229073000003,85.94999999999996,0.0052518580353,0.0073606804209,88.14999999999998
segment,16,HHIPL2,183,0.9994025101200983,HLA-C*04:03,0.9298196558063548,,0.47317081110000003,,47,103,18,2,6,10,0.0032145855362999995,0.0043209656526000005,85.94999999999996,0.0056079623827,0.0082218441562,88.14999999999998
segment,17,GAPDHS,192,0.9996019258994941,HLA-C*04:03,0.939548691416428,,0.47317081110000003,,49,126,19,2,7,10,0.0044043509949000005,0.005536317465,85.94999999999996,0.0089789645154,0.011665340957999999,88.14999999999998
segment,18,RHOXF2,202,0.9996019258994941,HLA-C*04:03,0.9682122954653364,,0.47317081110000003,,49,135,21,2,9,10,0.005151044977900001,0.0067944468065,85.94999999999996,0.0095876439709,0.01276291296,88.14999999999998
segment,19,KISS1,211,0.9996019258994941,HLA-C*04:03,0.9755039834947524,,0.47317081110000003,,49,136,22,2,10,10,0.005917029181200001,0.008329986150799999,85.94999999999996,0.0104138665988,0.0141919694791,88.14999999999998
segment,20,SSX2/SSX2B,220,0.9996019258994941,HLA-C*04:03,0.9792346108098396,,0.47317081110000003,,49,137,23,2,11,10,0.005917029181200001,0.0097901547871,85.94999999999996,0.0104138665988,0.015632620644,88.14999999999998
segment,21,NLRP7,228,0.9996019258994941,HLA-C*04:03,0.9794124778337576,,0.4759172706529403,,49,138,24,3,11,10,0.006568671653900001,0.0110856137878,85.94999999999996,0.0122309025018,0.0180173253384,88.14999999999998
segment,22,NLRP7,242,0.9996019258994941,HLA-C*04:03,0.9813709549990719,,0.6050655160079773,,49,144,26,5,11,10,0.006568671653900001,0.0110856137878,85.94999999999996,0.0122309025018,0.0180173253384,88.14999999999998
segment,23,NLRP7,250,0.9996019258994941,HLA-C*04:03,0.9813709549990719,,0.6050655160079773,,49,145,27,5,12,10,0.006568671653900001,0.0110856137878,85.94999999999996,0.0122309025018,0.0180173253384,88.14999999999998
segment,24,ADAM12,258,0.9996019258994941,HLA-C*04:03,0.9813709549990719,,0.6050655160079773,,49,146,28,5,13,10,0.008077952504400002,0.013131991965999998,85.94999999999996,0.0142905236092,0.020722345129299997,88.14999999999998
segment,25,SPANXB1,308,0.9996385151968146,HLA-C*04:03,0.9830255778468372,,0.6544891709424902,,50,155,31,7,14,10,0.009622901136,0.0166716381589,85.94999999999996,0.0154001316694,0.0241475858602,88.14999999999998
segment,26,SSX4/SSX4B,317,0.9998638366149911,HLA-C*04:03,0.9911220745175559,,0.6544891709424902,,52,160,32,7,15,10,0.010211463088799999,0.019880959475400004,85.94999999999996,0.0157524713887,0.026611641257900005,88.14999999999998
segment,27,CXorf49/CXorf49B,340,0.9998638366149911,HLA-C*04:03,0.9931798803079234,,0.6544891709424902,,52,166,37,7,20,10,0.010396281647299999,0.023832576727900002,85.94999999999996,0.0159960453807,0.0311832972991,88.14999999999998
segment,28,ACTL8,463,0.9998638366149911,HLA-C*04:03,0.9931798803079234,,0.6763093091420165,,52,180,43,10,22,11,0.0126987017656,0.030272634707800006,85.94999999999996,0.0180644992378,0.03752267522989999,88.14999999999998
segment,29,XAGE2,471,0.9998638366149911,HLA-C*04:03,0.9931798803079234,,0.6763093091420165,,52,181,44,10,23,11,0.0130679021488,0.034320907598500004,85.94999999999996,0.0183093166042,0.041268669901600004,88.14999999999998
segment,30,CTAG1A/CTAG1B,514,0.9998638366149911,HLA-C*04:03,0.9942457620893741,,0.6763093091420165,,52,188,51,10,30,11,0.023140526487500004,0.05343370986900001,85.94999999999996,0.027147156858799995,0.059750158555,88.14999999999998
segment,31,PRAME,524,0.9998638366149911,HLA-C*04:03,0.9942457620893741,,0.6763093091420165,,52,190,52,10,31,11,0.052596412456999996,0.10105258058965003,85.94999999999996,0.06947087923329999,0.11775380498055002,88.14999999999998
segment,32,PRAME,538,0.9999503106869663,HLA-C*04:03,0.9942457620893741,,0.6763093091420165,,53,215,54,10,32,12,0.052596412456999996,0.10105258058965003,85.94999999999996,0.06947087923329999,0.11775380498055002,88.14999999999998
segment,33,PRAME,551,0.9999508901649349,HLA-C*04:03,0.9973126305029864,,0.7440321936893035,,54,245,56,12,32,12,0.052596412456999996,0.10105258058965003,85.94999999999996,0.06947087923329999,0.11775380498055002,88.14999999999998
segment,34,PRAME,571,0.9999508901649349,HLA-C*04:03,0.9974318634969082,,0.7440321936893035,,54,283,61,13,36,12,0.052596412456999996,0.10105258058965003,85.94999999999996,0.06947087923329999,0.11775380498055002,88.14999999999998
segment,35,PRAME,653,0.9999508901649349,HLA-C*04:03,0.999454035713953,,0.7918211814452307,,54,421,74,18,41,15,0.052596412456999996,0.10105258058965003,85.94999999999996,0.06947087923329999,0.11775380498055002,88.14999999999998
segment,36,MAGEA4,662,0.9999508901649349,HLA-C*04:03,0.999454035713953,,0.7918211814452307,,54,422,75,18,42,15,0.07652086106139999,0.15290080713305002,85.94999999999996,0.0892494313889,0.16073554952955,88.14999999999998
segment,37,MAGEA4,683,0.9999508901649349,HLA-C*04:03,0.999454035713953,,0.8335837288943875,,54,433,82,19,48,15,0.07652086106139999,0.15290080713305002,85.94999999999996,0.0892494313889,0.16073554952955,88.14999999999998
segment,38,PRAME,864,0.9999508901649349,HLA-C*04:03,0.9996587834186375,,0.8657959625942615,,54,617,110,26,65,19,0.07652086106139999,0.15290080713305002,85.94999999999996,0.0892494313889,0.16073554952955,88.14999999999998
segment,39,XAGE1A/XAGE1B,896,0.9999508901649349,HLA-C*04:03,0.9996587834186375,,0.8657959625942615,,54,628,112,26,67,19,0.13383674017420005,0.25030635392300005,85.94999999999996,0.1261628676943,0.22973933715349998,88.14999999999998
segment,40,MAGEA4,949,0.9999508901649349,HLA-C*04:03,0.9996587834186375,,0.8657959625942615,,54,645,123,26,78,19,0.13383674017420005,0.25030635392300005,85.94999999999996,0.1261628676943,0.22973933715349998,88.14999999999998
segment,41,MAGEA4,991,0.9999508901649349,HLA-C*04:03,0.9997246897313931,,0.8884573141438264,,54,695,132,30,83,19,0.13383674017420005,0.25030635392300005,85.94999999999996,0.1261628676943,0.22973933715349998,88.14999999999998
segment,42,ANKRD7,1000,0.9999508901649349,HLA-C*04:03,0.9997246897313931,,0.8884573141438264,,54,698,133,30,84,19,0.13383674017420005,0.25030635392300005,85.94999999999996,0.1261628676943,0.22973933715349998,88.14999999999998
