segment_id,reason
ENSG00000185686:125-207,budget_allocation
ENSG00000117148:151-366,budget_allocation
CXorf49/B:0-208,budget_allocation
SSX4/B:62-188,budget_allocation
ENSG00000148848:24-102,budget_allocation
ENSG00000148848:144-215,budget_allocation
ENSG00000148848:263-346,budget_allocation
ENSG00000148848:361-434,budget_allocation
ENSG00000167634:188-218,budget_allocation
ENSG00000167634:583-615,budget_allocation
ENSG00000167634:677-834,budget_allocation
ENSG00000167634:882-1037,budget_allocation
ENSG00000170498:0-70,budget_allocation
SSX2/B:0-33,budget_allocation
SSX2/B:41-121,budget_allocation
ENSG00000131721:191-249,budget_allocation
ENSG00000105679:90-164,budget_allocation
ENSG00000179046:81-213,budget_allocation
ENSG00000125207:324-606,budget_allocation
ENSG00000137948:220-336,budget_allocation
ENSG00000137948:669-916,budget_allocation
ENSG00000188859:74-86,budget_allocation
ENSG00000135248:210-344,budget_allocation
