round,candidates,best_key
0,1,"[1968, 2767.028816441076, -0.6918545454545454, 0, -682]"
1,135,"[1825, 2609.4141018811583, -0.6781030303030303, 0, -682]"
2,604,"[1708, 2438.5804485138747, -0.6758424242424242, 0, -682]"
3,416,"[1659, 2366.844184954002, -0.6762515151515152, 0, -684]"
4,416,"[1621, 2345.0561117649563, -0.6730939393939394, 0, -684]"
5,240,"[1597, 2332.0749947379086, -0.6774151515151515, 0, -684]"
6,245,"[1576, 2333.736050713335, -0.6798666666666667, 0, -684]"
7,242,"[1557, 2266.6883209196544, -0.6791060606060606, 0, -685]"
8,236,"[1540, 2228.9563118390784, -0.6777909090909091, 0, -685]"
9,231,"[1529, 2202.868571172508, -0.6791454545454545, 0, -685]"
10,243,"[1518, 2192.2782892239766, -0.69815625, 0, -685]"
11,237,"[1505, 2146.689723820975, -0.6815151515151515, 0, -685]"
12,346,"[1467, 2134.8736727752066, -0.719596875, 0, -686]"
13,222,"[1466, 2078.9374458096013, -0.696990625, 0, -686]"
14,185,"[1440, 2085.722941720905, -0.7285875, 0, -686]"
15,227,"[1438, 2033.2164939473091, -0.704403125, 0, -686]"
16,187,"[1422, 2035.6269789291184, -0.726903125, 0, -686]"
17,221,"[1411, 1984.0657628930076, -0.71339375, 0, -686]"
18,152,"[1410, 1963.5938672942011, -0.71135625, 0, -686]"
19,147,"[1393, 1933.9698001012207, -0.711709375, 0, -686]"
20,187,"[1393, 1933.9698001012207, -0.711709375, 0, -686]"
