gene_id,gene_name,contig,cta_reference_gene_ids
ENSG00000206245,TSBP1,HSCHR6_MHC_MANN_CTG1,ENSG00000204296
ENSG00000206310,TSBP1,HSCHR6_MHC_QBL_CTG1,ENSG00000204296
ENSG00000206471,OR2H1,HSCHR6_MHC_MCF_CTG1,ENSG00000204688
ENSG00000206516,OR2H1,HSCHR6_MHC_QBL_CTG1,ENSG00000204688
ENSG00000224395,OR2H1,HSCHR6_MHC_MANN_CTG1,ENSG00000204688
ENSG00000226892,TSBP1,HSCHR6_MHC_DBB_CTG1,ENSG00000204296
ENSG00000229125,OR2H1,HSCHR6_MHC_APD_CTG1,ENSG00000204688
ENSG00000229408,OR2H1,HSCHR6_MHC_SSTO_CTG1,ENSG00000204688
ENSG00000232106,TSBP1,HSCHR6_MHC_SSTO_CTG1,ENSG00000204296
ENSG00000232984,OR2H1,HSCHR6_MHC_DBB_CTG1,ENSG00000204688
ENSG00000234280,TSBP1,HSCHR6_MHC_COX_CTG1,ENSG00000204296
ENSG00000235132,OR2H1,HSCHR6_MHC_COX_CTG1,ENSG00000204688
ENSG00000236672,TSBP1,HSCHR6_MHC_APD_CTG1,ENSG00000204296
ENSG00000237881,TSBP1,HSCHR6_MHC_MCF_CTG1,ENSG00000204296
ENSG00000257215,,HSCHR6_MHC_MANN_CTG1,ENSG00000283599
ENSG00000258002,,HSCHR6_MHC_MCF_CTG1,ENSG00000283599
ENSG00000258543,,HSCHR6_MHC_MANN_CTG1,ENSG00000283599
ENSG00000258589,,HSCHR6_MHC_DBB_CTG1,ENSG00000283599
ENSG00000262731,,HSCHR17_4_CTG4,ENSG00000283599
ENSG00000262748,,HSCHR17_1_CTG4,ENSG00000283599
ENSG00000266286,,HSCHR17_4_CTG4,ENSG00000283599
ENSG00000267635,,HSCHR17_5_CTG4,ENSG00000283599
ENSG00000267954,,HSCHR22_1_CTG7,ENSG00000283599
ENSG00000269167,,HSCHR6_MHC_DBB_CTG1,ENSG00000283599
ENSG00000269823,,HSCHR1_1_CTG31,ENSG00000283599
ENSG00000273651,GOLGA8G,HSCHR15_1_CTG8,ENSG00000183629
ENSG00000273807,,HSCHR16_1_CTG1,ENSG00000283599
ENSG00000274063,,HSCHR6_MHC_COX_CTG1,ENSG00000283599
ENSG00000274174,NLRP7,HSCHR19LRC_COX2_CTG3_1,ENSG00000167634
ENSG00000274283,,HSCHR19KIR_GRC212_AB_HAP_CTG3_1,ENSG00000283599
ENSG00000274332,LRRC37A2,HSCHR17_1_CTG5,ENSG00000238083
ENSG00000274412,,HSCHR19LRC_LRC_I_CTG3_1,ENSG00000283599
ENSG00000274465,,HSCHR19KIR_FH05_B_HAP_CTG3_1,ENSG00000283599
ENSG00000274571,NLRP7,HSCHR19_4_CTG3_1,ENSG00000167634
ENSG00000274700,,HSCHR15_1_CTG8,ENSG00000283599
ENSG00000274733,,HSCHR6_MHC_MCF_CTG1,ENSG00000283599
ENSG00000274971,,HSCHR19KIR_GRC212_BA1_HAP_CTG3_1,ENSG00000283599
ENSG00000275009,GOLGA6L1,HSCHR15_1_CTG3,ENSG00000273976
ENSG00000275013,PRAME,HSCHR22_1_CTG3,ENSG00000185686
ENSG00000275037,,HSCHR19KIR_FH15_B_HAP_CTG3_1,ENSG00000283599
ENSG00000275049,,HSCHR15_5_CTG8,ENSG00000283599
ENSG00000275051,PIWIL1,HSCHR12_5_CTG2_1,ENSG00000125207
ENSG00000275368,DYNLT2,HSCHR6_1_CTG4,ENSG00000184786
ENSG00000275407,,HSCHR19KIR_FH13_BA2_HAP_CTG3_1,ENSG00000283599
ENSG00000275428,,HSCHR12_4_CTG2,ENSG00000283599
ENSG00000275436,,HSCHR19KIR_G248_BA2_HAP_CTG3_1,ENSG00000283599
ENSG00000275483,NLRP7,HSCHR19LRC_PGF2_CTG3_1,ENSG00000167634
ENSG00000275500,,HSCHR19KIR_FH05_B_HAP_CTG3_1,ENSG00000283599
ENSG00000275546,,HSCHR19KIR_G085_BA1_HAP_CTG3_1,ENSG00000283599
ENSG00000275583,,HSCHR19LRC_LRC_I_CTG3_1,ENSG00000283599
ENSG00000275594,ADAM32,HSCHR8_9_CTG1,ENSG00000197140
ENSG00000275606,,HSCHR6_MHC_DBB_CTG1,ENSG00000283599
ENSG00000275608,,HSCHR19KIR_LUCE_BDEL_HAP_CTG3_1,ENSG00000283599
ENSG00000275821,LLCFC1,HSCHR7_2_CTG6,ENSG00000165131
ENSG00000275865,SPACA7,HSCHR13_1_CTG1,ENSG00000153498
ENSG00000275914,,HSCHR19KIR_G248_BA2_HAP_CTG3_1,ENSG00000283599
ENSG00000275921,,HSCHR19LRC_LRC_J_CTG3_1,ENSG00000283599
ENSG00000275937,,HSCHR19KIR_FH05_B_HAP_CTG3_1,ENSG00000283599
ENSG00000275946,,HSCHR19KIR_FH13_BA2_HAP_CTG3_1,ENSG00000283599
ENSG00000275949,,HSCHR17_1_CTG5,ENSG00000283599
ENSG00000275960,,HSCHR19LRC_PGF2_CTG3_1,ENSG00000283599
ENSG00000276011,,HSCHR19KIR_FH05_B_HAP_CTG3_1,ENSG00000283599
ENSG00000276253,,HSCHR15_4_CTG8,ENSG00000283599
ENSG00000276286,ADAM2,HSCHR8_9_CTG1,ENSG00000104755
ENSG00000276498,,HSCHR19KIR_T7526_BDEL_HAP_CTG3_1,ENSG00000283599
ENSG00000276534,,HSCHR19KIR_RP5_B_HAP_CTG3_1,ENSG00000283599
ENSG00000276565,,HSCHR11_1_CTG6,ENSG00000283599
ENSG00000276709,,HSCHR16_1_CTG1,ENSG00000283599
ENSG00000276731,,HSCHR19KIR_FH15_B_HAP_CTG3_1,ENSG00000283599
ENSG00000276785,PRSS58,HSCHR7_2_CTG6,ENSG00000258223
ENSG00000276804,NLRP7,HSCHR19LRC_LRC_J_CTG3_1,ENSG00000167634
ENSG00000276913,SPMAP1,HSCHR17_7_CTG4,ENSG00000275489
ENSG00000276986,HEATR9,HSCHR17_7_CTG4,ENSG00000270379
ENSG00000277005,,HSCHR17_7_CTG4,ENSG00000283599
ENSG00000277042,LYZL6,HSCHR17_7_CTG4,ENSG00000275722
ENSG00000277071,NLRP7,HSCHR19LRC_LRC_T_CTG3_1,ENSG00000167634
ENSG00000277090,GOLGA8G,HSCHR15_4_CTG8,ENSG00000183629
ENSG00000277106,SPPL2C,HSCHR17_2_CTG5,ENSG00000185294
ENSG00000277179,NLRP7,HSCHR19LRC_LRC_I_CTG3_1,ENSG00000167634
ENSG00000277221,LRRC37A2,HSCHR17_2_CTG5,ENSG00000238083
ENSG00000277251,,HSCHR19KIR_GRC212_BA1_HAP_CTG3_1,ENSG00000283599
ENSG00000277403,,HSCHR6_MHC_MANN_CTG1,ENSG00000283599
ENSG00000277725,,HSCHR19KIR_FH06_BA1_HAP_CTG3_1,ENSG00000283599
ENSG00000277776,NLRP7,HSCHR19LRC_LRC_S_CTG3_1,ENSG00000167634
ENSG00000277786,NLRP7,HSCHR19LRC_COX1_CTG3_1,ENSG00000167634
ENSG00000278082,,HSCHR14_3_CTG1,ENSG00000283599
ENSG00000278086,,HSCHR19KIR_FH15_B_HAP_CTG3_1,ENSG00000283599
ENSG00000278173,NLRP7,HSCHR19LRC_PGF1_CTG3_1,ENSG00000167634
ENSG00000278178,,HSCHR15_1_CTG1,ENSG00000283599
ENSG00000278194,SPPL2C,HSCHR17_1_CTG5,ENSG00000185294
ENSG00000278247,GOLGA6L1,HSCHR15_2_CTG3,ENSG00000273976
ENSG00000278277,,HSCHR19KIR_LUCE_BDEL_HAP_CTG3_1,ENSG00000283599
ENSG00000278401,,HSCHR22_1_CTG7,ENSG00000283599
ENSG00000278414,,HSCHR19KIR_RSH_BA2_HAP_CTG3_1,ENSG00000283599
ENSG00000278450,,HSCHR6_MHC_SSTO_CTG1,ENSG00000283599
ENSG00000278481,,HSCHR19KIR_FH15_B_HAP_CTG3_1,ENSG00000283599
ENSG00000278548,ADAM18,HSCHR8_9_CTG1,ENSG00000168619
ENSG00000278714,,HSCHR6_MHC_QBL_CTG1,ENSG00000283599
ENSG00000278731,,HSCHR19KIR_RSH_BA2_HAP_CTG3_1,ENSG00000283599
ENSG00000278749,CCDC166,HSCHR8_3_CTG7,ENSG00000255181
ENSG00000279552,ZNF729,HSCHR19_3_CTG2,ENSG00000196350
ENSG00000280514,,HSCHR5_2_CTG1_1,ENSG00000283599
ENSG00000281287,,HSCHR22_1_CTG7,ENSG00000283599
ENSG00000281310,,HSCHR22_1_CTG7,ENSG00000283599
ENSG00000281536,,HSCHR22_1_CTG3,ENSG00000283599
ENSG00000281759,,HSCHR2_2_CTG7,ENSG00000283599
ENSG00000281847,,HSCHR14_7_CTG1,ENSG00000283599
ENSG00000282017,,HSCHR7_2_CTG6,ENSG00000283599
ENSG00000282035,,HSCHR3_1_CTG1,ENSG00000283599
ENSG00000282040,,HSCHR7_2_CTG6,ENSG00000283599
ENSG00000282054,,HSCHR7_2_CTG6,ENSG00000283599
ENSG00000282074,,HSCHR16_1_CTG1,ENSG00000283599
ENSG00000282150,,HSCHR14_3_CTG1,ENSG00000283599
ENSG00000282168,,HSCHR15_6_CTG8,ENSG00000283599
ENSG00000282353,,HSCHR7_2_CTG6,ENSG00000283599
ENSG00000282401,,HSCHR14_3_CTG1,ENSG00000283599
ENSG00000282543,,HSCHR7_2_CTG6,ENSG00000283599
ENSG00000282610,,HSCHR7_2_CTG6,ENSG00000283599
ENSG00000282644,,HSCHR14_3_CTG1,ENSG00000283599
ENSG00000282676,,HSCHR12_1_CTG1,ENSG00000283599
ENSG00000282678,,HSCHR14_3_CTG1,ENSG00000283599
ENSG00000282755,,HSCHR15_5_CTG8,ENSG00000283599
ENSG00000282822,,HSCHR14_3_CTG1,ENSG00000283599
ENSG00000282841,CTAGE1,HSCHR18_5_CTG1_1,ENSG00000212710
ENSG00000283716,,HSCHR19KIR_0019-4656-B_CTG3_1,ENSG00000283599
ENSG00000283719,,HSCHR19KIR_0019-4656-B_CTG3_1,ENSG00000283599
ENSG00000283722,,HSCHR19KIR_CA04_CTG3_1,ENSG00000283599
ENSG00000283742,,HSCHR19KIR_HG2393_CTG3_1,ENSG00000283599
ENSG00000283763,,HSCHR19KIR_CA01-TB01_CTG3_1,ENSG00000283599
ENSG00000283784,,HSCHR19KIR_CA01-TB04_CTG3_1,ENSG00000283599
ENSG00000283902,,HSCHR19KIR_CA01-TB04_CTG3_1,ENSG00000283599
ENSG00000284039,,HSCHR19KIR_0019-4656-B_CTG3_1,ENSG00000283599
ENSG00000284053,,HSCHR19KIR_0019-4656-B_CTG3_1,ENSG00000283599
ENSG00000284089,,HSCHR19KIR_0019-4656-B_CTG3_1,ENSG00000283599
ENSG00000284101,,HSCHR19KIR_CA01-TB04_CTG3_1,ENSG00000283599
ENSG00000284111,,HSCHR19KIR_CA01-TB01_CTG3_1,ENSG00000283599
ENSG00000284169,,HSCHR19KIR_CA01-TB04_CTG3_1,ENSG00000283599
ENSG00000284217,,HSCHR19KIR_HG2393_CTG3_1,ENSG00000283599
ENSG00000284225,,HSCHR19KIR_HG2393_CTG3_1,ENSG00000283599
ENSG00000284298,,HSCHR4_11_CTG12,ENSG00000283599
ENSG00000284301,,HSCHR19KIR_CA01-TB04_CTG3_1,ENSG00000283599
ENSG00000284476,,HSCHR11_1_CTG1_2,ENSG00000283599
ENSG00000284511,,HSCHR19KIR_0019-4656-B_CTG3_1,ENSG00000283599
ENSG00000284555,,HSCHR19KIR_HG2396_CTG3_1,ENSG00000283599
ENSG00000284580,,HSCHR19KIR_0019-4656-B_CTG3_1,ENSG00000283599
ENSG00000284827,,HSCHR7_3_CTG4_4,ENSG00000283599
ENSG00000284912,,HSCHR7_3_CTG4_4,ENSG00000283599
ENSG00000285013,,HSCHR7_3_CTG4_4,ENSG00000283599
ENSG00000285059,,HSCHR7_3_CTG4_4,ENSG00000283599
ENSG00000285154,,HSCHR7_3_CTG4_4,ENSG00000283599
ENSG00000285362,,HSCHR7_3_CTG4_4,ENSG00000283599
ENSG00000285408,,HSCHR7_3_CTG4_4,ENSG00000283599
ENSG00000288119,,HSCHR7_3_CTG4_4,ENSG00000283599
ENSG00000288136,,HSCHR7_3_CTG4_4,ENSG00000283599
ENSG00000288148,,HSCHR15_6_CTG8,ENSG00000283599
ENSG00000288316,,HSCHR19KIR_7191059-2_CTG3_1,ENSG00000283599
ENSG00000288381,,HSCHR19KIR_0019-4656-B_CTG3_1,ENSG00000283599
ENSG00000288650,,HSCHR19KIR_CA01-TB04_CTG3_1,ENSG00000283599
ENSG00000291987,NUTM1,HSCHR15_9_CTG8,ENSG00000184507
ENSG00000292186,MAGEA3,HSCHRX_1_CTG14,ENSG00000221867
ENSG00000292187,MAGEA2B,HSCHRX_1_CTG14,ENSG00000183305
ENSG00000292189,MAGEA12,HSCHRX_1_CTG14,ENSG00000213401
ENSG00000292195,MAGEA6,HSCHRX_1_CTG14,ENSG00000197172
ENSG00000292202,,HSCHRX_3_CTG3,ENSG00000283599
ENSG00000292447,,HSCHR1_6_CTG3,ENSG00000283599
