step,segment_id,name,mortality_gain,incidence_gain,new_alleles,new_ms_peptides,new_proteoform,native_length_aa,gain_per_aa
1,ENSG00000147381:30-93,MAGEA4,0.0525398334,0.0450538515,1,1,True,9,0.0058377593
2,ENSG00000185686:35-46,PRAME,0.0223301735,0.0403245465,1,1,True,9,0.0024811304
3,XAGE1A/B:12-81,XAGE1A/XAGE1B,0.0578939457,0.0376419973,9,2,True,32,0.0018091858
4,ENSG00000170498:84-138,KISS1,0.0003386284,0.0002648198,1,1,True,9,3.76254e-05
5,ENSG00000167634:506-522,NLRP7,0.0002207792,0.0011038961,1,1,True,8,2.75974e-05
6,ENSG00000125207:0-307,PIWIL1,0.0001757812,0.0014414062,1,1,True,9,1.95312e-05
7,ENSG00000163958:142-309,ZDHHC19,5.84416e-05,5.84416e-05,1,1,True,10,5.8442e-06
8,ENSG00000117148:0-140,ACTL8,0.0002428198,0.0002506527,7,6,True,123,1.9741e-06
9,ENSG00000185686:58-71,PRAME,0.0,0.0,14,2,False,13,0.0
10,ENSG00000185686:84-111,PRAME,0.0,0.0,5,5,False,20,0.0
11,ENSG00000223601:186-366,EBLN1,0.0,0.0,2,1,True,9,0.0
12,ENSG00000135248:0-63,GARIN1B,0.0,0.0,2,1,True,9,0.0
13,ENSG00000185792:454-929,NLRP9,0.0,0.0,1,1,True,8,0.0
14,ENSG00000185888:304-326,PRSS38,0.0,0.0,1,1,True,8,0.0
15,SSX4/B:0-54,SSX4/SSX4B,0.0,0.0,1,1,True,9,0.0
16,SSX2/B:129-223,SSX2/SSX2B,0.0,0.0,1,1,True,9,0.0
17,ENSG00000122304:0-140,PRM2,0.0,0.0,1,1,True,9,0.0
18,ENSG00000106013:103-173,ANKRD7,0.0,0.0,1,1,True,9,0.0
19,ENSG00000143512:644-724,HHIPL2,0.0,0.0,1,1,True,10,0.0
20,ENSG00000227234:0-103,SPANXB1,0.0,0.0,1,3,True,50,0.0
21,ENSG00000147381:287-317,MAGEA4,0.0,0.0,0,7,False,21,0.0
22,ENSG00000147381:208-255,MAGEA4,0.0,0.0,0,8,False,29,0.0
23,CXorf49/B:422-514,CXorf49/CXorf49B,0.0,0.0,0,5,True,23,0.0
24,ENSG00000147381:101-162,MAGEA4,0.0,0.0,0,11,False,53,0.0
25,ENSG00000131721:48-183,RHOXF2,0.0,0.0,0,2,True,10,0.0
26,NY-ESO-1:70-134,CTAG1A/CTAG1B,0.0,0.0,0,7,True,43,0.0
27,ENSG00000185686:410-509,PRAME,0.0,0.0,0,13,False,82,0.0
28,ENSG00000185686:0-27,PRAME,0.0,0.0,0,2,False,14,0.0
29,ENSG00000167634:631-669,NLRP7,0.0,0.0,0,2,False,14,0.0
30,ENSG00000167634:239-267,NLRP7,0.0,0.0,0,1,False,8,0.0
31,ENSG00000155622:9-111,XAGE2,0.0,0.0,0,1,True,8,0.0
32,ENSG00000179046:0-73,TRIML2,0.0,0.0,0,1,True,8,0.0
