proteoform_key,name,raw_aa,specific_aa,specific_pieces,normal_ms_filtered_aa,normal_ms_filtered_pieces,ms_supported_pieces,ms_peptides
XAGE1A/B,XAGE1A/XAGE1B,81,73,2,73,2,1,2
ENSG00000147381,MAGEA4,317,252,8,243,8,4,27
ENSG00000185686,PRAME,509,445,7,445,7,7,56
ENSG00000234068,PAGE2,111,97,2,97,2,1,3
NY-ESO-1,CTAG1A/CTAG1B,180,72,3,72,3,1,7
ENSG00000205777,GAGE1,117,8,2,8,2,0,0
ENSG00000189064,GAGE2A,116,17,3,17,3,0,0
ENSG00000158639,PAGE5,130,116,2,116,2,1,2
ENSG00000238269,PAGE2B,111,97,2,97,2,1,3
ENSG00000274274,GAGE13,117,9,3,9,3,0,0
CGB3/5/8,CGB8,165,0,0,0,0,0,0
ENSG00000188120,DAZ1,744,0,0,0,0,0,0
ENSG00000170516,COX7B2,81,49,3,49,3,0,0
ENSG00000117148,ACTL8,366,355,2,355,2,2,17
ENSG00000007350,TKTL1,596,553,5,553,5,3,8
GAGE12C/D/E,GAGE12C/GAGE12D/GAGE12E,117,8,2,8,2,0,0
ENSG00000068985,PAGE1,146,127,3,127,3,0,0
ENSG00000224659,GAGE12J,117,9,3,9,3,0,0
ENSG00000224902,GAGE12H,117,16,2,16,2,0,0
ENSG00000204019,CT83,113,113,1,113,1,1,4
ENSG00000155622,XAGE2,111,102,1,102,1,1,1
CXorf49/B,CXorf49/CXorf49B,514,479,5,479,5,2,9
ENSG00000126752,SSX1,188,180,2,180,2,1,3
ENSG00000227234,SPANXB1,103,103,1,103,1,1,3
ENSG00000169059,VCX3A,186,12,6,12,6,0,0
SSX4/B,SSX4/SSX4B,188,180,2,180,2,2,2
ENSG00000141096,DPEP3,513,321,14,321,14,2,2
ENSG00000233803,TSPY4,314,0,0,0,0,0,0
VCY/1B,VCY/VCY1B,125,29,5,29,5,0,0
ENSG00000269586,CT45A10,189,17,3,17,3,0,0
CT45A5/6/7,CT45A7,189,0,0,0,0,0,0
SPANXA1/2,SPANXA1/SPANXA2,97,97,1,97,1,1,4
ENSG00000168757,TSPY2,308,2,2,2,2,0,0
TSPY10/3,TSPY10/TSPY3,308,0,0,0,0,0,0
ENSG00000258992,TSPY1,308,1,1,1,1,0,0
ENSG00000205642,VCX3B,246,17,11,17,11,0,0
ENSG00000167634,NLRP7,1037,685,18,685,18,7,22
ENSG00000182583,VCX,206,25,6,25,6,0,0
ENSG00000170498,KISS1,138,124,2,124,2,2,3
ENSG00000187690,EZHIP,503,487,3,487,3,0,0
SSX2/B,SSX2/SSX2B,223,207,3,207,3,3,3
ENSG00000124092,CTCFL,700,541,11,541,11,1,4
ENSG00000198759,EGFL6,554,491,7,491,7,0,0
ENSG00000198573,SPANXC,97,97,1,97,1,1,4
ENSG00000131721,RHOXF2,288,260,4,260,4,2,6
ENSG00000196406,SPANXD,97,97,1,97,1,1,4
ENSG00000238083,LRRC37A2,1700,3,3,3,3,0,0
ENSG00000204941,PSG5,428,103,18,103,18,0,0
ENSG00000143512,HHIPL2,724,554,17,554,17,1,1
ENSG00000006634,DBF4,674,642,5,642,5,4,30
ENSG00000177627,C12orf54,127,119,2,119,2,0,0
ENSG00000233056,ERVH48-1,160,160,1,160,1,1,1
ENSG00000171495,MROH2B,1585,1577,2,1577,2,2,11
ENSG00000203989,RHOXF2B,288,252,5,252,5,2,6
ENSG00000203909,DPPA5,116,116,1,116,1,0,0
ENSG00000006659,LGALS14,168,168,1,168,1,1,4
ENSG00000274183,H2AB1,115,1,1,1,1,0,0
ENSG00000171402,XAGE3,111,103,2,103,2,1,1
ENSG00000120211,INSL4,139,139,1,139,1,0,0
ENSG00000112273,HDGFL1,251,186,7,186,7,1,1
ENSG00000006047,YBX2,364,0,0,0,0,0,0
ENSG00000143452,HORMAD1,394,394,1,394,1,1,2
ENSG00000118245,TNP1,55,55,1,55,1,0,0
ENSG00000132446,FTHL17,183,163,3,163,3,1,1
ENSG00000221826,PSG3,475,174,19,174,19,0,0
ENSG00000179046,TRIML2,437,400,5,400,5,2,3
ENSG00000229549,TSPY8,308,0,0,0,0,0,0
ENSG00000215274,GAGE10,116,45,4,45,4,0,0
ENSG00000171794,UTF1,341,309,4,309,4,1,1
ENSG00000163958,ZDHHC19,309,300,2,300,2,1,1
ENSG00000170848,PSG6,435,131,17,131,17,0,0
CT45A2/8/9,CT45A2/CT45A8,189,0,0,0,0,0,0
ENSG00000261949,GFY,518,501,3,501,3,1,1
ENSG00000243130,PSG11,335,159,11,159,11,1,1
ENSG00000187191,DAZ3,438,0,0,0,0,0,0
ENSG00000124490,CRISP2,278,205,7,205,7,0,0
ENSG00000168619,ADAM18,739,723,3,723,3,1,1
ENSG00000248099,INSL3,157,132,2,132,2,0,0
HSFY1/2,HSFY2,401,0,0,0,0,0,0
ENSG00000231924,PSG1,428,123,20,123,20,0,0
ENSG00000203784,LELP1,98,98,1,98,1,0,0
ENSG00000147378,FATE1,183,183,1,173,2,0,0
ENSG00000125207,PIWIL1,861,764,10,764,10,2,3
ENSG00000137948,BRDT,947,762,16,759,16,3,5
ENSG00000159708,LRRC36,754,730,4,730,4,2,2
ENSG00000131126,TEX101,267,259,2,259,2,0,0
ENSG00000163530,DPPA2,298,276,3,276,3,0,0
ENSG00000143006,DMRTB1,342,296,4,296,4,0,0
ENSG00000137869,CYP19A1,503,503,1,503,1,1,13
ENSG00000179059,ZFP42,310,222,4,222,4,0,0
ENSG00000121101,TEX14,1497,1471,4,1471,4,1,1
ENSG00000153060,TEKT5,485,438,6,438,6,1,1
ENSG00000243978,RTL9,1388,1388,1,1388,1,1,3
ENSG00000174898,CATSPERD,798,774,4,774,4,1,2
ENSG00000168026,TTC21A,1320,1252,9,1252,9,4,11
ENSG00000092345,DAZL,315,184,11,184,11,1,1
ENSG00000183668,PSG9,426,158,17,158,17,1,1
ENSG00000197651,CCER1,406,339,4,339,4,0,0
ENSG00000164299,SPZ1,430,430,1,430,1,1,4
ENSG00000175646,PRM1,51,51,1,51,1,0,0
ENSG00000176988,FMR1NB,255,231,3,231,3,0,0
ENSG00000176566,DCAF4L2,395,274,13,274,13,1,1
ENSG00000176177,ENTHD1,607,564,4,564,4,1,3
ENSG00000104755,ADAM2,735,709,4,709,4,1,1
ENSG00000137225,CAPN11,739,590,15,589,15,2,2
ENSG00000223601,EBLN1,366,311,6,311,6,1,1
ENSG00000165584,SSX3,202,194,2,194,2,2,2
ENSG00000182459,TEX19,164,164,1,164,1,0,0
ENSG00000171405,XAGE5,108,108,1,108,1,1,1
ENSG00000165863,SPMIP5,234,0,0,0,0,0,0
ENSG00000162641,AKNAD1,836,828,2,828,2,1,1
ENSG00000234414,RBMY1A1,496,445,7,445,7,0,0
ENSG00000268964,ERVV-2,535,96,6,96,6,0,0
ENSG00000139351,SYCP3,236,236,1,236,1,1,1
ENSG00000206557,TRIM71,868,0,0,0,0,0,0
ENSG00000185792,NLRP9,991,935,8,935,8,1,1
ENSG00000102021,LUZP4,313,305,2,305,2,0,0
ENSG00000126856,PRDM7,492,161,12,161,12,0,0
ENSG00000236446,CT47B1,299,0,0,0,0,0,0
ENSG00000166049,PASD1,773,730,6,730,6,3,11
ENSG00000185888,PRSS38,326,268,7,268,7,1,1
ENSG00000105198,LGALS13,139,139,1,139,1,1,1
ENSG00000135248,GARIN1B,344,289,6,289,6,2,2
ENSG00000122304,PRM2,140,140,1,140,1,1,1
ENSG00000182308,DCAF4L1,396,242,13,242,13,1,1
ENSG00000170965,PLAC1,212,212,1,212,1,1,2
ENSG00000165805,C12orf50,414,406,2,406,2,1,1
ENSG00000205442,IZUMO3,239,223,3,223,3,0,0
ENSG00000124467,PSG8,426,104,20,104,20,0,0
ENSG00000111254,AKAP3,853,820,5,820,5,1,3
ENSG00000106013,ANKRD7,263,226,5,226,5,1,1
ENSG00000140932,CMTM2,248,230,3,230,3,0,0
ENSG00000213218,CSH2,217,0,0,0,0,0,0
ENSG00000176256,HMGB4,186,178,2,178,2,0,0
ENSG00000010318,PHF7,381,371,2,371,2,0,0
ENSG00000163206,SMCP,116,116,1,116,1,0,0
ENSG00000163467,TSACC,125,125,1,125,1,0,0
