axis,step,burden_category,lower,upper,missing_proteins,world_mortality_pct,world_incidence_pct
protein,0,lung,0.0,0.0,0,18.7,12.4
protein,0,colorectal,0.0,0.0,0,9.3,9.6
protein,0,liver,0.0,0.0,0,7.8,4.3
protein,0,breast,0.0,0.0,0,6.9,11.6
protein,0,stomach,0.0,0.0,0,6.8,4.9
protein,0,pancreas,0.0,0.0,0,4.8,4.1
protein,0,esophagus,0.0,0.0,0,4.6,4.6
protein,0,head_and_neck,0.0,0.0,0,4.5,5.0
protein,0,prostate,0.0,0.0,0,4.1,7.3
protein,0,cervix,0.0,0.0,0,3.6,3.3
protein,0,bladder,0.0,0.0,0,2.0,3.0
protein,0,kidney,0.0,0.0,0,1.8,2.5
protein,0,melanoma,0.0,0.0,0,0.6,1.7
protein,0,ovary,0.0,0.0,0,2.1,1.6
protein,0,uterus_endometrium,0.0,0.0,0,1.0,2.2
protein,0,thyroid,0.0,0.0,0,0.5,4.1
protein,0,brain_cns,0.0,0.0,0,2.5,1.6
protein,0,non_hodgkin_lymphoma,0.0,0.0,0,2.5,2.8
protein,0,leukemia_AML,0.0,0.0,0,1.5,0.9
protein,0,mesothelioma,0.0,0.0,0,0.2,0.1
protein,0,testicular_germ_cell,0.0,0.0,0,0.1,0.5
protein,0,adrenal,0.0,0.0,0,0.05,0.05
protein,1,lung,0.3662388944,0.3662388944,0,18.7,12.4
protein,1,colorectal,0.0052219321,0.0052219321,0,9.3,9.6
protein,1,liver,0.2364130435,0.2364130435,0,7.8,4.3
protein,1,breast,0.0318761384,0.0318761384,0,6.9,11.6
protein,1,stomach,0.0217917676,0.0217917676,0,6.8,4.9
protein,1,pancreas,0.0,0.0,0,4.8,4.1
protein,1,esophagus,0.0164835165,0.0164835165,0,4.6,4.6
protein,1,head_and_neck,0.0230769231,0.0230769231,0,4.5,5.0
protein,1,prostate,0.0201612903,0.0201612903,0,4.1,7.3
protein,1,cervix,0.0098039216,0.0098039216,0,3.6,3.3
protein,1,bladder,0.0810810811,0.0810810811,0,2.0,3.0
protein,1,kidney,0.0090293454,0.0090293454,0,1.8,2.5
protein,1,melanoma,0.2835820896,0.2835820896,0,0.6,1.7
protein,1,ovary,0.0211267606,0.0211267606,0,2.1,1.6
protein,1,uterus_endometrium,0.044198895,0.044198895,0,1.0,2.2
protein,1,thyroid,0.001953125,0.001953125,0,0.5,4.1
protein,1,brain_cns,0.0,0.0,0,2.5,1.6
protein,1,non_hodgkin_lymphoma,0.0,0.0,0,2.5,2.8
protein,1,leukemia_AML,0.0404624277,0.0404624277,0,1.5,0.9
protein,1,mesothelioma,0.0114942529,0.0114942529,0,0.2,0.1
protein,1,testicular_germ_cell,0.2077922078,0.2077922078,0,0.1,0.5
protein,1,adrenal,0.0519480519,0.0519480519,0,0.05,0.05
protein,2,lung,0.3662388944,0.5231984206,0,18.7,12.4
protein,2,colorectal,0.0052219321,0.0052219321,0,9.3,9.6
protein,2,liver,0.2364130435,0.2418478261,0,7.8,4.3
protein,2,breast,0.0318761384,0.05009107459999999,0,6.9,11.6
protein,2,stomach,0.0677966102,0.0895883778,0,6.8,4.9
protein,2,pancreas,0.0,0.0,0,4.8,4.1
protein,2,esophagus,0.0989010989,0.1153846154,0,4.6,4.6
protein,2,head_and_neck,0.1557692308,0.1788461539,0,4.5,5.0
protein,2,prostate,0.0201612903,0.0221774193,0,4.1,7.3
protein,2,cervix,0.045751634,0.0555555556,0,3.6,3.3
protein,2,bladder,0.0810810811,0.1572481573,0,2.0,3.0
protein,2,kidney,0.0090293454,0.0090293454,0,1.8,2.5
protein,2,melanoma,0.2835820896,0.39019189769999996,0,0.6,1.7
protein,2,ovary,0.0305164319,0.051643192500000004,0,2.1,1.6
protein,2,uterus_endometrium,0.044198895,0.0662983425,0,1.0,2.2
protein,2,thyroid,0.001953125,0.001953125,0,0.5,4.1
protein,2,brain_cns,0.0,0.0,0,2.5,1.6
protein,2,non_hodgkin_lymphoma,0.0212765957,0.0212765957,0,2.5,2.8
protein,2,leukemia_AML,0.0404624277,0.0404624277,0,1.5,0.9
protein,2,mesothelioma,0.0114942529,0.0114942529,0,0.2,0.1
protein,2,testicular_germ_cell,0.2077922078,0.2597402597,0,0.1,0.5
protein,2,adrenal,0.0519480519,0.0519480519,0,0.05,0.05
protein,3,lung,0.3662388944,0.6150049359,0,18.7,12.4
protein,3,colorectal,0.0052219321,0.0052219321,0,9.3,9.6
protein,3,liver,0.2364130435,0.2554347826,0,7.8,4.3
protein,3,breast,0.0637522769,0.1138433515,0,6.9,11.6
protein,3,stomach,0.0677966102,0.11380145289999999,0,6.8,4.9
protein,3,pancreas,0.0,0.0,0,4.8,4.1
protein,3,esophagus,0.0989010989,0.1538461539,0,4.6,4.6
protein,3,head_and_neck,0.1557692308,0.1980769231,0,4.5,5.0
protein,3,prostate,0.0201612903,0.0221774193,0,4.1,7.3
protein,3,cervix,0.045751634,0.0882352942,0,3.6,3.3
protein,3,bladder,0.0810810811,0.1842751843,0,2.0,3.0
protein,3,kidney,0.0090293454,0.0158013544,0,1.8,2.5
protein,3,melanoma,0.8656716418,1.0,0,0.6,1.7
protein,3,ovary,0.2746478873,0.3262910798,0,2.1,1.6
protein,3,uterus_endometrium,0.7071823204,0.7734806629,0,1.0,2.2
protein,3,thyroid,0.001953125,0.001953125,0,0.5,4.1
protein,3,brain_cns,0.0072674419,0.0072674419,0,2.5,1.6
protein,3,non_hodgkin_lymphoma,0.0212765957,0.0425531914,0,2.5,2.8
protein,3,leukemia_AML,0.0867052023,0.12716763,0,1.5,0.9
protein,3,mesothelioma,0.0229885057,0.034482758599999996,0,0.2,0.1
protein,3,testicular_germ_cell,0.3896103896,0.6493506493,0,0.1,0.5
protein,3,adrenal,0.0649350649,0.1168831168,0,0.05,0.05
protein,4,lung,0.3662388944,0.6584402765,0,18.7,12.4
protein,4,colorectal,0.0052219321,0.0078328982,0,9.3,9.6
protein,4,liver,0.2364130435,0.2690217391,0,7.8,4.3
protein,4,breast,0.0637522769,0.1311475409,0,6.9,11.6
protein,4,stomach,0.0677966102,0.1452784505,0,6.8,4.9
protein,4,pancreas,0.0,0.0,0,4.8,4.1
protein,4,esophagus,0.0989010989,0.1703296704,0,4.6,4.6
protein,4,head_and_neck,0.1557692308,0.2211538462,0,4.5,5.0
protein,4,prostate,0.0201612903,0.0262096774,0,4.1,7.3
protein,4,cervix,0.045751634,0.0882352942,0,3.6,3.3
protein,4,bladder,0.0810810811,0.257985258,0,2.0,3.0
protein,4,kidney,0.0090293454,0.018058690699999998,0,1.8,2.5
protein,4,melanoma,0.8656716418,1.0,0,0.6,1.7
protein,4,ovary,0.2746478873,0.3896713615,0,2.1,1.6
protein,4,uterus_endometrium,0.7071823204,0.8121546959999999,0,1.0,2.2
protein,4,thyroid,0.001953125,0.001953125,0,0.5,4.1
protein,4,brain_cns,0.0072674419,0.0072674419,0,2.5,1.6
protein,4,non_hodgkin_lymphoma,0.0212765957,0.06382978710000001,0,2.5,2.8
protein,4,leukemia_AML,0.0867052023,0.12716763,0,1.5,0.9
protein,4,mesothelioma,0.0229885057,0.034482758599999996,0,0.2,0.1
protein,4,testicular_germ_cell,0.3896103896,0.6558441558,0,0.1,0.5
protein,4,adrenal,0.0649350649,0.1168831168,0,0.05,0.05
protein,5,lung,0.3662388944,0.6604146102,0,18.7,12.4
protein,5,colorectal,0.0078328982,0.0156657964,0,9.3,9.6
protein,5,liver,0.2364130435,0.2744565217,0,7.8,4.3
protein,5,breast,0.0637522769,0.1438979963,0,6.9,11.6
protein,5,stomach,0.0677966102,0.1670702181,0,6.8,4.9
protein,5,pancreas,0.0,0.0,0,4.8,4.1
protein,5,esophagus,0.0989010989,0.2032967034,0,4.6,4.6
protein,5,head_and_neck,0.1557692308,0.226923077,0,4.5,5.0
protein,5,prostate,0.0201612903,0.0262096774,0,4.1,7.3
protein,5,cervix,0.045751634,0.1078431373,0,3.6,3.3
protein,5,bladder,0.0810810811,0.257985258,0,2.0,3.0
protein,5,kidney,0.0090293454,0.018058690699999998,0,1.8,2.5
protein,5,melanoma,0.8656716418,1.0,0,0.6,1.7
protein,5,ovary,0.2746478873,0.3920187793,0,2.1,1.6
protein,5,uterus_endometrium,0.7071823204,0.8121546959999999,0,1.0,2.2
protein,5,thyroid,0.001953125,0.001953125,0,0.5,4.1
protein,5,brain_cns,0.0072674419,0.0072674419,0,2.5,1.6
protein,5,non_hodgkin_lymphoma,0.0212765957,0.06382978710000001,0,2.5,2.8
protein,5,leukemia_AML,0.0867052023,0.12716763,0,1.5,0.9
protein,5,mesothelioma,0.0229885057,0.034482758599999996,0,0.2,0.1
protein,5,testicular_germ_cell,0.3896103896,0.6558441558,0,0.1,0.5
protein,5,adrenal,0.0649350649,0.1168831168,0,0.05,0.05
protein,6,lung,0.3662388944,0.661401777,0,18.7,12.4
protein,6,colorectal,0.0078328982,0.0182767625,0,9.3,9.6
protein,6,liver,0.2364130435,0.2744565217,0,7.8,4.3
protein,6,breast,0.0637522769,0.1566484517,0,6.9,11.6
protein,6,stomach,0.0677966102,0.1767554481,0,6.8,4.9
protein,6,pancreas,0.0,0.0,0,4.8,4.1
protein,6,esophagus,0.0989010989,0.2142857144,0,4.6,4.6
protein,6,head_and_neck,0.1557692308,0.2365384616,0,4.5,5.0
protein,6,prostate,0.0201612903,0.0262096774,0,4.1,7.3
protein,6,cervix,0.045751634,0.1176470589,0,3.6,3.3
protein,6,bladder,0.0810810811,0.2800982801,0,2.0,3.0
protein,6,kidney,0.0090293454,0.018058690699999998,0,1.8,2.5
protein,6,melanoma,0.8656716418,1.0,0,0.6,1.7
protein,6,ovary,0.2746478873,0.40140845070000003,0,2.1,1.6
protein,6,uterus_endometrium,0.7071823204,0.8176795578999999,0,1.0,2.2
protein,6,thyroid,0.001953125,0.001953125,0,0.5,4.1
protein,6,brain_cns,0.0072674419,0.0072674419,0,2.5,1.6
protein,6,non_hodgkin_lymphoma,0.0212765957,0.06382978710000001,0,2.5,2.8
protein,6,leukemia_AML,0.0867052023,0.12716763,0,1.5,0.9
protein,6,mesothelioma,0.0229885057,0.034482758599999996,0,0.2,0.1
protein,6,testicular_germ_cell,0.3896103896,0.6558441558,0,0.1,0.5
protein,6,adrenal,0.0649350649,0.1168831168,0,0.05,0.05
protein,7,lung,0.3662388944,0.6702862785,0,18.7,12.4
protein,7,colorectal,0.0078328982,0.0182767625,0,9.3,9.6
protein,7,liver,0.2364130435,0.2744565217,0,7.8,4.3
protein,7,breast,0.0637522769,0.1630236794,0,6.9,11.6
protein,7,stomach,0.0677966102,0.1767554481,0,6.8,4.9
protein,7,pancreas,0.0,0.0,0,4.8,4.1
protein,7,esophagus,0.0989010989,0.2307692309,0,4.6,4.6
protein,7,head_and_neck,0.1557692308,0.24423076929999998,0,4.5,5.0
protein,7,prostate,0.0201612903,0.0262096774,0,4.1,7.3
protein,7,cervix,0.045751634,0.1209150328,0,3.6,3.3
protein,7,bladder,0.0810810811,0.2874692875,0,2.0,3.0
protein,7,kidney,0.0090293454,0.0191873589,0,1.8,2.5
protein,7,melanoma,0.8656716418,1.0,0,0.6,1.7
protein,7,ovary,0.2746478873,0.40140845070000003,0,2.1,1.6
protein,7,uterus_endometrium,0.7071823204,0.8176795578999999,0,1.0,2.2
protein,7,thyroid,0.001953125,0.001953125,0,0.5,4.1
protein,7,brain_cns,0.0072674419,0.0072674419,0,2.5,1.6
protein,7,non_hodgkin_lymphoma,0.0212765957,0.06382978710000001,0,2.5,2.8
protein,7,leukemia_AML,0.0867052023,0.12716763,0,1.5,0.9
protein,7,mesothelioma,0.0229885057,0.0459770115,0,0.2,0.1
protein,7,testicular_germ_cell,0.3896103896,0.6558441558,0,0.1,0.5
protein,7,adrenal,0.0649350649,0.1168831168,0,0.05,0.05
protein,8,lung,0.3662388944,0.6722606122,0,18.7,12.4
protein,8,colorectal,0.0078328982,0.0182767625,0,9.3,9.6
protein,8,liver,0.2364130435,0.2880434782,0,7.8,4.3
protein,8,breast,0.0637522769,0.1630236794,0,6.9,11.6
protein,8,stomach,0.0677966102,0.1864406781,0,6.8,4.9
protein,8,pancreas,0.0,0.0,0,4.8,4.1
protein,8,esophagus,0.0989010989,0.2417582419,0,4.6,4.6
protein,8,head_and_neck,0.1557692308,0.24423076929999998,0,4.5,5.0
protein,8,prostate,0.0201612903,0.0262096774,0,4.1,7.3
protein,8,cervix,0.045751634,0.1209150328,0,3.6,3.3
protein,8,bladder,0.0810810811,0.2874692875,0,2.0,3.0
protein,8,kidney,0.0090293454,0.0191873589,0,1.8,2.5
protein,8,melanoma,0.8656716418,1.0,0,0.6,1.7
protein,8,ovary,0.2746478873,0.4248826291,0,2.1,1.6
protein,8,uterus_endometrium,0.7071823204,0.8287292816999999,0,1.0,2.2
protein,8,thyroid,0.001953125,0.001953125,0,0.5,4.1
protein,8,brain_cns,0.0072674419,0.0072674419,0,2.5,1.6
protein,8,non_hodgkin_lymphoma,0.0212765957,0.06382978710000001,0,2.5,2.8
protein,8,leukemia_AML,0.0867052023,0.12716763,0,1.5,0.9
protein,8,mesothelioma,0.0229885057,0.0459770115,0,0.2,0.1
protein,8,testicular_germ_cell,0.3896103896,0.6558441558,0,0.1,0.5
protein,8,adrenal,0.0649350649,0.1168831168,0,0.05,0.05
protein,9,lung,0.3662388944,0.6722606122,0,18.7,12.4
protein,9,colorectal,0.0078328982,0.0182767625,0,9.3,9.6
protein,9,liver,0.2364130435,0.2880434782,0,7.8,4.3
protein,9,breast,0.0637522769,0.1630236794,0,6.9,11.6
protein,9,stomach,0.0677966102,0.1912832931,0,6.8,4.9
protein,9,pancreas,0.0,0.0,0,4.8,4.1
protein,9,esophagus,0.0989010989,0.2417582419,0,4.6,4.6
protein,9,head_and_neck,0.1557692308,0.24423076929999998,0,4.5,5.0
protein,9,prostate,0.0201612903,0.0262096774,0,4.1,7.3
protein,9,cervix,0.045751634,0.1339869282,0,3.6,3.3
protein,9,bladder,0.0810810811,0.2923832924,0,2.0,3.0
protein,9,kidney,0.0090293454,0.0191873589,0,1.8,2.5
protein,9,melanoma,0.8656716418,1.0,0,0.6,1.7
protein,9,ovary,0.2746478873,0.42957746480000003,0,2.1,1.6
protein,9,uterus_endometrium,0.7071823204,0.8287292816999999,0,1.0,2.2
protein,9,thyroid,0.001953125,0.001953125,0,0.5,4.1
protein,9,brain_cns,0.0072674419,0.0072674419,0,2.5,1.6
protein,9,non_hodgkin_lymphoma,0.0212765957,0.06382978710000001,0,2.5,2.8
protein,9,leukemia_AML,0.0867052023,0.12716763,0,1.5,0.9
protein,9,mesothelioma,0.0229885057,0.0459770115,0,0.2,0.1
protein,9,testicular_germ_cell,0.6103896104,1.0,0,0.1,0.5
protein,9,adrenal,0.0649350649,0.1168831168,0,0.05,0.05
protein,10,lung,0.3662388944,0.673247779,0,18.7,12.4
protein,10,colorectal,0.0078328982,0.0182767625,0,9.3,9.6
protein,10,liver,0.2364130435,0.2934782608,0,7.8,4.3
protein,10,breast,0.0637522769,0.1630236794,0,6.9,11.6
protein,10,stomach,0.0677966102,0.1912832931,0,6.8,4.9
protein,10,pancreas,0.0056179775,0.0056179775,0,4.8,4.1
protein,10,esophagus,0.0989010989,0.2417582419,0,4.6,4.6
protein,10,head_and_neck,0.1557692308,0.2461538462,0,4.5,5.0
protein,10,prostate,0.0201612903,0.0262096774,0,4.1,7.3
protein,10,cervix,0.045751634,0.1339869282,0,3.6,3.3
protein,10,bladder,0.0810810811,0.3095823096,0,2.0,3.0
protein,10,kidney,0.0090293454,0.020316027099999998,0,1.8,2.5
protein,10,melanoma,0.8656716418,1.0,0,0.6,1.7
protein,10,ovary,0.2746478873,0.42957746480000003,0,2.1,1.6
protein,10,uterus_endometrium,0.7071823204,0.8342541435999999,0,1.0,2.2
protein,10,thyroid,0.001953125,0.001953125,0,0.5,4.1
protein,10,brain_cns,0.0072674419,0.0087209303,0,2.5,1.6
protein,10,non_hodgkin_lymphoma,0.0212765957,0.06382978710000001,0,2.5,2.8
protein,10,leukemia_AML,0.0867052023,0.12716763,0,1.5,0.9
protein,10,mesothelioma,0.0574712644,0.1034482759,0,0.2,0.1
protein,10,testicular_germ_cell,0.6103896104,1.0,0,0.1,0.5
protein,10,adrenal,0.0649350649,0.1168831168,0,0.05,0.05
protein,11,lung,0.3662388944,0.6742349458,0,18.7,12.4
protein,11,colorectal,0.0078328982,0.0182767625,0,9.3,9.6
protein,11,liver,0.2364130435,0.2989130434,0,7.8,4.3
protein,11,breast,0.0637522769,0.1630236794,0,6.9,11.6
protein,11,stomach,0.0677966102,0.1961259081,0,6.8,4.9
protein,11,pancreas,0.0056179775,0.0056179775,0,4.8,4.1
protein,11,esophagus,0.0989010989,0.2417582419,0,4.6,4.6
protein,11,head_and_neck,0.1557692308,0.2461538462,0,4.5,5.0
protein,11,prostate,0.0201612903,0.0262096774,0,4.1,7.3
protein,11,cervix,0.045751634,0.1339869282,0,3.6,3.3
protein,11,bladder,0.0810810811,0.3194103194,0,2.0,3.0
protein,11,kidney,0.0090293454,0.0214446953,0,1.8,2.5
protein,11,melanoma,0.8656716418,1.0,0,0.6,1.7
protein,11,ovary,0.2746478873,0.4366197183,0,2.1,1.6
protein,11,uterus_endometrium,0.7071823204,0.8397790055,0,1.0,2.2
protein,11,thyroid,0.001953125,0.001953125,0,0.5,4.1
protein,11,brain_cns,0.0072674419,0.0087209303,0,2.5,1.6
protein,11,non_hodgkin_lymphoma,0.0212765957,0.06382978710000001,0,2.5,2.8
protein,11,leukemia_AML,0.0867052023,0.12716763,0,1.5,0.9
protein,11,mesothelioma,0.0574712644,0.1034482759,0,0.2,0.1
protein,11,testicular_germ_cell,0.6103896104,1.0,0,0.1,0.5
protein,11,adrenal,0.0649350649,0.1168831168,0,0.05,0.05
protein,12,lung,0.3662388944,0.6742349458,0,18.7,12.4
protein,12,colorectal,0.0078328982,0.0182767625,0,9.3,9.6
protein,12,liver,0.2364130435,0.304347826,0,7.8,4.3
protein,12,breast,0.0637522769,0.1630236794,0,6.9,11.6
protein,12,stomach,0.0677966102,0.2033898306,0,6.8,4.9
protein,12,pancreas,0.0056179775,0.0056179775,0,4.8,4.1
protein,12,esophagus,0.0989010989,0.2472527474,0,4.6,4.6
protein,12,head_and_neck,0.1557692308,0.2461538462,0,4.5,5.0
protein,12,prostate,0.0201612903,0.0262096774,0,4.1,7.3
protein,12,cervix,0.045751634,0.1339869282,0,3.6,3.3
protein,12,bladder,0.0810810811,0.3194103194,0,2.0,3.0
protein,12,kidney,0.0090293454,0.0214446953,0,1.8,2.5
protein,12,melanoma,0.8656716418,1.0,0,0.6,1.7
protein,12,ovary,0.2746478873,0.4366197183,0,2.1,1.6
protein,12,uterus_endometrium,0.7071823204,0.8453038674,0,1.0,2.2
protein,12,thyroid,0.001953125,0.001953125,0,0.5,4.1
protein,12,brain_cns,0.0072674419,0.0087209303,0,2.5,1.6
protein,12,non_hodgkin_lymphoma,0.0212765957,0.06382978710000001,0,2.5,2.8
protein,12,leukemia_AML,0.0867052023,0.12716763,0,1.5,0.9
protein,12,mesothelioma,0.0574712644,0.1034482759,0,0.2,0.1
protein,12,testicular_germ_cell,0.6103896104,1.0,0,0.1,0.5
protein,12,adrenal,0.0649350649,0.1168831168,0,0.05,0.05
protein,13,lung,0.3662388944,0.6762092795,0,18.7,12.4
protein,13,colorectal,0.0078328982,0.0182767625,0,9.3,9.6
protein,13,liver,0.2364130435,0.3124999999,0,7.8,4.3
protein,13,breast,0.0637522769,0.16393442619999998,0,6.9,11.6
protein,13,stomach,0.0677966102,0.2033898306,0,6.8,4.9
protein,13,pancreas,0.0056179775,0.0056179775,0,4.8,4.1
protein,13,esophagus,0.0989010989,0.2472527474,0,4.6,4.6
protein,13,head_and_neck,0.1557692308,0.2461538462,0,4.5,5.0
protein,13,prostate,0.0201612903,0.0262096774,0,4.1,7.3
protein,13,cervix,0.045751634,0.1339869282,0,3.6,3.3
protein,13,bladder,0.0810810811,0.3194103194,0,2.0,3.0
protein,13,kidney,0.0090293454,0.0214446953,0,1.8,2.5
protein,13,melanoma,0.8656716418,1.0,0,0.6,1.7
protein,13,ovary,0.2746478873,0.4366197183,0,2.1,1.6
protein,13,uterus_endometrium,0.7071823204,0.8453038674,0,1.0,2.2
protein,13,thyroid,0.00390625,0.005859375,0,0.5,4.1
protein,13,brain_cns,0.0072674419,0.0087209303,0,2.5,1.6
protein,13,non_hodgkin_lymphoma,0.0212765957,0.06382978710000001,0,2.5,2.8
protein,13,leukemia_AML,0.0867052023,0.12716763,0,1.5,0.9
protein,13,mesothelioma,0.0574712644,0.1034482759,0,0.2,0.1
protein,13,testicular_germ_cell,0.6103896104,1.0,0,0.1,0.5
protein,13,adrenal,0.0649350649,0.1168831168,0,0.05,0.05
protein,14,lung,0.3662388944,0.6762092795,0,18.7,12.4
protein,14,colorectal,0.0078328982,0.0182767625,0,9.3,9.6
protein,14,liver,0.2364130435,0.31521739120000003,0,7.8,4.3
protein,14,breast,0.0637522769,0.16393442619999998,0,6.9,11.6
protein,14,stomach,0.0677966102,0.2033898306,0,6.8,4.9
protein,14,pancreas,0.0056179775,0.0056179775,0,4.8,4.1
protein,14,esophagus,0.0989010989,0.2472527474,0,4.6,4.6
protein,14,head_and_neck,0.1557692308,0.2461538462,0,4.5,5.0
protein,14,prostate,0.0201612903,0.0262096774,0,4.1,7.3
protein,14,cervix,0.045751634,0.1339869282,0,3.6,3.3
protein,14,bladder,0.0810810811,0.3194103194,0,2.0,3.0
protein,14,kidney,0.0090293454,0.0214446953,0,1.8,2.5
protein,14,melanoma,0.8656716418,1.0,0,0.6,1.7
protein,14,ovary,0.2746478873,0.4366197183,0,2.1,1.6
protein,14,uterus_endometrium,0.7071823204,0.8453038674,0,1.0,2.2
protein,14,thyroid,0.00390625,0.005859375,0,0.5,4.1
protein,14,brain_cns,0.0072674419,0.0087209303,0,2.5,1.6
protein,14,non_hodgkin_lymphoma,0.0212765957,0.06382978710000001,0,2.5,2.8
protein,14,leukemia_AML,0.0867052023,0.12716763,0,1.5,0.9
protein,14,mesothelioma,0.0574712644,0.1034482759,0,0.2,0.1
protein,14,testicular_germ_cell,0.6103896104,1.0,0,0.1,0.5
protein,14,adrenal,0.1818181818,0.2987012986,0,0.05,0.05
protein,15,lung,0.3662388944,0.6762092795,0,18.7,12.4
protein,15,colorectal,0.0078328982,0.0182767625,0,9.3,9.6
protein,15,liver,0.2364130435,0.31521739120000003,0,7.8,4.3
protein,15,breast,0.0637522769,0.16393442619999998,0,6.9,11.6
protein,15,stomach,0.0677966102,0.2033898306,0,6.8,4.9
protein,15,pancreas,0.0056179775,0.0056179775,0,4.8,4.1
protein,15,esophagus,0.0989010989,0.2472527474,0,4.6,4.6
protein,15,head_and_neck,0.1557692308,0.2461538462,0,4.5,5.0
protein,15,prostate,0.0201612903,0.0262096774,0,4.1,7.3
protein,15,cervix,0.045751634,0.1339869282,0,3.6,3.3
protein,15,bladder,0.0810810811,0.3194103194,0,2.0,3.0
protein,15,kidney,0.0090293454,0.0214446953,0,1.8,2.5
protein,15,melanoma,0.8656716418,1.0,0,0.6,1.7
protein,15,ovary,0.2746478873,0.4366197183,0,2.1,1.6
protein,15,uterus_endometrium,0.7071823204,0.8453038674,0,1.0,2.2
protein,15,thyroid,0.037109375,0.04296875,0,0.5,4.1
protein,15,brain_cns,0.0072674419,0.0087209303,0,2.5,1.6
protein,15,non_hodgkin_lymphoma,0.0212765957,0.06382978710000001,0,2.5,2.8
protein,15,leukemia_AML,0.0867052023,0.12716763,0,1.5,0.9
protein,15,mesothelioma,0.0574712644,0.1034482759,0,0.2,0.1
protein,15,testicular_germ_cell,0.6103896104,1.0,0,0.1,0.5
protein,15,adrenal,0.1818181818,0.2987012986,0,0.05,0.05
protein,16,lung,0.3662388944,0.6762092795,0,18.7,12.4
protein,16,colorectal,0.0078328982,0.0182767625,0,9.3,9.6
protein,16,liver,0.2364130435,0.31521739120000003,0,7.8,4.3
protein,16,breast,0.0637522769,0.16393442619999998,0,6.9,11.6
protein,16,stomach,0.0677966102,0.2033898306,0,6.8,4.9
protein,16,pancreas,0.0056179775,0.0056179775,0,4.8,4.1
protein,16,esophagus,0.0989010989,0.2472527474,0,4.6,4.6
protein,16,head_and_neck,0.1557692308,0.2461538462,0,4.5,5.0
protein,16,prostate,0.0201612903,0.028225806399999998,0,4.1,7.3
protein,16,cervix,0.045751634,0.1339869282,0,3.6,3.3
protein,16,bladder,0.0810810811,0.3194103194,0,2.0,3.0
protein,16,kidney,0.0090293454,0.0214446953,0,1.8,2.5
protein,16,melanoma,0.8656716418,1.0,0,0.6,1.7
protein,16,ovary,0.2746478873,0.4366197183,0,2.1,1.6
protein,16,uterus_endometrium,0.7071823204,0.8453038674,0,1.0,2.2
protein,16,thyroid,0.037109375,0.04296875,0,0.5,4.1
protein,16,brain_cns,0.0072674419,0.0087209303,0,2.5,1.6
protein,16,non_hodgkin_lymphoma,0.0212765957,0.06382978710000001,0,2.5,2.8
protein,16,leukemia_AML,0.0867052023,0.12716763,0,1.5,0.9
protein,16,mesothelioma,0.0574712644,0.1034482759,0,0.2,0.1
protein,16,testicular_germ_cell,0.6103896104,1.0,0,0.1,0.5
protein,16,adrenal,0.1818181818,0.2987012986,0,0.05,0.05
protein,17,lung,0.3662388944,0.6762092795,0,18.7,12.4
protein,17,colorectal,0.0078328982,0.0182767625,0,9.3,9.6
protein,17,liver,0.2364130435,0.31521739120000003,0,7.8,4.3
protein,17,breast,0.0637522769,0.16484517299999998,0,6.9,11.6
protein,17,stomach,0.0677966102,0.2033898306,0,6.8,4.9
protein,17,pancreas,0.0056179775,0.0056179775,0,4.8,4.1
protein,17,esophagus,0.0989010989,0.2472527474,0,4.6,4.6
protein,17,head_and_neck,0.1557692308,0.2461538462,0,4.5,5.0
protein,17,prostate,0.0201612903,0.028225806399999998,0,4.1,7.3
protein,17,cervix,0.045751634,0.1339869282,0,3.6,3.3
protein,17,bladder,0.0810810811,0.3194103194,0,2.0,3.0
protein,17,kidney,0.0090293454,0.0214446953,0,1.8,2.5
protein,17,melanoma,0.8656716418,1.0,0,0.6,1.7
protein,17,ovary,0.2746478873,0.4366197183,0,2.1,1.6
protein,17,uterus_endometrium,0.7071823204,0.8453038674,0,1.0,2.2
protein,17,thyroid,0.037109375,0.04296875,0,0.5,4.1
protein,17,brain_cns,0.0072674419,0.0087209303,0,2.5,1.6
protein,17,non_hodgkin_lymphoma,0.0212765957,0.06382978710000001,0,2.5,2.8
protein,17,leukemia_AML,0.0867052023,0.12716763,0,1.5,0.9
protein,17,mesothelioma,0.0574712644,0.1034482759,0,0.2,0.1
protein,17,testicular_germ_cell,0.6103896104,1.0,0,0.1,0.5
protein,17,adrenal,0.1818181818,0.2987012986,0,0.05,0.05
protein,18,lung,0.3662388944,0.6762092795,0,18.7,12.4
protein,18,colorectal,0.0078328982,0.0182767625,0,9.3,9.6
protein,18,liver,0.2364130435,0.31521739120000003,0,7.8,4.3
protein,18,breast,0.0637522769,0.16484517299999998,0,6.9,11.6
protein,18,stomach,0.0677966102,0.2033898306,0,6.8,4.9
protein,18,pancreas,0.0056179775,0.0056179775,0,4.8,4.1
protein,18,esophagus,0.0989010989,0.2472527474,0,4.6,4.6
protein,18,head_and_neck,0.1557692308,0.2461538462,0,4.5,5.0
protein,18,prostate,0.0201612903,0.028225806399999998,0,4.1,7.3
protein,18,cervix,0.045751634,0.1339869282,0,3.6,3.3
protein,18,bladder,0.0810810811,0.3194103194,0,2.0,3.0
protein,18,kidney,0.0090293454,0.0214446953,0,1.8,2.5
protein,18,melanoma,0.8656716418,1.0,0,0.6,1.7
protein,18,ovary,0.2746478873,0.4366197183,0,2.1,1.6
protein,18,uterus_endometrium,0.7071823204,0.8453038674,0,1.0,2.2
protein,18,thyroid,0.037109375,0.04296875,0,0.5,4.1
protein,18,brain_cns,0.0072674419,0.0087209303,0,2.5,1.6
protein,18,non_hodgkin_lymphoma,0.0212765957,0.06382978710000001,0,2.5,2.8
protein,18,leukemia_AML,0.0867052023,0.12716763,0,1.5,0.9
protein,18,mesothelioma,0.0574712644,0.1034482759,0,0.2,0.1
protein,18,testicular_germ_cell,0.6103896104,1.0,0,0.1,0.5
protein,18,adrenal,0.1818181818,0.2987012986,0,0.05,0.05
protein,19,lung,0.3662388944,0.6762092795,0,18.7,12.4
protein,19,colorectal,0.0078328982,0.0182767625,0,9.3,9.6
protein,19,liver,0.2364130435,0.31521739120000003,0,7.8,4.3
protein,19,breast,0.0637522769,0.16484517299999998,0,6.9,11.6
protein,19,stomach,0.0677966102,0.2033898306,0,6.8,4.9
protein,19,pancreas,0.0056179775,0.0056179775,0,4.8,4.1
protein,19,esophagus,0.0989010989,0.2472527474,0,4.6,4.6
protein,19,head_and_neck,0.1557692308,0.2461538462,0,4.5,5.0
protein,19,prostate,0.0201612903,0.028225806399999998,0,4.1,7.3
protein,19,cervix,0.045751634,0.1339869282,0,3.6,3.3
protein,19,bladder,0.0810810811,0.3194103194,0,2.0,3.0
protein,19,kidney,0.0090293454,0.0225733635,0,1.8,2.5
protein,19,melanoma,0.8656716418,1.0,0,0.6,1.7
protein,19,ovary,0.2746478873,0.4366197183,0,2.1,1.6
protein,19,uterus_endometrium,0.7071823204,0.8453038674,0,1.0,2.2
protein,19,thyroid,0.037109375,0.04296875,0,0.5,4.1
protein,19,brain_cns,0.0072674419,0.0087209303,0,2.5,1.6
protein,19,non_hodgkin_lymphoma,0.0212765957,0.06382978710000001,0,2.5,2.8
protein,19,leukemia_AML,0.0867052023,0.12716763,0,1.5,0.9
protein,19,mesothelioma,0.0574712644,0.1034482759,0,0.2,0.1
protein,19,testicular_germ_cell,0.6103896104,1.0,0,0.1,0.5
protein,19,adrenal,0.1818181818,0.2987012986,0,0.05,0.05
protein,20,lung,0.3662388944,0.6762092795,0,18.7,12.4
protein,20,colorectal,0.0078328982,0.0182767625,0,9.3,9.6
protein,20,liver,0.2364130435,0.31521739120000003,0,7.8,4.3
protein,20,breast,0.0637522769,0.16484517299999998,0,6.9,11.6
protein,20,stomach,0.0677966102,0.2033898306,0,6.8,4.9
protein,20,pancreas,0.0056179775,0.0056179775,0,4.8,4.1
protein,20,esophagus,0.0989010989,0.2472527474,0,4.6,4.6
protein,20,head_and_neck,0.1557692308,0.2461538462,0,4.5,5.0
protein,20,prostate,0.0201612903,0.028225806399999998,0,4.1,7.3
protein,20,cervix,0.045751634,0.1339869282,0,3.6,3.3
protein,20,bladder,0.0810810811,0.3194103194,0,2.0,3.0
protein,20,kidney,0.0090293454,0.0225733635,0,1.8,2.5
protein,20,melanoma,0.8656716418,1.0,0,0.6,1.7
protein,20,ovary,0.2746478873,0.4366197183,0,2.1,1.6
protein,20,uterus_endometrium,0.7071823204,0.8453038674,0,1.0,2.2
protein,20,thyroid,0.037109375,0.04296875,0,0.5,4.1
protein,20,brain_cns,0.0072674419,0.0087209303,0,2.5,1.6
protein,20,non_hodgkin_lymphoma,0.0212765957,0.06382978710000001,0,2.5,2.8
protein,20,leukemia_AML,0.0867052023,0.12716763,0,1.5,0.9
protein,20,mesothelioma,0.0574712644,0.1034482759,0,0.2,0.1
protein,20,testicular_germ_cell,0.6103896104,1.0,0,0.1,0.5
protein,20,adrenal,0.1818181818,0.2987012986,0,0.05,0.05
protein,21,lung,0.3662388944,0.6762092795,0,18.7,12.4
protein,21,colorectal,0.0078328982,0.0182767625,0,9.3,9.6
protein,21,liver,0.2364130435,0.31521739120000003,0,7.8,4.3
protein,21,breast,0.0637522769,0.16484517299999998,0,6.9,11.6
protein,21,stomach,0.0677966102,0.2033898306,0,6.8,4.9
protein,21,pancreas,0.0056179775,0.0056179775,0,4.8,4.1
protein,21,esophagus,0.0989010989,0.2472527474,0,4.6,4.6
protein,21,head_and_neck,0.1557692308,0.2461538462,0,4.5,5.0
protein,21,prostate,0.0201612903,0.028225806399999998,0,4.1,7.3
protein,21,cervix,0.045751634,0.1339869282,0,3.6,3.3
protein,21,bladder,0.0810810811,0.3194103194,0,2.0,3.0
protein,21,kidney,0.0090293454,0.0225733635,0,1.8,2.5
protein,21,melanoma,0.8656716418,1.0,0,0.6,1.7
protein,21,ovary,0.2746478873,0.4366197183,0,2.1,1.6
protein,21,uterus_endometrium,0.7071823204,0.8453038674,0,1.0,2.2
protein,21,thyroid,0.037109375,0.04296875,0,0.5,4.1
protein,21,brain_cns,0.0072674419,0.0087209303,0,2.5,1.6
protein,21,non_hodgkin_lymphoma,0.0212765957,0.06382978710000001,0,2.5,2.8
protein,21,leukemia_AML,0.0867052023,0.12716763,0,1.5,0.9
protein,21,mesothelioma,0.0574712644,0.1034482759,0,0.2,0.1
protein,21,testicular_germ_cell,0.6103896104,1.0,0,0.1,0.5
protein,21,adrenal,0.1818181818,0.2987012986,0,0.05,0.05
protein,22,lung,0.3662388944,0.6762092795,0,18.7,12.4
protein,22,colorectal,0.0078328982,0.0182767625,0,9.3,9.6
protein,22,liver,0.2364130435,0.31521739120000003,0,7.8,4.3
protein,22,breast,0.0637522769,0.16484517299999998,0,6.9,11.6
protein,22,stomach,0.0677966102,0.2033898306,0,6.8,4.9
protein,22,pancreas,0.0056179775,0.0056179775,0,4.8,4.1
protein,22,esophagus,0.0989010989,0.2472527474,0,4.6,4.6
protein,22,head_and_neck,0.1557692308,0.2461538462,0,4.5,5.0
protein,22,prostate,0.0201612903,0.028225806399999998,0,4.1,7.3
protein,22,cervix,0.045751634,0.1339869282,0,3.6,3.3
protein,22,bladder,0.0810810811,0.3194103194,0,2.0,3.0
protein,22,kidney,0.0090293454,0.0225733635,0,1.8,2.5
protein,22,melanoma,0.8656716418,1.0,0,0.6,1.7
protein,22,ovary,0.2746478873,0.4366197183,0,2.1,1.6
protein,22,uterus_endometrium,0.7071823204,0.8453038674,0,1.0,2.2
protein,22,thyroid,0.037109375,0.04296875,0,0.5,4.1
protein,22,brain_cns,0.0072674419,0.0087209303,0,2.5,1.6
protein,22,non_hodgkin_lymphoma,0.0212765957,0.06382978710000001,0,2.5,2.8
protein,22,leukemia_AML,0.0867052023,0.12716763,0,1.5,0.9
protein,22,mesothelioma,0.0574712644,0.1034482759,0,0.2,0.1
protein,22,testicular_germ_cell,0.6103896104,1.0,0,0.1,0.5
protein,22,adrenal,0.1818181818,0.2987012986,0,0.05,0.05
segment,0,lung,0.0,0.0,0,18.7,12.4
segment,0,colorectal,0.0,0.0,0,9.3,9.6
segment,0,liver,0.0,0.0,0,7.8,4.3
segment,0,breast,0.0,0.0,0,6.9,11.6
segment,0,stomach,0.0,0.0,0,6.8,4.9
segment,0,pancreas,0.0,0.0,0,4.8,4.1
segment,0,esophagus,0.0,0.0,0,4.6,4.6
segment,0,head_and_neck,0.0,0.0,0,4.5,5.0
segment,0,prostate,0.0,0.0,0,4.1,7.3
segment,0,cervix,0.0,0.0,0,3.6,3.3
segment,0,bladder,0.0,0.0,0,2.0,3.0
segment,0,kidney,0.0,0.0,0,1.8,2.5
segment,0,melanoma,0.0,0.0,0,0.6,1.7
segment,0,ovary,0.0,0.0,0,2.1,1.6
segment,0,uterus_endometrium,0.0,0.0,0,1.0,2.2
segment,0,thyroid,0.0,0.0,0,0.5,4.1
segment,0,brain_cns,0.0,0.0,0,2.5,1.6
segment,0,non_hodgkin_lymphoma,0.0,0.0,0,2.5,2.8
segment,0,leukemia_AML,0.0,0.0,0,1.5,0.9
segment,0,mesothelioma,0.0,0.0,0,0.2,0.1
segment,0,testicular_germ_cell,0.0,0.0,0,0.1,0.5
segment,0,adrenal,0.0,0.0,0,0.05,0.05
segment,1,lung,0.0,0.0,0,18.7,12.4
segment,1,colorectal,0.0,0.0,0,9.3,9.6
segment,1,liver,0.0,0.0,0,7.8,4.3
segment,1,breast,0.0,0.0,0,6.9,11.6
segment,1,stomach,0.0,0.0,0,6.8,4.9
segment,1,pancreas,0.0,0.0,0,4.8,4.1
segment,1,esophagus,0.0,0.0,0,4.6,4.6
segment,1,head_and_neck,0.0,0.0,0,4.5,5.0
segment,1,prostate,0.0,0.0,0,4.1,7.3
segment,1,cervix,0.0,0.0,0,3.6,3.3
segment,1,bladder,0.0,0.0,0,2.0,3.0
segment,1,kidney,0.0,0.0,0,1.8,2.5
segment,1,melanoma,0.0,0.0,0,0.6,1.7
segment,1,ovary,0.0,0.0,0,2.1,1.6
segment,1,uterus_endometrium,0.0,0.0,0,1.0,2.2
segment,1,thyroid,0.0,0.0,0,0.5,4.1
segment,1,brain_cns,0.0,0.0,0,2.5,1.6
segment,1,non_hodgkin_lymphoma,0.0,0.0,0,2.5,2.8
segment,1,leukemia_AML,0.0,0.0,0,1.5,0.9
segment,1,mesothelioma,0.0,0.0,0,0.2,0.1
segment,1,testicular_germ_cell,0.0064935065,0.0064935065,0,0.1,0.5
segment,1,adrenal,0.0,0.0,0,0.05,0.05
segment,2,lung,0.0,0.0,0,18.7,12.4
segment,2,colorectal,0.0,0.0,0,9.3,9.6
segment,2,liver,0.0,0.0,0,7.8,4.3
segment,2,breast,0.0,0.0,0,6.9,11.6
segment,2,stomach,0.0,0.0,0,6.8,4.9
segment,2,pancreas,0.0,0.0,0,4.8,4.1
segment,2,esophagus,0.0,0.0,0,4.6,4.6
segment,2,head_and_neck,0.0,0.0,0,4.5,5.0
segment,2,prostate,0.0,0.0,0,4.1,7.3
segment,2,cervix,0.0,0.0,0,3.6,3.3
segment,2,bladder,0.0,0.0,0,2.0,3.0
segment,2,kidney,0.0,0.0,0,1.8,2.5
segment,2,melanoma,0.0,0.0,0,0.6,1.7
segment,2,ovary,0.0,0.0,0,2.1,1.6
segment,2,uterus_endometrium,0.0,0.0,0,1.0,2.2
segment,2,thyroid,0.0,0.0,0,0.5,4.1
segment,2,brain_cns,0.0,0.0,0,2.5,1.6
segment,2,non_hodgkin_lymphoma,0.0,0.0,0,2.5,2.8
segment,2,leukemia_AML,0.0,0.0,0,1.5,0.9
segment,2,mesothelioma,0.0,0.0,0,0.2,0.1
segment,2,testicular_germ_cell,0.0194805195,0.025974026,0,0.1,0.5
segment,2,adrenal,0.0,0.0,0,0.05,0.05
segment,3,lung,0.0,0.0,0,18.7,12.4
segment,3,colorectal,0.0,0.0,0,9.3,9.6
segment,3,liver,0.0,0.0,0,7.8,4.3
segment,3,breast,0.0,0.0,0,6.9,11.6
segment,3,stomach,0.0,0.0,0,6.8,4.9
segment,3,pancreas,0.0,0.0,0,4.8,4.1
segment,3,esophagus,0.0,0.0,0,4.6,4.6
segment,3,head_and_neck,0.0,0.0,0,4.5,5.0
segment,3,prostate,0.0,0.0,0,4.1,7.3
segment,3,cervix,0.0,0.0,0,3.6,3.3
segment,3,bladder,0.0,0.0,0,2.0,3.0
segment,3,kidney,0.0,0.0,0,1.8,2.5
segment,3,melanoma,0.0,0.0,0,0.6,1.7
segment,3,ovary,0.0,0.0,0,2.1,1.6
segment,3,uterus_endometrium,0.0,0.0,0,1.0,2.2
segment,3,thyroid,0.0,0.0,0,0.5,4.1
segment,3,brain_cns,0.0,0.0,0,2.5,1.6
segment,3,non_hodgkin_lymphoma,0.0,0.0,0,2.5,2.8
segment,3,leukemia_AML,0.0,0.0,0,1.5,0.9
segment,3,mesothelioma,0.0,0.0,0,0.2,0.1
segment,3,testicular_germ_cell,0.0324675325,0.058441558500000004,0,0.1,0.5
segment,3,adrenal,0.0,0.0,0,0.05,0.05
segment,4,lung,0.0,0.0,0,18.7,12.4
segment,4,colorectal,0.0,0.0,0,9.3,9.6
segment,4,liver,0.0,0.0,0,7.8,4.3
segment,4,breast,0.0,0.0,0,6.9,11.6
segment,4,stomach,0.0,0.0,0,6.8,4.9
segment,4,pancreas,0.0,0.0,0,4.8,4.1
segment,4,esophagus,0.0,0.0,0,4.6,4.6
segment,4,head_and_neck,0.0,0.0,0,4.5,5.0
segment,4,prostate,0.0,0.0,0,4.1,7.3
segment,4,cervix,0.0,0.0,0,3.6,3.3
segment,4,bladder,0.0,0.0,0,2.0,3.0
segment,4,kidney,0.0011286682,0.0011286682,0,1.8,2.5
segment,4,melanoma,0.0,0.0,0,0.6,1.7
segment,4,ovary,0.0,0.0,0,2.1,1.6
segment,4,uterus_endometrium,0.0,0.0,0,1.0,2.2
segment,4,thyroid,0.0,0.0,0,0.5,4.1
segment,4,brain_cns,0.0,0.0,0,2.5,1.6
segment,4,non_hodgkin_lymphoma,0.0,0.0,0,2.5,2.8
segment,4,leukemia_AML,0.0,0.0,0,1.5,0.9
segment,4,mesothelioma,0.0,0.0,0,0.2,0.1
segment,4,testicular_germ_cell,0.0324675325,0.058441558500000004,0,0.1,0.5
segment,4,adrenal,0.0,0.0,0,0.05,0.05
segment,5,lung,0.0,0.0,0,18.7,12.4
segment,5,colorectal,0.0,0.0,0,9.3,9.6
segment,5,liver,0.0,0.0,0,7.8,4.3
segment,5,breast,0.0,0.0,0,6.9,11.6
segment,5,stomach,0.0,0.0,0,6.8,4.9
segment,5,pancreas,0.0,0.0,0,4.8,4.1
segment,5,esophagus,0.0,0.0,0,4.6,4.6
segment,5,head_and_neck,0.0,0.0,0,4.5,5.0
segment,5,prostate,0.002016129,0.002016129,0,4.1,7.3
segment,5,cervix,0.0,0.0,0,3.6,3.3
segment,5,bladder,0.0,0.0,0,2.0,3.0
segment,5,kidney,0.0011286682,0.0011286682,0,1.8,2.5
segment,5,melanoma,0.0,0.0,0,0.6,1.7
segment,5,ovary,0.0,0.0,0,2.1,1.6
segment,5,uterus_endometrium,0.0,0.0,0,1.0,2.2
segment,5,thyroid,0.0,0.0,0,0.5,4.1
segment,5,brain_cns,0.0,0.0,0,2.5,1.6
segment,5,non_hodgkin_lymphoma,0.0,0.0,0,2.5,2.8
segment,5,leukemia_AML,0.0,0.0,0,1.5,0.9
segment,5,mesothelioma,0.0,0.0,0,0.2,0.1
segment,5,testicular_germ_cell,0.0324675325,0.058441558500000004,0,0.1,0.5
segment,5,adrenal,0.0,0.0,0,0.05,0.05
segment,6,lung,0.0,0.0,0,18.7,12.4
segment,6,colorectal,0.0,0.0,0,9.3,9.6
segment,6,liver,0.0,0.0,0,7.8,4.3
segment,6,breast,0.0009107468,0.0009107468,0,6.9,11.6
segment,6,stomach,0.0,0.0,0,6.8,4.9
segment,6,pancreas,0.0,0.0,0,4.8,4.1
segment,6,esophagus,0.0,0.0,0,4.6,4.6
segment,6,head_and_neck,0.0,0.0,0,4.5,5.0
segment,6,prostate,0.002016129,0.002016129,0,4.1,7.3
segment,6,cervix,0.0,0.0,0,3.6,3.3
segment,6,bladder,0.0,0.0,0,2.0,3.0
segment,6,kidney,0.0011286682,0.0011286682,0,1.8,2.5
segment,6,melanoma,0.0,0.0,0,0.6,1.7
segment,6,ovary,0.0,0.0,0,2.1,1.6
segment,6,uterus_endometrium,0.0,0.0,0,1.0,2.2
segment,6,thyroid,0.0,0.0,0,0.5,4.1
segment,6,brain_cns,0.0,0.0,0,2.5,1.6
segment,6,non_hodgkin_lymphoma,0.0,0.0,0,2.5,2.8
segment,6,leukemia_AML,0.0,0.0,0,1.5,0.9
segment,6,mesothelioma,0.0,0.0,0,0.2,0.1
segment,6,testicular_germ_cell,0.0324675325,0.058441558500000004,0,0.1,0.5
segment,6,adrenal,0.0,0.0,0,0.05,0.05
segment,7,lung,0.0019743337,0.0019743337,0,18.7,12.4
segment,7,colorectal,0.0,0.0,0,9.3,9.6
segment,7,liver,0.0081521739,0.0081521739,0,7.8,4.3
segment,7,breast,0.0009107468,0.0018214936,0,6.9,11.6
segment,7,stomach,0.0,0.0,0,6.8,4.9
segment,7,pancreas,0.0,0.0,0,4.8,4.1
segment,7,esophagus,0.0,0.0,0,4.6,4.6
segment,7,head_and_neck,0.0,0.0,0,4.5,5.0
segment,7,prostate,0.002016129,0.002016129,0,4.1,7.3
segment,7,cervix,0.0,0.0,0,3.6,3.3
segment,7,bladder,0.0,0.0,0,2.0,3.0
segment,7,kidney,0.0011286682,0.0011286682,0,1.8,2.5
segment,7,melanoma,0.0,0.0,0,0.6,1.7
segment,7,ovary,0.0,0.0,0,2.1,1.6
segment,7,uterus_endometrium,0.0,0.0,0,1.0,2.2
segment,7,thyroid,0.00390625,0.00390625,0,0.5,4.1
segment,7,brain_cns,0.0,0.0,0,2.5,1.6
segment,7,non_hodgkin_lymphoma,0.0,0.0,0,2.5,2.8
segment,7,leukemia_AML,0.0,0.0,0,1.5,0.9
segment,7,mesothelioma,0.0,0.0,0,0.2,0.1
segment,7,testicular_germ_cell,0.0324675325,0.058441558500000004,0,0.1,0.5
segment,7,adrenal,0.0,0.0,0,0.05,0.05
segment,8,lung,0.0019743337,0.0019743337,0,18.7,12.4
segment,8,colorectal,0.0,0.0,0,9.3,9.6
segment,8,liver,0.0081521739,0.0081521739,0,7.8,4.3
segment,8,breast,0.0009107468,0.0018214936,0,6.9,11.6
segment,8,stomach,0.0,0.0,0,6.8,4.9
segment,8,pancreas,0.0,0.0,0,4.8,4.1
segment,8,esophagus,0.0,0.0,0,4.6,4.6
segment,8,head_and_neck,0.0,0.0,0,4.5,5.0
segment,8,prostate,0.002016129,0.002016129,0,4.1,7.3
segment,8,cervix,0.0,0.0,0,3.6,3.3
segment,8,bladder,0.0,0.0,0,2.0,3.0
segment,8,kidney,0.0011286682,0.0011286682,0,1.8,2.5
segment,8,melanoma,0.0,0.0,0,0.6,1.7
segment,8,ovary,0.0,0.0,0,2.1,1.6
segment,8,uterus_endometrium,0.0,0.0,0,1.0,2.2
segment,8,thyroid,0.037109375,0.041015625,0,0.5,4.1
segment,8,brain_cns,0.0,0.0,0,2.5,1.6
segment,8,non_hodgkin_lymphoma,0.0,0.0,0,2.5,2.8
segment,8,leukemia_AML,0.0,0.0,0,1.5,0.9
segment,8,mesothelioma,0.0,0.0,0,0.2,0.1
segment,8,testicular_germ_cell,0.0324675325,0.058441558500000004,0,0.1,0.5
segment,8,adrenal,0.0,0.0,0,0.05,0.05
segment,9,lung,0.0019743337,0.0019743337,0,18.7,12.4
segment,9,colorectal,0.0,0.0,0,9.3,9.6
segment,9,liver,0.0081521739,0.0135869565,0,7.8,4.3
segment,9,breast,0.0009107468,0.0018214936,0,6.9,11.6
segment,9,stomach,0.0072639225,0.0072639225,0,6.8,4.9
segment,9,pancreas,0.0,0.0,0,4.8,4.1
segment,9,esophagus,0.0054945055,0.0054945055,0,4.6,4.6
segment,9,head_and_neck,0.0,0.0,0,4.5,5.0
segment,9,prostate,0.002016129,0.002016129,0,4.1,7.3
segment,9,cervix,0.0,0.0,0,3.6,3.3
segment,9,bladder,0.0,0.0,0,2.0,3.0
segment,9,kidney,0.0011286682,0.0011286682,0,1.8,2.5
segment,9,melanoma,0.0021321962,0.0021321962,0,0.6,1.7
segment,9,ovary,0.0,0.0,0,2.1,1.6
segment,9,uterus_endometrium,0.0055248619,0.0055248619,0,1.0,2.2
segment,9,thyroid,0.037109375,0.041015625,0,0.5,4.1
segment,9,brain_cns,0.0,0.0,0,2.5,1.6
segment,9,non_hodgkin_lymphoma,0.0,0.0,0,2.5,2.8
segment,9,leukemia_AML,0.0,0.0,0,1.5,0.9
segment,9,mesothelioma,0.0,0.0,0,0.2,0.1
segment,9,testicular_germ_cell,0.0324675325,0.077922078,0,0.1,0.5
segment,9,adrenal,0.0,0.0,0,0.05,0.05
segment,10,lung,0.0019743337,0.0019743337,0,18.7,12.4
segment,10,colorectal,0.0,0.0,0,9.3,9.6
segment,10,liver,0.0081521739,0.0163043478,0,7.8,4.3
segment,10,breast,0.0009107468,0.0018214936,0,6.9,11.6
segment,10,stomach,0.0072639225,0.0072639225,0,6.8,4.9
segment,10,pancreas,0.0,0.0,0,4.8,4.1
segment,10,esophagus,0.0054945055,0.0054945055,0,4.6,4.6
segment,10,head_and_neck,0.0,0.0,0,4.5,5.0
segment,10,prostate,0.002016129,0.002016129,0,4.1,7.3
segment,10,cervix,0.0,0.0,0,3.6,3.3
segment,10,bladder,0.0,0.0,0,2.0,3.0
segment,10,kidney,0.0011286682,0.0011286682,0,1.8,2.5
segment,10,melanoma,0.0021321962,0.0021321962,0,0.6,1.7
segment,10,ovary,0.0,0.0,0,2.1,1.6
segment,10,uterus_endometrium,0.0055248619,0.0055248619,0,1.0,2.2
segment,10,thyroid,0.037109375,0.041015625,0,0.5,4.1
segment,10,brain_cns,0.0,0.0,0,2.5,1.6
segment,10,non_hodgkin_lymphoma,0.0,0.0,0,2.5,2.8
segment,10,leukemia_AML,0.0,0.0,0,1.5,0.9
segment,10,mesothelioma,0.0,0.0,0,0.2,0.1
segment,10,testicular_germ_cell,0.0324675325,0.077922078,0,0.1,0.5
segment,10,adrenal,0.1818181818,0.1818181818,0,0.05,0.05
segment,11,lung,0.0019743337,0.0029615005,0,18.7,12.4
segment,11,colorectal,0.0,0.0,0,9.3,9.6
segment,11,liver,0.0081521739,0.0217391304,0,7.8,4.3
segment,11,breast,0.0009107468,0.0018214936,0,6.9,11.6
segment,11,stomach,0.0072639225,0.0072639225,0,6.8,4.9
segment,11,pancreas,0.0056179775,0.0056179775,0,4.8,4.1
segment,11,esophagus,0.0054945055,0.0054945055,0,4.6,4.6
segment,11,head_and_neck,0.0019230769,0.0019230769,0,4.5,5.0
segment,11,prostate,0.002016129,0.002016129,0,4.1,7.3
segment,11,cervix,0.0,0.0,0,3.6,3.3
segment,11,bladder,0.0171990172,0.0171990172,0,2.0,3.0
segment,11,kidney,0.0011286682,0.0022573364,0,1.8,2.5
segment,11,melanoma,0.0021321962,0.0021321962,0,0.6,1.7
segment,11,ovary,0.0,0.0,0,2.1,1.6
segment,11,uterus_endometrium,0.0055248619,0.0110497238,0,1.0,2.2
segment,11,thyroid,0.037109375,0.041015625,0,0.5,4.1
segment,11,brain_cns,0.0014534884,0.0014534884,0,2.5,1.6
segment,11,non_hodgkin_lymphoma,0.0,0.0,0,2.5,2.8
segment,11,leukemia_AML,0.0,0.0,0,1.5,0.9
segment,11,mesothelioma,0.0574712644,0.0574712644,0,0.2,0.1
segment,11,testicular_germ_cell,0.0324675325,0.077922078,0,0.1,0.5
segment,11,adrenal,0.1818181818,0.1818181818,0,0.05,0.05
segment,12,lung,0.0019743337,0.0039486673,0,18.7,12.4
segment,12,colorectal,0.0,0.0,0,9.3,9.6
segment,12,liver,0.0081521739,0.027173913,0,7.8,4.3
segment,12,breast,0.0009107468,0.0018214936,0,6.9,11.6
segment,12,stomach,0.0072639225,0.0121065375,0,6.8,4.9
segment,12,pancreas,0.0056179775,0.0056179775,0,4.8,4.1
segment,12,esophagus,0.0054945055,0.0054945055,0,4.6,4.6
segment,12,head_and_neck,0.0019230769,0.0019230769,0,4.5,5.0
segment,12,prostate,0.002016129,0.002016129,0,4.1,7.3
segment,12,cervix,0.0,0.0,0,3.6,3.3
segment,12,bladder,0.0171990172,0.027027027000000002,0,2.0,3.0
segment,12,kidney,0.0011286682,0.0033860046,0,1.8,2.5
segment,12,melanoma,0.0170575693,0.019189765499999997,0,0.6,1.7
segment,12,ovary,0.0070422535,0.0070422535,0,2.1,1.6
segment,12,uterus_endometrium,0.0055248619,0.016574585699999998,0,1.0,2.2
segment,12,thyroid,0.037109375,0.041015625,0,0.5,4.1
segment,12,brain_cns,0.0014534884,0.0014534884,0,2.5,1.6
segment,12,non_hodgkin_lymphoma,0.0,0.0,0,2.5,2.8
segment,12,leukemia_AML,0.0,0.0,0,1.5,0.9
segment,12,mesothelioma,0.0574712644,0.0574712644,0,0.2,0.1
segment,12,testicular_germ_cell,0.0324675325,0.077922078,0,0.1,0.5
segment,12,adrenal,0.1818181818,0.1818181818,0,0.05,0.05
segment,13,lung,0.0019743337,0.0039486673,0,18.7,12.4
segment,13,colorectal,0.0,0.0,0,9.3,9.6
segment,13,liver,0.0081521739,0.027173913,0,7.8,4.3
segment,13,breast,0.0009107468,0.0018214936,0,6.9,11.6
segment,13,stomach,0.0072639225,0.0169491525,0,6.8,4.9
segment,13,pancreas,0.0056179775,0.0056179775,0,4.8,4.1
segment,13,esophagus,0.0054945055,0.0054945055,0,4.6,4.6
segment,13,head_and_neck,0.0019230769,0.0019230769,0,4.5,5.0
segment,13,prostate,0.002016129,0.002016129,0,4.1,7.3
segment,13,cervix,0.0130718954,0.0130718954,0,3.6,3.3
segment,13,bladder,0.0171990172,0.0319410319,0,2.0,3.0
segment,13,kidney,0.0011286682,0.0033860046,0,1.8,2.5
segment,13,melanoma,0.0170575693,0.019189765499999997,0,0.6,1.7
segment,13,ovary,0.0070422535,0.0117370892,0,2.1,1.6
segment,13,uterus_endometrium,0.0055248619,0.016574585699999998,0,1.0,2.2
segment,13,thyroid,0.037109375,0.041015625,0,0.5,4.1
segment,13,brain_cns,0.0014534884,0.0014534884,0,2.5,1.6
segment,13,non_hodgkin_lymphoma,0.0,0.0,0,2.5,2.8
segment,13,leukemia_AML,0.0,0.0,0,1.5,0.9
segment,13,mesothelioma,0.0574712644,0.0574712644,0,0.2,0.1
segment,13,testicular_germ_cell,0.6103896104,0.6883116883999999,0,0.1,0.5
segment,13,adrenal,0.1818181818,0.1818181818,0,0.05,0.05
segment,14,lung,0.0019743337,0.0039486673,0,18.7,12.4
segment,14,colorectal,0.0,0.0,0,9.3,9.6
segment,14,liver,0.0081521739,0.027173913,0,7.8,4.3
segment,14,breast,0.0009107468,0.0018214936,0,6.9,11.6
segment,14,stomach,0.0072639225,0.0169491525,0,6.8,4.9
segment,14,pancreas,0.0056179775,0.0056179775,0,4.8,4.1
segment,14,esophagus,0.0054945055,0.0054945055,0,4.6,4.6
segment,14,head_and_neck,0.0019230769,0.0019230769,0,4.5,5.0
segment,14,prostate,0.002016129,0.002016129,0,4.1,7.3
segment,14,cervix,0.0130718954,0.0130718954,0,3.6,3.3
segment,14,bladder,0.0171990172,0.0319410319,0,2.0,3.0
segment,14,kidney,0.0011286682,0.0033860046,0,1.8,2.5
segment,14,melanoma,0.0170575693,0.019189765499999997,0,0.6,1.7
segment,14,ovary,0.0070422535,0.0117370892,0,2.1,1.6
segment,14,uterus_endometrium,0.0055248619,0.016574585699999998,0,1.0,2.2
segment,14,thyroid,0.037109375,0.041015625,0,0.5,4.1
segment,14,brain_cns,0.0014534884,0.0014534884,0,2.5,1.6
segment,14,non_hodgkin_lymphoma,0.0,0.0,0,2.5,2.8
segment,14,leukemia_AML,0.0,0.0,0,1.5,0.9
segment,14,mesothelioma,0.0574712644,0.0574712644,0,0.2,0.1
segment,14,testicular_germ_cell,0.6103896104,0.6883116883999999,0,0.1,0.5
segment,14,adrenal,0.1818181818,0.1818181818,0,0.05,0.05
segment,15,lung,0.0019743337,0.005923001,0,18.7,12.4
segment,15,colorectal,0.0,0.0,0,9.3,9.6
segment,15,liver,0.0135869565,0.040760869500000005,0,7.8,4.3
segment,15,breast,0.0009107468,0.0018214936,0,6.9,11.6
segment,15,stomach,0.00968523,0.026634382499999998,0,6.8,4.9
segment,15,pancreas,0.0056179775,0.0056179775,0,4.8,4.1
segment,15,esophagus,0.010989011,0.0164835165,0,4.6,4.6
segment,15,head_and_neck,0.0019230769,0.0019230769,0,4.5,5.0
segment,15,prostate,0.002016129,0.002016129,0,4.1,7.3
segment,15,cervix,0.0130718954,0.0130718954,0,3.6,3.3
segment,15,bladder,0.0171990172,0.0319410319,0,2.0,3.0
segment,15,kidney,0.0011286682,0.0033860046,0,1.8,2.5
segment,15,melanoma,0.0170575693,0.0213219617,0,0.6,1.7
segment,15,ovary,0.0234741784,0.0352112676,0,2.1,1.6
segment,15,uterus_endometrium,0.0110497238,0.0276243095,0,1.0,2.2
segment,15,thyroid,0.037109375,0.041015625,0,0.5,4.1
segment,15,brain_cns,0.0014534884,0.0014534884,0,2.5,1.6
segment,15,non_hodgkin_lymphoma,0.0,0.0,0,2.5,2.8
segment,15,leukemia_AML,0.0,0.0,0,1.5,0.9
segment,15,mesothelioma,0.0574712644,0.0574712644,0,0.2,0.1
segment,15,testicular_germ_cell,0.6103896104,0.6883116883999999,0,0.1,0.5
segment,15,adrenal,0.1818181818,0.1818181818,0,0.05,0.05
segment,16,lung,0.0019743337,0.0069101678,0,18.7,12.4
segment,16,colorectal,0.0026109661,0.0026109661,0,9.3,9.6
segment,16,liver,0.0135869565,0.040760869500000005,0,7.8,4.3
segment,16,breast,0.0127504554,0.014571948999999999,0,6.9,11.6
segment,16,stomach,0.00968523,0.0363196125,0,6.8,4.9
segment,16,pancreas,0.0056179775,0.0056179775,0,4.8,4.1
segment,16,esophagus,0.010989011,0.0274725275,0,4.6,4.6
segment,16,head_and_neck,0.0096153846,0.0115384615,0,4.5,5.0
segment,16,prostate,0.002016129,0.002016129,0,4.1,7.3
segment,16,cervix,0.0130718954,0.022875817,0,3.6,3.3
segment,16,bladder,0.0221130221,0.054054054000000004,0,2.0,3.0
segment,16,kidney,0.0011286682,0.0033860046,0,1.8,2.5
segment,16,melanoma,0.0170575693,0.0213219617,0,0.6,1.7
segment,16,ovary,0.0234741784,0.044600939,0,2.1,1.6
segment,16,uterus_endometrium,0.0110497238,0.033149171399999997,0,1.0,2.2
segment,16,thyroid,0.037109375,0.041015625,0,0.5,4.1
segment,16,brain_cns,0.0014534884,0.0014534884,0,2.5,1.6
segment,16,non_hodgkin_lymphoma,0.0,0.0,0,2.5,2.8
segment,16,leukemia_AML,0.0,0.0,0,1.5,0.9
segment,16,mesothelioma,0.0574712644,0.0574712644,0,0.2,0.1
segment,16,testicular_germ_cell,0.6103896104,0.6883116883999999,0,0.1,0.5
segment,16,adrenal,0.1818181818,0.1818181818,0,0.05,0.05
segment,17,lung,0.0019743337,0.0088845015,0,18.7,12.4
segment,17,colorectal,0.0078328982,0.010443864300000001,0,9.3,9.6
segment,17,liver,0.0135869565,0.0461956521,0,7.8,4.3
segment,17,breast,0.0127504554,0.0273224044,0,6.9,11.6
segment,17,stomach,0.0217917676,0.0581113801,0,6.8,4.9
segment,17,pancreas,0.0056179775,0.0056179775,0,4.8,4.1
segment,17,esophagus,0.032967033,0.0604395605,0,4.6,4.6
segment,17,head_and_neck,0.0096153846,0.0173076923,0,4.5,5.0
segment,17,prostate,0.002016129,0.002016129,0,4.1,7.3
segment,17,cervix,0.0196078431,0.0424836601,0,3.6,3.3
segment,17,bladder,0.0221130221,0.054054054000000004,0,2.0,3.0
segment,17,kidney,0.0011286682,0.0033860046,0,1.8,2.5
segment,17,melanoma,0.0170575693,0.025586354,0,0.6,1.7
segment,17,ovary,0.0234741784,0.0469483568,0,2.1,1.6
segment,17,uterus_endometrium,0.0110497238,0.033149171399999997,0,1.0,2.2
segment,17,thyroid,0.037109375,0.041015625,0,0.5,4.1
segment,17,brain_cns,0.0014534884,0.0014534884,0,2.5,1.6
segment,17,non_hodgkin_lymphoma,0.0,0.0,0,2.5,2.8
segment,17,leukemia_AML,0.0,0.0,0,1.5,0.9
segment,17,mesothelioma,0.0574712644,0.0574712644,0,0.2,0.1
segment,17,testicular_germ_cell,0.6103896104,0.6883116883999999,0,0.1,0.5
segment,17,adrenal,0.1818181818,0.1818181818,0,0.05,0.05
segment,18,lung,0.0434353406,0.0523198421,0,18.7,12.4
segment,18,colorectal,0.0078328982,0.013054830400000002,0,9.3,9.6
segment,18,liver,0.0135869565,0.0597826086,0,7.8,4.3
segment,18,breast,0.0173041894,0.044626593799999996,0,6.9,11.6
segment,18,stomach,0.0314769976,0.0895883777,0,6.8,4.9
segment,18,pancreas,0.0056179775,0.0056179775,0,4.8,4.1
segment,18,esophagus,0.032967033,0.076923077,0,4.6,4.6
segment,18,head_and_neck,0.0230769231,0.040384615400000004,0,4.5,5.0
segment,18,prostate,0.0040322581,0.0060483871,0,4.1,7.3
segment,18,cervix,0.0196078431,0.0424836601,0,3.6,3.3
segment,18,bladder,0.0737100737,0.1277641277,0,2.0,3.0
segment,18,kidney,0.0022573363,0.0056433409,0,1.8,2.5
segment,18,melanoma,0.1044776119,0.1300639659,0,0.6,1.7
segment,18,ovary,0.0633802817,0.1103286385,0,2.1,1.6
segment,18,uterus_endometrium,0.0386740331,0.0718232045,0,1.0,2.2
segment,18,thyroid,0.037109375,0.041015625,0,0.5,4.1
segment,18,brain_cns,0.0014534884,0.0014534884,0,2.5,1.6
segment,18,non_hodgkin_lymphoma,0.0212765957,0.0212765957,0,2.5,2.8
segment,18,leukemia_AML,0.0,0.0,0,1.5,0.9
segment,18,mesothelioma,0.0574712644,0.0574712644,0,0.2,0.1
segment,18,testicular_germ_cell,0.6103896104,0.6948051948999999,0,0.1,0.5
segment,18,adrenal,0.1818181818,0.1818181818,0,0.05,0.05
segment,19,lung,0.0434353406,0.061204343599999995,0,18.7,12.4
segment,19,colorectal,0.0078328982,0.013054830400000002,0,9.3,9.6
segment,19,liver,0.0135869565,0.0597826086,0,7.8,4.3
segment,19,breast,0.0173041894,0.051001821499999996,0,6.9,11.6
segment,19,stomach,0.0314769976,0.0895883777,0,6.8,4.9
segment,19,pancreas,0.0056179775,0.0056179775,0,4.8,4.1
segment,19,esophagus,0.032967033,0.0934065935,0,4.6,4.6
segment,19,head_and_neck,0.0230769231,0.0480769231,0,4.5,5.0
segment,19,prostate,0.0040322581,0.0060483871,0,4.1,7.3
segment,19,cervix,0.0196078431,0.045751634,0,3.6,3.3
segment,19,bladder,0.0737100737,0.1351351351,0,2.0,3.0
segment,19,kidney,0.0022573363,0.0067720091,0,1.8,2.5
segment,19,melanoma,0.1044776119,0.1343283582,0,0.6,1.7
segment,19,ovary,0.0633802817,0.1103286385,0,2.1,1.6
segment,19,uterus_endometrium,0.0386740331,0.0718232045,0,1.0,2.2
segment,19,thyroid,0.037109375,0.041015625,0,0.5,4.1
segment,19,brain_cns,0.0014534884,0.0014534884,0,2.5,1.6
segment,19,non_hodgkin_lymphoma,0.0212765957,0.0212765957,0,2.5,2.8
segment,19,leukemia_AML,0.0,0.0,0,1.5,0.9
segment,19,mesothelioma,0.0574712644,0.0689655173,0,0.2,0.1
segment,19,testicular_germ_cell,0.6103896104,0.6948051948999999,0,0.1,0.5
segment,19,adrenal,0.1818181818,0.1818181818,0,0.05,0.05
segment,20,lung,0.0918065153,0.1530108589,0,18.7,12.4
segment,20,colorectal,0.0078328982,0.013054830400000002,0,9.3,9.6
segment,20,liver,0.0135869565,0.0733695651,0,7.8,4.3
segment,20,breast,0.0637522769,0.1147540984,0,6.9,11.6
segment,20,stomach,0.0314769976,0.1138014528,0,6.8,4.9
segment,20,pancreas,0.0056179775,0.0056179775,0,4.8,4.1
segment,20,esophagus,0.0384615385,0.131868132,0,4.6,4.6
segment,20,head_and_neck,0.0230769231,0.0673076923,0,4.5,5.0
segment,20,prostate,0.0040322581,0.0060483871,0,4.1,7.3
segment,20,cervix,0.0326797386,0.07843137260000001,0,3.6,3.3
segment,20,bladder,0.0737100737,0.1621621621,0,2.0,3.0
segment,20,kidney,0.006772009,0.0135440181,0,1.8,2.5
segment,20,melanoma,0.8656716418,1.0,0,0.6,1.7
segment,20,ovary,0.2746478873,0.3849765258,0,2.1,1.6
segment,20,uterus_endometrium,0.7071823204,0.7790055249,0,1.0,2.2
segment,20,thyroid,0.037109375,0.041015625,0,0.5,4.1
segment,20,brain_cns,0.0072674419,0.0087209303,0,2.5,1.6
segment,20,non_hodgkin_lymphoma,0.0212765957,0.0425531914,0,2.5,2.8
segment,20,leukemia_AML,0.0867052023,0.0867052023,0,1.5,0.9
segment,20,mesothelioma,0.0574712644,0.091954023,0,0.2,0.1
segment,20,testicular_germ_cell,0.6103896104,1.0,0,0.1,0.5
segment,20,adrenal,0.1818181818,0.2467532467,0,0.05,0.05
segment,21,lung,0.0918065153,0.1530108589,0,18.7,12.4
segment,21,colorectal,0.0078328982,0.013054830400000002,0,9.3,9.6
segment,21,liver,0.0135869565,0.0733695651,0,7.8,4.3
segment,21,breast,0.0637522769,0.1147540984,0,6.9,11.6
segment,21,stomach,0.0314769976,0.1138014528,0,6.8,4.9
segment,21,pancreas,0.0056179775,0.0056179775,0,4.8,4.1
segment,21,esophagus,0.0384615385,0.131868132,0,4.6,4.6
segment,21,head_and_neck,0.0230769231,0.0673076923,0,4.5,5.0
segment,21,prostate,0.0040322581,0.0060483871,0,4.1,7.3
segment,21,cervix,0.0326797386,0.07843137260000001,0,3.6,3.3
segment,21,bladder,0.0737100737,0.1621621621,0,2.0,3.0
segment,21,kidney,0.006772009,0.0135440181,0,1.8,2.5
segment,21,melanoma,0.8656716418,1.0,0,0.6,1.7
segment,21,ovary,0.2746478873,0.3849765258,0,2.1,1.6
segment,21,uterus_endometrium,0.7071823204,0.7790055249,0,1.0,2.2
segment,21,thyroid,0.037109375,0.041015625,0,0.5,4.1
segment,21,brain_cns,0.0072674419,0.0087209303,0,2.5,1.6
segment,21,non_hodgkin_lymphoma,0.0212765957,0.0425531914,0,2.5,2.8
segment,21,leukemia_AML,0.0867052023,0.0867052023,0,1.5,0.9
segment,21,mesothelioma,0.0574712644,0.091954023,0,0.2,0.1
segment,21,testicular_germ_cell,0.6103896104,1.0,0,0.1,0.5
segment,21,adrenal,0.1818181818,0.2467532467,0,0.05,0.05
segment,22,lung,0.0918065153,0.1530108589,0,18.7,12.4
segment,22,colorectal,0.0078328982,0.013054830400000002,0,9.3,9.6
segment,22,liver,0.0135869565,0.0733695651,0,7.8,4.3
segment,22,breast,0.0637522769,0.1147540984,0,6.9,11.6
segment,22,stomach,0.0314769976,0.1138014528,0,6.8,4.9
segment,22,pancreas,0.0056179775,0.0056179775,0,4.8,4.1
segment,22,esophagus,0.0384615385,0.131868132,0,4.6,4.6
segment,22,head_and_neck,0.0230769231,0.0673076923,0,4.5,5.0
segment,22,prostate,0.0040322581,0.0060483871,0,4.1,7.3
segment,22,cervix,0.0326797386,0.07843137260000001,0,3.6,3.3
segment,22,bladder,0.0737100737,0.1621621621,0,2.0,3.0
segment,22,kidney,0.006772009,0.0135440181,0,1.8,2.5
segment,22,melanoma,0.8656716418,1.0,0,0.6,1.7
segment,22,ovary,0.2746478873,0.3849765258,0,2.1,1.6
segment,22,uterus_endometrium,0.7071823204,0.7790055249,0,1.0,2.2
segment,22,thyroid,0.037109375,0.041015625,0,0.5,4.1
segment,22,brain_cns,0.0072674419,0.0087209303,0,2.5,1.6
segment,22,non_hodgkin_lymphoma,0.0212765957,0.0425531914,0,2.5,2.8
segment,22,leukemia_AML,0.0867052023,0.0867052023,0,1.5,0.9
segment,22,mesothelioma,0.0574712644,0.091954023,0,0.2,0.1
segment,22,testicular_germ_cell,0.6103896104,1.0,0,0.1,0.5
segment,22,adrenal,0.1818181818,0.2467532467,0,0.05,0.05
segment,23,lung,0.0918065153,0.1530108589,0,18.7,12.4
segment,23,colorectal,0.0078328982,0.013054830400000002,0,9.3,9.6
segment,23,liver,0.0135869565,0.0733695651,0,7.8,4.3
segment,23,breast,0.0637522769,0.1147540984,0,6.9,11.6
segment,23,stomach,0.0314769976,0.1138014528,0,6.8,4.9
segment,23,pancreas,0.0056179775,0.0056179775,0,4.8,4.1
segment,23,esophagus,0.0384615385,0.131868132,0,4.6,4.6
segment,23,head_and_neck,0.0230769231,0.0673076923,0,4.5,5.0
segment,23,prostate,0.0040322581,0.0060483871,0,4.1,7.3
segment,23,cervix,0.0326797386,0.07843137260000001,0,3.6,3.3
segment,23,bladder,0.0737100737,0.1621621621,0,2.0,3.0
segment,23,kidney,0.006772009,0.0135440181,0,1.8,2.5
segment,23,melanoma,0.8656716418,1.0,0,0.6,1.7
segment,23,ovary,0.2746478873,0.3849765258,0,2.1,1.6
segment,23,uterus_endometrium,0.7071823204,0.7790055249,0,1.0,2.2
segment,23,thyroid,0.037109375,0.041015625,0,0.5,4.1
segment,23,brain_cns,0.0072674419,0.0087209303,0,2.5,1.6
segment,23,non_hodgkin_lymphoma,0.0212765957,0.0425531914,0,2.5,2.8
segment,23,leukemia_AML,0.0867052023,0.0867052023,0,1.5,0.9
segment,23,mesothelioma,0.0574712644,0.091954023,0,0.2,0.1
segment,23,testicular_germ_cell,0.6103896104,1.0,0,0.1,0.5
segment,23,adrenal,0.1818181818,0.2467532467,0,0.05,0.05
segment,24,lung,0.0918065153,0.1530108589,0,18.7,12.4
segment,24,colorectal,0.0078328982,0.013054830400000002,0,9.3,9.6
segment,24,liver,0.0135869565,0.0733695651,0,7.8,4.3
segment,24,breast,0.0637522769,0.1147540984,0,6.9,11.6
segment,24,stomach,0.0314769976,0.1138014528,0,6.8,4.9
segment,24,pancreas,0.0056179775,0.0056179775,0,4.8,4.1
segment,24,esophagus,0.0384615385,0.131868132,0,4.6,4.6
segment,24,head_and_neck,0.0230769231,0.0673076923,0,4.5,5.0
segment,24,prostate,0.0040322581,0.0060483871,0,4.1,7.3
segment,24,cervix,0.0326797386,0.07843137260000001,0,3.6,3.3
segment,24,bladder,0.0737100737,0.1621621621,0,2.0,3.0
segment,24,kidney,0.006772009,0.0135440181,0,1.8,2.5
segment,24,melanoma,0.8656716418,1.0,0,0.6,1.7
segment,24,ovary,0.2746478873,0.3849765258,0,2.1,1.6
segment,24,uterus_endometrium,0.7071823204,0.7790055249,0,1.0,2.2
segment,24,thyroid,0.037109375,0.041015625,0,0.5,4.1
segment,24,brain_cns,0.0072674419,0.0087209303,0,2.5,1.6
segment,24,non_hodgkin_lymphoma,0.0212765957,0.0425531914,0,2.5,2.8
segment,24,leukemia_AML,0.0867052023,0.0867052023,0,1.5,0.9
segment,24,mesothelioma,0.0574712644,0.091954023,0,0.2,0.1
segment,24,testicular_germ_cell,0.6103896104,1.0,0,0.1,0.5
segment,24,adrenal,0.1818181818,0.2467532467,0,0.05,0.05
segment,25,lung,0.1569595262,0.3099703851,0,18.7,12.4
segment,25,colorectal,0.0078328982,0.013054830400000002,0,9.3,9.6
segment,25,liver,0.0135869565,0.0788043477,0,7.8,4.3
segment,25,breast,0.0637522769,0.1329690346,0,6.9,11.6
segment,25,stomach,0.0677966102,0.181598063,0,6.8,4.9
segment,25,pancreas,0.0056179775,0.0056179775,0,4.8,4.1
segment,25,esophagus,0.0989010989,0.2307692309,0,4.6,4.6
segment,25,head_and_neck,0.1557692308,0.2230769231,0,4.5,5.0
segment,25,prostate,0.0040322581,0.0080645161,0,4.1,7.3
segment,25,cervix,0.045751634,0.1241830066,0,3.6,3.3
segment,25,bladder,0.0761670762,0.2383292383,0,2.0,3.0
segment,25,kidney,0.006772009,0.0135440181,0,1.8,2.5
segment,25,melanoma,0.8656716418,1.0,0,0.6,1.7
segment,25,ovary,0.2746478873,0.4154929577,0,2.1,1.6
segment,25,uterus_endometrium,0.7071823204,0.8011049724,0,1.0,2.2
segment,25,thyroid,0.037109375,0.041015625,0,0.5,4.1
segment,25,brain_cns,0.0072674419,0.0087209303,0,2.5,1.6
segment,25,non_hodgkin_lymphoma,0.0212765957,0.06382978710000001,0,2.5,2.8
segment,25,leukemia_AML,0.0867052023,0.0867052023,0,1.5,0.9
segment,25,mesothelioma,0.0574712644,0.091954023,0,0.2,0.1
segment,25,testicular_germ_cell,0.6103896104,1.0,0,0.1,0.5
segment,25,adrenal,0.1818181818,0.2467532467,0,0.05,0.05
segment,26,lung,0.1569595262,0.3099703851,0,18.7,12.4
segment,26,colorectal,0.0078328982,0.013054830400000002,0,9.3,9.6
segment,26,liver,0.0135869565,0.0788043477,0,7.8,4.3
segment,26,breast,0.0637522769,0.1329690346,0,6.9,11.6
segment,26,stomach,0.0677966102,0.181598063,0,6.8,4.9
segment,26,pancreas,0.0056179775,0.0056179775,0,4.8,4.1
segment,26,esophagus,0.0989010989,0.2307692309,0,4.6,4.6
segment,26,head_and_neck,0.1557692308,0.2230769231,0,4.5,5.0
segment,26,prostate,0.0040322581,0.0080645161,0,4.1,7.3
segment,26,cervix,0.045751634,0.1241830066,0,3.6,3.3
segment,26,bladder,0.0761670762,0.2383292383,0,2.0,3.0
segment,26,kidney,0.006772009,0.0135440181,0,1.8,2.5
segment,26,melanoma,0.8656716418,1.0,0,0.6,1.7
segment,26,ovary,0.2746478873,0.4154929577,0,2.1,1.6
segment,26,uterus_endometrium,0.7071823204,0.8011049724,0,1.0,2.2
segment,26,thyroid,0.037109375,0.041015625,0,0.5,4.1
segment,26,brain_cns,0.0072674419,0.0087209303,0,2.5,1.6
segment,26,non_hodgkin_lymphoma,0.0212765957,0.06382978710000001,0,2.5,2.8
segment,26,leukemia_AML,0.0867052023,0.0867052023,0,1.5,0.9
segment,26,mesothelioma,0.0574712644,0.091954023,0,0.2,0.1
segment,26,testicular_germ_cell,0.6103896104,1.0,0,0.1,0.5
segment,26,adrenal,0.1818181818,0.2467532467,0,0.05,0.05
segment,27,lung,0.1569595262,0.3099703851,0,18.7,12.4
segment,27,colorectal,0.0078328982,0.013054830400000002,0,9.3,9.6
segment,27,liver,0.0135869565,0.0788043477,0,7.8,4.3
segment,27,breast,0.0637522769,0.1329690346,0,6.9,11.6
segment,27,stomach,0.0677966102,0.181598063,0,6.8,4.9
segment,27,pancreas,0.0056179775,0.0056179775,0,4.8,4.1
segment,27,esophagus,0.0989010989,0.2307692309,0,4.6,4.6
segment,27,head_and_neck,0.1557692308,0.2230769231,0,4.5,5.0
segment,27,prostate,0.0040322581,0.0080645161,0,4.1,7.3
segment,27,cervix,0.045751634,0.1241830066,0,3.6,3.3
segment,27,bladder,0.0761670762,0.2383292383,0,2.0,3.0
segment,27,kidney,0.006772009,0.0135440181,0,1.8,2.5
segment,27,melanoma,0.8656716418,1.0,0,0.6,1.7
segment,27,ovary,0.2746478873,0.4154929577,0,2.1,1.6
segment,27,uterus_endometrium,0.7071823204,0.8011049724,0,1.0,2.2
segment,27,thyroid,0.037109375,0.041015625,0,0.5,4.1
segment,27,brain_cns,0.0072674419,0.0087209303,0,2.5,1.6
segment,27,non_hodgkin_lymphoma,0.0212765957,0.06382978710000001,0,2.5,2.8
segment,27,leukemia_AML,0.0867052023,0.0867052023,0,1.5,0.9
segment,27,mesothelioma,0.0574712644,0.091954023,0,0.2,0.1
segment,27,testicular_germ_cell,0.6103896104,1.0,0,0.1,0.5
segment,27,adrenal,0.1818181818,0.2467532467,0,0.05,0.05
segment,28,lung,0.3662388944,0.6762092795,0,18.7,12.4
segment,28,colorectal,0.0078328982,0.0182767625,0,9.3,9.6
segment,28,liver,0.2364130435,0.31521739120000003,0,7.8,4.3
segment,28,breast,0.0637522769,0.16484517299999998,0,6.9,11.6
segment,28,stomach,0.0677966102,0.2033898306,0,6.8,4.9
segment,28,pancreas,0.0056179775,0.0056179775,0,4.8,4.1
segment,28,esophagus,0.0989010989,0.2472527474,0,4.6,4.6
segment,28,head_and_neck,0.1557692308,0.2461538462,0,4.5,5.0
segment,28,prostate,0.0201612903,0.028225806399999998,0,4.1,7.3
segment,28,cervix,0.045751634,0.1339869282,0,3.6,3.3
segment,28,bladder,0.0810810811,0.3194103194,0,2.0,3.0
segment,28,kidney,0.0090293454,0.0225733635,0,1.8,2.5
segment,28,melanoma,0.8656716418,1.0,0,0.6,1.7
segment,28,ovary,0.2746478873,0.4366197183,0,2.1,1.6
segment,28,uterus_endometrium,0.7071823204,0.8453038674,0,1.0,2.2
segment,28,thyroid,0.037109375,0.04296875,0,0.5,4.1
segment,28,brain_cns,0.0072674419,0.0087209303,0,2.5,1.6
segment,28,non_hodgkin_lymphoma,0.0212765957,0.06382978710000001,0,2.5,2.8
segment,28,leukemia_AML,0.0867052023,0.12716763,0,1.5,0.9
segment,28,mesothelioma,0.0574712644,0.1034482759,0,0.2,0.1
segment,28,testicular_germ_cell,0.6103896104,1.0,0,0.1,0.5
segment,28,adrenal,0.1818181818,0.2987012986,0,0.05,0.05
segment,29,lung,0.3662388944,0.6762092795,0,18.7,12.4
segment,29,colorectal,0.0078328982,0.0182767625,0,9.3,9.6
segment,29,liver,0.2364130435,0.31521739120000003,0,7.8,4.3
segment,29,breast,0.0637522769,0.16484517299999998,0,6.9,11.6
segment,29,stomach,0.0677966102,0.2033898306,0,6.8,4.9
segment,29,pancreas,0.0056179775,0.0056179775,0,4.8,4.1
segment,29,esophagus,0.0989010989,0.2472527474,0,4.6,4.6
segment,29,head_and_neck,0.1557692308,0.2461538462,0,4.5,5.0
segment,29,prostate,0.0201612903,0.028225806399999998,0,4.1,7.3
segment,29,cervix,0.045751634,0.1339869282,0,3.6,3.3
segment,29,bladder,0.0810810811,0.3194103194,0,2.0,3.0
segment,29,kidney,0.0090293454,0.0225733635,0,1.8,2.5
segment,29,melanoma,0.8656716418,1.0,0,0.6,1.7
segment,29,ovary,0.2746478873,0.4366197183,0,2.1,1.6
segment,29,uterus_endometrium,0.7071823204,0.8453038674,0,1.0,2.2
segment,29,thyroid,0.037109375,0.04296875,0,0.5,4.1
segment,29,brain_cns,0.0072674419,0.0087209303,0,2.5,1.6
segment,29,non_hodgkin_lymphoma,0.0212765957,0.06382978710000001,0,2.5,2.8
segment,29,leukemia_AML,0.0867052023,0.12716763,0,1.5,0.9
segment,29,mesothelioma,0.0574712644,0.1034482759,0,0.2,0.1
segment,29,testicular_germ_cell,0.6103896104,1.0,0,0.1,0.5
segment,29,adrenal,0.1818181818,0.2987012986,0,0.05,0.05
segment,30,lung,0.3662388944,0.6762092795,0,18.7,12.4
segment,30,colorectal,0.0078328982,0.0182767625,0,9.3,9.6
segment,30,liver,0.2364130435,0.31521739120000003,0,7.8,4.3
segment,30,breast,0.0637522769,0.16484517299999998,0,6.9,11.6
segment,30,stomach,0.0677966102,0.2033898306,0,6.8,4.9
segment,30,pancreas,0.0056179775,0.0056179775,0,4.8,4.1
segment,30,esophagus,0.0989010989,0.2472527474,0,4.6,4.6
segment,30,head_and_neck,0.1557692308,0.2461538462,0,4.5,5.0
segment,30,prostate,0.0201612903,0.028225806399999998,0,4.1,7.3
segment,30,cervix,0.045751634,0.1339869282,0,3.6,3.3
segment,30,bladder,0.0810810811,0.3194103194,0,2.0,3.0
segment,30,kidney,0.0090293454,0.0225733635,0,1.8,2.5
segment,30,melanoma,0.8656716418,1.0,0,0.6,1.7
segment,30,ovary,0.2746478873,0.4366197183,0,2.1,1.6
segment,30,uterus_endometrium,0.7071823204,0.8453038674,0,1.0,2.2
segment,30,thyroid,0.037109375,0.04296875,0,0.5,4.1
segment,30,brain_cns,0.0072674419,0.0087209303,0,2.5,1.6
segment,30,non_hodgkin_lymphoma,0.0212765957,0.06382978710000001,0,2.5,2.8
segment,30,leukemia_AML,0.0867052023,0.12716763,0,1.5,0.9
segment,30,mesothelioma,0.0574712644,0.1034482759,0,0.2,0.1
segment,30,testicular_germ_cell,0.6103896104,1.0,0,0.1,0.5
segment,30,adrenal,0.1818181818,0.2987012986,0,0.05,0.05
