allele,locus,regional_weighted_frequency,published_global_frequency,coverage_frequency,coverage_frequency_source,numeric_region_count,exact_region_count,proxy_group_region_count,qualitative_region_count,regional_source_labels,global_source_label,global_source_url
HLA-A*01:01,A,0.09168407328648116,0.13343,0.09168407328648116,regional_weighted,5,4,1,0,17th IHIW Indian population; Colombian Bone Marrow Registry; Italian Bone Marrow Donor Registry; Kuwaiti population; North Indian population,CIWD global allele frequency,https://www.mdpi.com/2073-4409/10/11/3048
HLA-A*02:01,A,0.15405043437670185,0.24065,0.15405043437670185,regional_weighted,6,4,2,0,Colombian Bone Marrow Registry; Free State African descent group; Italian Bone Marrow Donor Registry; Kuwaiti population; North Indian population; Yunnan Han population,CIWD global allele frequency,https://www.mdpi.com/2073-4409/10/11/3048
HLA-A*02:03,A,0.008315137055574285,0.00174,0.008315137055574285,regional_weighted,1,1,0,0,Yunnan Han population,CIWD global allele frequency,https://www.mdpi.com/2073-4409/10/11/3048
HLA-A*02:06,A,0.01080967817224657,0.00569,0.01080967817224657,regional_weighted,1,1,0,0,Yunnan Han population,CIWD global allele frequency,https://www.mdpi.com/2073-4409/10/11/3048
HLA-A*03:01,A,0.030376570887684452,0.11852,0.030376570887684452,regional_weighted,2,1,1,0,Colombian Bone Marrow Registry; North Indian population,CIWD global allele frequency,https://www.mdpi.com/2073-4409/10/11/3048
HLA-A*11:01,A,0.13482950130961335,0.06098,0.13482950130961335,regional_weighted,6,5,1,0,Kuwaiti population; North Indian population; Singapore Chinese donors; Singapore Malay donors; Thai population; Yunnan Han population,CIWD global allele frequency,https://www.mdpi.com/2073-4409/10/11/3048
HLA-A*23:01,A,0.0,0.02096,0.02096,published_global,0,0,0,0,,CIWD global allele frequency,https://www.mdpi.com/2073-4409/10/11/3048
HLA-A*24:02,A,0.12151224293975779,0.08948,0.12151224293975779,regional_weighted,6,5,1,0,Colombian Bone Marrow Registry; Italian Bone Marrow Donor Registry; Kuwaiti population; North Indian population; Singapore Indian donors; Yunnan Han population,CIWD global allele frequency,https://www.mdpi.com/2073-4409/10/11/3048
HLA-A*26:01,A,0.0,0.03352,0.03352,published_global,0,0,0,0,,CIWD global allele frequency,https://www.mdpi.com/2073-4409/10/11/3048
HLA-A*29:02,A,0.00454910661030575,0.02166,0.00454910661030575,regional_weighted,1,1,0,0,Colombian Bone Marrow Registry,CIWD global allele frequency,https://www.mdpi.com/2073-4409/10/11/3048
HLA-A*30:01,A,0.02227723606752937,0.01589,0.02227723606752937,regional_weighted,1,0,1,0,Free State African descent group,CIWD global allele frequency,https://www.mdpi.com/2073-4409/10/11/3048
HLA-A*30:02,A,0.0,0.00838,0.00838,published_global,0,0,0,0,,CIWD global allele frequency,https://www.mdpi.com/2073-4409/10/11/3048
HLA-A*31:01,A,0.0,0.02462,0.02462,published_global,0,0,0,0,,CIWD global allele frequency,https://www.mdpi.com/2073-4409/10/11/3048
HLA-A*32:01,A,0.0,0.032,0.032,published_global,0,0,0,0,,CIWD global allele frequency,https://www.mdpi.com/2073-4409/10/11/3048
HLA-A*33:01,A,0.0,0.00749,0.00749,published_global,0,0,0,0,,CIWD global allele frequency,https://www.mdpi.com/2073-4409/10/11/3048
HLA-A*68:01,A,0.004503800471979461,0.03338,0.004503800471979461,regional_weighted,1,1,0,0,Kuwaiti population,CIWD global allele frequency,https://www.mdpi.com/2073-4409/10/11/3048
HLA-A*68:02,A,0.021767070356059234,0.00834,0.021767070356059234,regional_weighted,1,0,1,0,Free State African descent group,CIWD global allele frequency,https://www.mdpi.com/2073-4409/10/11/3048
HLA-B*07:02,B,0.04592140763984337,0.10205,0.04592140763984337,regional_weighted,3,2,1,0,Colombian Bone Marrow Registry; North Indian population; South African Bone Marrow Registry,CIWD global allele frequency,https://www.mdpi.com/2073-4409/10/11/3048
HLA-B*08:01,B,0.00562391665153912,0.08462,0.00562391665153912,regional_weighted,1,1,0,0,Kuwaiti population,CIWD global allele frequency,https://www.mdpi.com/2073-4409/10/11/3048
HLA-B*15:01,B,0.041362578771297426,0.05,0.041362578771297426,regional_weighted,1,0,1,0,North Indian population,CIWD global allele frequency,https://www.mdpi.com/2073-4409/10/11/3048
HLA-B*15:02,B,0.010491304686081792,0.00261,0.010491304686081792,regional_weighted,2,2,0,0,Singapore Malay donors; Thai population,CIWD global allele frequency,https://www.mdpi.com/2073-4409/10/11/3048
HLA-B*18:01,B,0.009163468271051063,0.04534,0.009163468271051063,regional_weighted,1,1,0,0,Italian Bone Marrow Donor Registry,CIWD global allele frequency,https://www.mdpi.com/2073-4409/10/11/3048
HLA-B*27:05,B,0.0,0.02952,0.02952,published_global,0,0,0,0,,CIWD global allele frequency,https://www.mdpi.com/2073-4409/10/11/3048
HLA-B*35:01,B,0.06972993568631519,0.0527,0.06972993568631519,regional_weighted,3,1,2,0,Colombian Bone Marrow Registry; Italian Bone Marrow Donor Registry; North Indian population,CIWD global allele frequency,https://www.mdpi.com/2073-4409/10/11/3048
HLA-B*40:01,B,0.08245728067218173,0.03957,0.08245728067218173,regional_weighted,4,3,1,0,North Indian population; Singapore Chinese donors; Thai population; Yunnan Han population,CIWD global allele frequency,https://www.mdpi.com/2073-4409/10/11/3048
HLA-B*40:02,B,0.006257200280075725,0.01534,0.006257200280075725,regional_weighted,1,1,0,0,Colombian Bone Marrow Registry,CIWD global allele frequency,https://www.mdpi.com/2073-4409/10/11/3048
HLA-B*44:02,B,0.020977505770078578,0.06295,0.020977505770078578,regional_weighted,1,0,1,0,North Indian population,CIWD global allele frequency,https://www.mdpi.com/2073-4409/10/11/3048
HLA-B*44:03,B,0.02212532999662872,0.0428,0.02212532999662872,regional_weighted,2,1,1,0,Colombian Bone Marrow Registry; Free State African descent group,CIWD global allele frequency,https://www.mdpi.com/2073-4409/10/11/3048
HLA-B*46:01,B,0.04276532247607687,0.00215,0.04276532247607687,regional_weighted,2,2,0,0,Thai population; Yunnan Han population,CIWD global allele frequency,https://www.mdpi.com/2073-4409/10/11/3048
HLA-B*51:01,B,0.017612576178003683,0.05432,0.017612576178003683,regional_weighted,2,2,0,0,Italian Bone Marrow Donor Registry; Kuwaiti population,CIWD global allele frequency,https://www.mdpi.com/2073-4409/10/11/3048
HLA-B*53:01,B,0.0,0.00696,0.00696,published_global,0,0,0,0,,CIWD global allele frequency,https://www.mdpi.com/2073-4409/10/11/3048
HLA-B*57:01,B,0.0,0.03134,0.03134,published_global,0,0,0,0,,CIWD global allele frequency,https://www.mdpi.com/2073-4409/10/11/3048
HLA-B*58:01,B,0.008311901921630662,0.01224,0.008311901921630662,regional_weighted,2,2,0,0,Kuwaiti population; Thai population,CIWD global allele frequency,https://www.mdpi.com/2073-4409/10/11/3048
HLA-C*01:02,C,0.06699581572054668,0.03512,0.06699581572054668,regional_weighted,3,3,0,0,Colombian Bone Marrow Registry; Thai population; Yunnan Han population,CIWD global allele frequency,https://www.mdpi.com/2073-4409/10/11/3048
HLA-C*02:02,C,0.0,0.04281,0.04281,published_global,0,0,0,0,,CIWD global allele frequency,https://www.mdpi.com/2073-4409/10/11/3048
HLA-C*03:02,C,0.0,0.00779,0.00779,published_global,0,0,0,0,,CIWD global allele frequency,https://www.mdpi.com/2073-4409/10/11/3048
HLA-C*03:03,C,0.0,0.04237,0.04237,published_global,0,0,0,0,,CIWD global allele frequency,https://www.mdpi.com/2073-4409/10/11/3048
HLA-C*03:04,C,0.07321138585617594,0.06076,0.07321138585617594,regional_weighted,3,2,1,0,Colombian Bone Marrow Registry; North Indian population; Yunnan Han population,CIWD global allele frequency,https://www.mdpi.com/2073-4409/10/11/3048
HLA-C*04:01,C,0.11732414356474158,0.11062,0.11732414356474158,regional_weighted,5,3,2,0,Colombian Bone Marrow Registry; Free State African descent group; Italian Bone Marrow Donor Registry; Kuwaiti population; North Indian population,CIWD global allele frequency,https://www.mdpi.com/2073-4409/10/11/3048
HLA-C*04:03,C,0.0027439952283395143,0.019,0.0027439952283395143,regional_weighted,1,1,0,0,Allele Frequency Net Database: China South Han pop 2,Sarkizova HLA-C global allele frequency,https://pmc.ncbi.nlm.nih.gov/articles/PMC12738900/
HLA-C*05:01,C,0.0,0.05597,0.05597,published_global,0,0,0,0,,CIWD global allele frequency,https://www.mdpi.com/2073-4409/10/11/3048
HLA-C*06:02,C,0.08588981354217992,0.08771,0.08588981354217992,regional_weighted,5,3,2,0,Free State African descent group; Italian Bone Marrow Donor Registry; Kuwaiti population; North Indian population; Singapore Indian donors,CIWD global allele frequency,https://www.mdpi.com/2073-4409/10/11/3048
HLA-C*07:01,C,0.0299471149607116,0.11948,0.0299471149607116,regional_weighted,3,3,0,0,Colombian Bone Marrow Registry; Italian Bone Marrow Donor Registry; Kuwaiti population,CIWD global allele frequency,https://www.mdpi.com/2073-4409/10/11/3048
HLA-C*07:02,C,0.17767366380539928,0.11093,0.17767366380539928,regional_weighted,8,6,2,0,Colombian Bone Marrow Registry; Free State African descent group; Kuwaiti population; North Indian population; Singapore Chinese donors; South African Bone Marrow Registry; Thai population; Yunnan Han population,CIWD global allele frequency,https://www.mdpi.com/2073-4409/10/11/3048
HLA-C*07:04,C,0.0,0.01709,0.01709,published_global,0,0,0,0,,CIWD global allele frequency,https://www.mdpi.com/2073-4409/10/11/3048
HLA-C*08:01,C,0.018350644433494982,0.00515,0.018350644433494982,regional_weighted,2,2,0,0,Singapore Malay donors; Thai population,CIWD global allele frequency,https://www.mdpi.com/2073-4409/10/11/3048
HLA-C*08:02,C,0.0,0.02483,0.02483,published_global,0,0,0,0,,CIWD global allele frequency,https://www.mdpi.com/2073-4409/10/11/3048
HLA-C*12:02,C,0.0,0.01526,0.01526,published_global,0,0,0,0,,CIWD global allele frequency,https://www.mdpi.com/2073-4409/10/11/3048
HLA-C*12:03,C,0.018181871580093878,0.05491,0.018181871580093878,regional_weighted,2,1,1,0,Kuwaiti population; North Indian population,CIWD global allele frequency,https://www.mdpi.com/2073-4409/10/11/3048
HLA-C*14:02,C,0.0,0.01383,0.01383,published_global,0,0,0,0,,CIWD global allele frequency,https://www.mdpi.com/2073-4409/10/11/3048
HLA-C*14:03,C,0.0,0.00067,0.00067,published_global,0,0,0,0,,CIWD global allele frequency,https://www.mdpi.com/2073-4409/10/11/3048
HLA-C*15:02,C,0.007156297813853375,0.02573,0.007156297813853375,regional_weighted,1,1,0,0,Kuwaiti population,CIWD global allele frequency,https://www.mdpi.com/2073-4409/10/11/3048
HLA-C*16:01,C,0.0,0.02241,0.02241,published_global,0,0,0,0,,CIWD global allele frequency,https://www.mdpi.com/2073-4409/10/11/3048
HLA-C*17:01,C,0.004184878504188169,0.01273,0.004184878504188169,regional_weighted,1,1,0,0,Kuwaiti population,CIWD global allele frequency,https://www.mdpi.com/2073-4409/10/11/3048
