dataset,path,sha256,size_bytes,upstream_description,locator_basis,upstream_record_locator_status
iedb,/Users/iskander/code/pfo-analysis/pfo019/cta-selection/data/mhc_ligand_full.csv,957337189072a918fe38a216cfa4893cb08a74c35027ce0489252dd446eb6ad8,7773476136,,ingested_csv_logical_data_row_1_based,assay_iri_when_reported
cedar,/Users/iskander/code/pfo-analysis/pfo004/cta-vaccine-design/data/cedar-mhc-ligand-full.csv,3b137c99686c0df9f930a4e287995e818e289f7df47c6eeb56dbcb1c7f39d8e6,6945931753,,ingested_csv_logical_data_row_1_based,assay_iri_when_reported
supplement:abelin_2019_maptac_class1.csv,/Users/iskander/code/tsarina/.venv-vaccine/lib/python3.12/site-packages/hitlist/data/supplementary/abelin_2019_maptac_class1.csv,74ec46e105ae406d89971fe2c87d3e03b36c8f650f8d78695425dd467bca9c42,246822,"Immunity 2019 Table S1B, sheet DataS1B",ingested_csv_logical_data_row_1_based,not_available
supplement:abelin_2019_maptac_class2.csv,/Users/iskander/Library/Caches/hitlist/abelin_2019_maptac_class2.csv,a9b6454f05c24c11113bde92d35f3222d60eb0746ef8e6ac34ed2b0b6daa1c47,1638237,"Immunity 2019 Table S1B, sheet DataS1B",ingested_csv_logical_data_row_1_based,not_available
supplement:abelin_2019_dr_tissue.csv,/Users/iskander/code/tsarina/.venv-vaccine/lib/python3.12/site-packages/hitlist/data/supplementary/abelin_2019_dr_tissue.csv,f95bb24097fc26a3272b3fb9942ae7dc8e4800b5a6cea2d9a6d92530d33b073c,210368,"Immunity 2019 Table S1B, sheet DataS1B",ingested_csv_logical_data_row_1_based,not_available
supplement:strazar_2023_hla2.csv,/Users/iskander/Library/Caches/hitlist/strazar_2023_hla2.csv,3dc547ae7cd4cfd735794e30c52430bb33f52d3960644d24bf07e44d6496e085,13932615,Immunity 2023 Table S2 / ST_ligands_merged.csv (mmc3.zip),ingested_csv_logical_data_row_1_based,not_available
supplement:gomez_zepeda_2024_jy.csv,/Users/iskander/code/tsarina/.venv-vaccine/lib/python3.12/site-packages/hitlist/data/supplementary/gomez_zepeda_2024_jy.csv,9eecfa2a8deeb75dc504caecfe659fb8cbbb58625180046ab2a68782d7cfa8b2,577082,Nature Comms S5+S6 (deep profiling) + S3+S4 (method comparison),ingested_csv_logical_data_row_1_based,not_available
supplement:gomez_zepeda_2024_hela.csv,/Users/iskander/code/tsarina/.venv-vaccine/lib/python3.12/site-packages/hitlist/data/supplementary/gomez_zepeda_2024_hela.csv,56ea133ccd210f4267b366756d2693279349b962b95087e787f2c00cdc8f6709,261764,Nature Comms S3+S4 (method comparison),ingested_csv_logical_data_row_1_based,not_available
supplement:gomez_zepeda_2024_skmel37.csv,/Users/iskander/code/tsarina/.venv-vaccine/lib/python3.12/site-packages/hitlist/data/supplementary/gomez_zepeda_2024_skmel37.csv,c2d04f556f1bc39cee8856fc753a03739b5baf344e478cd973c7339496a1d207,286030,Nature Comms S3+S4 (method comparison),ingested_csv_logical_data_row_1_based,not_available
supplement:gomez_zepeda_2024_raji.csv,/Users/iskander/code/tsarina/.venv-vaccine/lib/python3.12/site-packages/hitlist/data/supplementary/gomez_zepeda_2024_raji.csv,6e9b2d322aec33ff69a20050c842ce97111521576d0b012c206ec5507110c672,668528,Nature Comms S5+S6 (deep profiling),ingested_csv_logical_data_row_1_based,not_available
supplement:gomez_zepeda_2024_plasma.csv,/Users/iskander/code/tsarina/.venv-vaccine/lib/python3.12/site-packages/hitlist/data/supplementary/gomez_zepeda_2024_plasma.csv,133fa549b65cd962a10648e72c4185dd5be1e2706b1f6388067d7ffbc6048718,33847,Nature Comms S3+S4 (method comparison),ingested_csv_logical_data_row_1_based,not_available
supplement:shapiro_2025_hap1_wildtype.csv,/Users/iskander/code/tsarina/.venv-vaccine/lib/python3.12/site-packages/hitlist/data/supplementary/shapiro_2025_hap1_wildtype.csv,ee2fe18ad0b10382d400670e3d2215c71714aad9234ac95b89bb9410055bdafb,250548,MCP supplementary mmc6.csv (PMC12090245),ingested_csv_logical_data_row_1_based,not_available
supplement:shapiro_2025_hap1_b2m_ko.csv,/Users/iskander/code/tsarina/.venv-vaccine/lib/python3.12/site-packages/hitlist/data/supplementary/shapiro_2025_hap1_b2m_ko.csv,5d32d27ba14100925f3647644e6cb8c9ee2024e2dd4512b5e03b685c451c4364,7650,MCP supplementary mmc6.csv (PMC12090245),ingested_csv_logical_data_row_1_based,not_available
supplement:shapiro_2025_hap1_calr_ko.csv,/Users/iskander/code/tsarina/.venv-vaccine/lib/python3.12/site-packages/hitlist/data/supplementary/shapiro_2025_hap1_calr_ko.csv,6246a14486388806dc20f0bc7150be19653498f1fedffb6e7e45a51e4a4a0a69,232191,MCP supplementary mmc6.csv (PMC12090245),ingested_csv_logical_data_row_1_based,not_available
supplement:shapiro_2025_hap1_canx_ko.csv,/Users/iskander/code/tsarina/.venv-vaccine/lib/python3.12/site-packages/hitlist/data/supplementary/shapiro_2025_hap1_canx_ko.csv,8672e8c0d7bc0fd637a22a5b9d19f5b3020ff5d9c5d4f8fa1eecfbe36186d96b,217182,MCP supplementary mmc6.csv (PMC12090245),ingested_csv_logical_data_row_1_based,not_available
supplement:shapiro_2025_hap1_erap1_ko.csv,/Users/iskander/code/tsarina/.venv-vaccine/lib/python3.12/site-packages/hitlist/data/supplementary/shapiro_2025_hap1_erap1_ko.csv,596a10f1eadeee71d2c24f4fa1b512862775672b2bc4999b5a726624d1d8a170,125926,MCP supplementary mmc6.csv (PMC12090245),ingested_csv_logical_data_row_1_based,not_available
supplement:shapiro_2025_hap1_ganab_ko.csv,/Users/iskander/code/tsarina/.venv-vaccine/lib/python3.12/site-packages/hitlist/data/supplementary/shapiro_2025_hap1_ganab_ko.csv,5b6cec7cafafe17e823ca9789d5859ac2877f9120fdbe18c7621a330605bf2d2,151604,MCP supplementary mmc6.csv (PMC12090245),ingested_csv_logical_data_row_1_based,not_available
supplement:shapiro_2025_hap1_irf2_ko.csv,/Users/iskander/code/tsarina/.venv-vaccine/lib/python3.12/site-packages/hitlist/data/supplementary/shapiro_2025_hap1_irf2_ko.csv,91836f74a6868cac49b5638add348792d1920521b2e701be66ced1d5adfbdab5,70407,MCP supplementary mmc6.csv (PMC12090245),ingested_csv_logical_data_row_1_based,not_available
supplement:shapiro_2025_hap1_pdia3_ko.csv,/Users/iskander/code/tsarina/.venv-vaccine/lib/python3.12/site-packages/hitlist/data/supplementary/shapiro_2025_hap1_pdia3_ko.csv,a24382e88da5dc06c877a5e1027db6ab26a765911840ffc173613fc2560ab608,95826,MCP supplementary mmc6.csv (PMC12090245),ingested_csv_logical_data_row_1_based,not_available
supplement:shapiro_2025_hap1_sppl3_ko.csv,/Users/iskander/code/tsarina/.venv-vaccine/lib/python3.12/site-packages/hitlist/data/supplementary/shapiro_2025_hap1_sppl3_ko.csv,38d66d6ca3dd12f1e13e0e448cf06cac6b9c229ccf2682f440fe8a8fb74da4a8,199225,MCP supplementary mmc6.csv (PMC12090245),ingested_csv_logical_data_row_1_based,not_available
supplement:shapiro_2025_hap1_tap1_ko.csv,/Users/iskander/code/tsarina/.venv-vaccine/lib/python3.12/site-packages/hitlist/data/supplementary/shapiro_2025_hap1_tap1_ko.csv,babd57cb0fad48365369bbcb64f6c4fcb8a372f7bce6fd1e08e9d987c0e5bb38,120243,MCP supplementary mmc6.csv (PMC12090245),ingested_csv_logical_data_row_1_based,not_available
supplement:shapiro_2025_hap1_tap2_ko.csv,/Users/iskander/code/tsarina/.venv-vaccine/lib/python3.12/site-packages/hitlist/data/supplementary/shapiro_2025_hap1_tap2_ko.csv,d0163b980196dd24fbb6f8a24d026d410f049a2cd9bf7e572c97d1896ed33867,42720,MCP supplementary mmc6.csv (PMC12090245),ingested_csv_logical_data_row_1_based,not_available
supplement:shapiro_2025_hap1_tapbp_ko.csv,/Users/iskander/code/tsarina/.venv-vaccine/lib/python3.12/site-packages/hitlist/data/supplementary/shapiro_2025_hap1_tapbp_ko.csv,86773579291c8fa0d51e8b5b0dbc57a2bf07646695f2eb21449f27bdcc154766,59337,MCP supplementary mmc6.csv (PMC12090245),ingested_csv_logical_data_row_1_based,not_available
