rank,proteoform_key,name,eligible,selected,selection_reason
1,XAGE1A/B,XAGE1A/XAGE1B,True,True,selected
2,ENSG00000147381,MAGEA4,True,True,selected
3,ENSG00000185686,PRAME,True,True,selected
4,ENSG00000221867,MAGEA3,False,False,excluded_gene_pattern
5,ENSG00000197172,MAGEA6,False,False,excluded_gene_pattern
6,ENSG00000234068,PAGE2,True,False,budget_not_selected
7,NY-ESO-1,CTAG1A/CTAG1B,True,True,selected
8,ENSG00000205777,GAGE1,True,False,no_qualified_panel_ms_ligands
9,ENSG00000189064,GAGE2A,True,False,no_qualified_panel_ms_ligands
10,MAGEA9/B,MAGEA9/MAGEA9B,False,False,excluded_gene_pattern
11,ENSG00000158639,PAGE5,True,False,budget_not_selected
12,ENSG00000238269,PAGE2B,True,False,budget_not_selected
13,ENSG00000274274,GAGE13,True,False,no_qualified_panel_ms_ligands
14,CGB3/5/8,CGB8,True,False,no_cta_specific_sequence
15,ENSG00000188120,DAZ1,True,False,no_cta_specific_sequence
16,ENSG00000170516,COX7B2,True,False,no_qualified_panel_ms_ligands
17,ENSG00000117148,ACTL8,True,True,selected
18,ENSG00000046774,MAGEC2,False,False,excluded_gene_pattern
19,ENSG00000007350,TKTL1,True,False,budget_not_selected
20,GAGE12C/D/E,GAGE12C/GAGE12D/GAGE12E,True,False,no_qualified_panel_ms_ligands
21,MAGEA2/B,MAGEA2/MAGEA2B,False,False,excluded_gene_pattern
22,ENSG00000068985,PAGE1,True,False,no_qualified_panel_ms_ligands
23,ENSG00000224659,GAGE12J,True,False,no_qualified_panel_ms_ligands
24,ENSG00000224902,GAGE12H,True,False,no_qualified_panel_ms_ligands
25,ENSG00000204019,CT83,True,False,budget_not_selected
26,ENSG00000155622,XAGE2,True,True,selected
27,CXorf49/B,CXorf49/CXorf49B,True,True,selected
28,ENSG00000126752,SSX1,True,False,budget_not_selected
29,ENSG00000227234,SPANXB1,True,True,selected
30,ENSG00000169059,VCX3A,True,False,no_qualified_panel_ms_ligands
31,SSX4/B,SSX4/SSX4B,True,True,selected
32,ENSG00000141096,DPEP3,True,False,budget_not_selected
33,ENSG00000233803,TSPY4,True,False,no_cta_specific_sequence
34,VCY/1B,VCY/VCY1B,True,False,no_qualified_panel_ms_ligands
35,ENSG00000198681,MAGEA1,False,False,excluded_gene_pattern
36,ENSG00000269586,CT45A10,True,False,no_qualified_panel_ms_ligands
37,ENSG00000099399,MAGEB2,False,False,excluded_gene_pattern
38,CT45A5/6/7,CT45A7,True,False,no_cta_specific_sequence
39,SPANXA1/2,SPANXA1/SPANXA2,True,False,budget_not_selected
40,ENSG00000168757,TSPY2,True,False,no_qualified_panel_ms_ligands
41,TSPY10/3,TSPY10/TSPY3,True,False,no_cta_specific_sequence
42,ENSG00000258992,TSPY1,True,False,no_qualified_panel_ms_ligands
43,ENSG00000205642,VCX3B,True,False,no_qualified_panel_ms_ligands
44,ENSG00000167634,NLRP7,True,True,selected
45,ENSG00000182583,VCX,True,False,no_qualified_panel_ms_ligands
46,ENSG00000170498,KISS1,True,True,selected
47,ENSG00000213401,MAGEA12,False,False,excluded_gene_pattern
48,ENSG00000187690,EZHIP,True,False,no_qualified_panel_ms_ligands
49,SSX2/B,SSX2/SSX2B,True,True,selected
50,ENSG00000124092,CTCFL,True,False,budget_not_selected
51,ENSG00000198759,EGFL6,True,False,no_qualified_panel_ms_ligands
52,ENSG00000198573,SPANXC,True,False,budget_not_selected
53,ENSG00000131721,RHOXF2,True,True,selected
54,ENSG00000196406,SPANXD,True,False,budget_not_selected
55,ENSG00000238083,LRRC37A2,True,False,no_qualified_panel_ms_ligands
56,ENSG00000204941,PSG5,True,False,no_qualified_panel_ms_ligands
57,ENSG00000143512,HHIPL2,True,True,selected
58,ENSG00000006634,DBF4,True,False,budget_not_selected
59,ENSG00000177627,C12orf54,True,False,no_qualified_panel_ms_ligands
60,ENSG00000233056,ERVH48-1,True,False,budget_not_selected
61,ENSG00000171495,MROH2B,True,False,budget_not_selected
62,ENSG00000124260,MAGEA10,False,False,excluded_gene_pattern
63,ENSG00000203989,RHOXF2B,True,False,budget_not_selected
64,ENSG00000203909,DPPA5,True,False,no_qualified_panel_ms_ligands
65,ENSG00000006659,LGALS14,True,False,budget_not_selected
66,ENSG00000274183,H2AB1,True,False,no_qualified_panel_ms_ligands
67,ENSG00000171402,XAGE3,True,False,budget_not_selected
68,ENSG00000120211,INSL4,True,False,no_qualified_panel_ms_ligands
69,ENSG00000112273,HDGFL1,True,False,budget_not_selected
70,ENSG00000006047,YBX2,True,False,no_cta_specific_sequence
71,ENSG00000143452,HORMAD1,True,False,budget_not_selected
72,ENSG00000118245,TNP1,True,False,no_qualified_panel_ms_ligands
73,ENSG00000132446,FTHL17,True,False,budget_not_selected
74,ENSG00000221826,PSG3,True,False,no_qualified_panel_ms_ligands
75,ENSG00000179046,TRIML2,True,True,selected
76,ENSG00000229549,TSPY8,True,False,no_cta_specific_sequence
77,ENSG00000215274,GAGE10,True,False,no_qualified_panel_ms_ligands
78,ENSG00000171794,UTF1,True,False,budget_not_selected
79,ENSG00000163958,ZDHHC19,True,True,selected
80,ENSG00000170848,PSG6,True,False,no_qualified_panel_ms_ligands
81,CT45A2/8/9,CT45A2/CT45A8,True,False,no_cta_specific_sequence
82,ENSG00000261949,GFY,True,False,budget_not_selected
83,ENSG00000243130,PSG11,True,False,budget_not_selected
84,ENSG00000187191,DAZ3,True,False,no_cta_specific_sequence
85,ENSG00000124490,CRISP2,True,False,no_qualified_panel_ms_ligands
86,ENSG00000168619,ADAM18,True,False,budget_not_selected
87,ENSG00000248099,INSL3,True,False,no_qualified_panel_ms_ligands
88,HSFY1/2,HSFY2,True,False,no_cta_specific_sequence
89,ENSG00000231924,PSG1,True,False,no_qualified_panel_ms_ligands
90,ENSG00000203784,LELP1,True,False,no_qualified_panel_ms_ligands
91,ENSG00000147378,FATE1,True,False,no_qualified_panel_ms_ligands
92,ENSG00000125207,PIWIL1,True,True,selected
93,ENSG00000137948,BRDT,True,False,budget_not_selected
94,ENSG00000159708,LRRC36,True,False,budget_not_selected
95,ENSG00000131126,TEX101,True,False,no_qualified_panel_ms_ligands
96,ENSG00000163530,DPPA2,True,False,no_qualified_panel_ms_ligands
97,ENSG00000143006,DMRTB1,True,False,no_qualified_panel_ms_ligands
98,ENSG00000137869,CYP19A1,True,False,budget_not_selected
99,ENSG00000155495,MAGEC1,False,False,excluded_gene_pattern
100,ENSG00000179059,ZFP42,True,False,no_qualified_panel_ms_ligands
101,ENSG00000121101,TEX14,True,False,budget_not_selected
102,ENSG00000156009,MAGEA8,False,False,excluded_gene_pattern
103,ENSG00000153060,TEKT5,True,False,budget_not_selected
104,ENSG00000243978,RTL9,True,False,budget_not_selected
105,ENSG00000174898,CATSPERD,True,False,budget_not_selected
106,ENSG00000168026,TTC21A,True,False,budget_not_selected
107,ENSG00000092345,DAZL,True,False,budget_not_selected
108,ENSG00000183668,PSG9,True,False,budget_not_selected
109,ENSG00000197651,CCER1,True,False,no_qualified_panel_ms_ligands
110,ENSG00000164299,SPZ1,True,False,budget_not_selected
111,ENSG00000175646,PRM1,True,False,no_qualified_panel_ms_ligands
112,ENSG00000176988,FMR1NB,True,False,no_qualified_panel_ms_ligands
113,ENSG00000176566,DCAF4L2,True,False,budget_not_selected
114,ENSG00000176177,ENTHD1,True,False,budget_not_selected
115,ENSG00000104755,ADAM2,True,False,budget_not_selected
116,ENSG00000137225,CAPN11,True,False,budget_not_selected
117,ENSG00000223601,EBLN1,True,True,selected
118,ENSG00000165584,SSX3,True,False,budget_not_selected
119,ENSG00000182459,TEX19,True,False,no_qualified_panel_ms_ligands
120,ENSG00000171405,XAGE5,True,False,budget_not_selected
121,ENSG00000165863,SPMIP5,True,False,no_cta_specific_sequence
122,ENSG00000162641,AKNAD1,True,False,budget_not_selected
123,ENSG00000234414,RBMY1A1,True,False,no_qualified_panel_ms_ligands
124,ENSG00000268964,ERVV-2,True,False,no_qualified_panel_ms_ligands
125,ENSG00000139351,SYCP3,True,False,budget_not_selected
126,ENSG00000206557,TRIM71,True,False,no_cta_specific_sequence
127,ENSG00000185792,NLRP9,True,True,selected
128,ENSG00000102021,LUZP4,True,False,no_qualified_panel_ms_ligands
129,ENSG00000126856,PRDM7,True,False,no_qualified_panel_ms_ligands
130,ENSG00000236446,CT47B1,True,False,no_cta_specific_sequence
131,ENSG00000166049,PASD1,True,False,budget_not_selected
132,ENSG00000185888,PRSS38,True,True,selected
133,ENSG00000105198,LGALS13,True,False,budget_not_selected
134,ENSG00000135248,GARIN1B,True,True,selected
135,ENSG00000122304,PRM2,True,True,selected
136,ENSG00000182308,DCAF4L1,True,False,budget_not_selected
137,ENSG00000170965,PLAC1,True,False,budget_not_selected
138,ENSG00000165805,C12orf50,True,False,budget_not_selected
139,ENSG00000205442,IZUMO3,True,False,no_qualified_panel_ms_ligands
140,ENSG00000124467,PSG8,True,False,no_qualified_panel_ms_ligands
141,ENSG00000111254,AKAP3,True,False,budget_not_selected
142,ENSG00000106013,ANKRD7,True,True,selected
143,ENSG00000140932,CMTM2,True,False,no_qualified_panel_ms_ligands
144,ENSG00000213218,CSH2,True,False,no_cta_specific_sequence
145,ENSG00000176256,HMGB4,True,False,no_qualified_panel_ms_ligands
146,ENSG00000010318,PHF7,True,False,no_qualified_panel_ms_ligands
147,ENSG00000163206,SMCP,True,False,no_qualified_panel_ms_ligands
148,ENSG00000163467,TSACC,True,False,no_qualified_panel_ms_ligands
149,ENSG00000283599,,True,False,non_positive_score
150,ENSG00000100312,ACR,True,False,non_positive_score
151,ENSG00000134940,ACRV1,True,False,non_positive_score
152,ENSG00000130377,ACSBG2,True,False,non_positive_score
153,ENSG00000187003,ACTL7A,True,False,non_positive_score
154,ENSG00000148156,ACTL7B,True,False,non_positive_score
155,ENSG00000181786,ACTL9,True,False,non_positive_score
156,ENSG00000123165,ACTRT1,True,False,non_positive_score
157,ENSG00000164113,ADAD1,True,False,non_positive_score
158,ENSG00000140955,ADAD2,True,False,non_positive_score
159,ENSG00000134007,ADAM20,True,False,non_positive_score
160,ENSG00000168594,ADAM29,True,False,non_positive_score
161,ENSG00000134249,ADAM30,True,False,non_positive_score
162,ENSG00000197140,ADAM32,True,False,non_positive_score
163,ENSG00000182035,ADIG,True,False,non_positive_score
164,ENSG00000147081,AKAP4,True,False,non_positive_score
165,ENSG00000151360,ALLC,True,False,non_positive_score
166,ENSG00000227059,ANHX,True,False,non_positive_score
167,ENSG00000151687,ANKAR,True,False,non_positive_score
168,ENSG00000124227,ANKRD60,True,False,non_positive_score
169,ENSG00000181626,ANKRD62,True,False,non_positive_score
170,ENSG00000174225,ARL13A,True,False,non_positive_score
171,ENSG00000260286,ARMH2,True,False,non_positive_score
172,ENSG00000154007,ASB17,True,False,non_positive_score
173,ENSG00000154438,ASZ1,True,False,non_positive_score
174,ENSG00000123594,ATXN3L,True,False,non_positive_score
175,ENSG00000177324,BEND2,True,False,non_positive_score
176,ENSG00000228075,BOD1L2,True,False,non_positive_score
177,ENSG00000152430,BOLL,True,False,non_positive_score
178,ENSG00000131059,BPIFA3,True,False,non_positive_score
179,BPY2/B/C,BPY2,True,False,non_positive_score
180,ENSG00000233436,BTBD18,True,False,non_positive_score
181,ENSG00000183559,C10orf120,True,False,non_positive_score
182,ENSG00000178645,C10orf53,True,False,non_positive_score
183,ENSG00000203942,C10orf62,True,False,non_positive_score
184,ENSG00000180878,C11orf42,True,False,non_positive_score
185,ENSG00000179088,C12orf42,True,False,non_positive_score
186,ENSG00000166152,C16orf78,True,False,non_positive_score
187,ENSG00000234186,C16orf82,True,False,non_positive_score
188,ENSG00000215131,C16orf90,True,False,non_positive_score
189,ENSG00000205832,C16orf96,True,False,non_positive_score
190,ENSG00000270806,C17orf50,True,False,non_positive_score
191,ENSG00000206043,C18orf63,True,False,non_positive_score
192,ENSG00000188032,C19orf67,True,False,non_positive_score
193,ENSG00000204006,C1orf185,True,False,non_positive_score
194,ENSG00000142698,C1orf94,True,False,non_positive_score
195,ENSG00000258713,C20orf141,True,False,non_positive_score
196,ENSG00000149609,C20orf144,True,False,non_positive_score
197,ENSG00000125975,C20orf173,True,False,non_positive_score
198,ENSG00000155754,C2CD6,True,False,non_positive_score
199,ENSG00000187833,C2orf78,True,False,non_positive_score
200,ENSG00000131379,C3orf20,True,False,non_positive_score
201,ENSG00000180697,C3orf22,True,False,non_positive_score
202,ENSG00000236980,C3orf84,True,False,non_positive_score
203,ENSG00000138813,C4orf17,True,False,non_positive_score
204,ENSG00000237136,C4orf51,True,False,non_positive_score
205,ENSG00000185056,C5orf47,True,False,non_positive_score
206,ENSG00000187658,C5orf52,True,False,non_positive_score
207,ENSG00000171060,C8orf74,True,False,non_positive_score
208,ENSG00000204669,C9orf57,True,False,non_positive_score
209,ENSG00000145309,CABS1,True,False,non_positive_score
210,ENSG00000164304,CAGE1,True,False,non_positive_score
211,ENSG00000269058,CALR3,True,False,non_positive_score
212,ENSG00000177938,CAPZA3,True,False,non_positive_score
213,ENSG00000175294,CATSPER1,True,False,non_positive_score
214,ENSG00000188782,CATSPER4,True,False,non_positive_score
215,ENSG00000219435,CATSPERZ,True,False,non_positive_score
216,ENSG00000175809,CBLL2,True,False,non_positive_score
217,ENSG00000174015,CBY2,True,False,non_positive_score
218,ENSG00000161180,CCDC116,True,False,non_positive_score
219,ENSG00000163749,CCDC158,True,False,non_positive_score
220,ENSG00000255181,CCDC166,True,False,non_positive_score
221,ENSG00000175820,CCDC168,True,False,non_positive_score
222,ENSG00000255359,CCDC179,True,False,non_positive_score
223,ENSG00000166329,CCDC182,True,False,non_positive_score
224,ENSG00000178395,CCDC185,True,False,non_positive_score
225,ENSG00000196553,CCDC196,True,False,non_positive_score
226,ENSG00000162592,CCDC27,True,False,non_positive_score
227,ENSG00000161973,CCDC42,True,False,non_positive_score
228,ENSG00000138483,CCDC54,True,False,non_positive_score
229,ENSG00000130783,CCDC62,True,False,non_positive_score
230,ENSG00000123171,CCDC70,True,False,non_positive_score
231,ENSG00000186714,CCDC73,True,False,non_positive_score
232,ENSG00000150676,CCDC83,True,False,non_positive_score
233,ENSG00000185972,CCIN,True,False,non_positive_score
234,ENSG00000198445,CCT8L2,True,False,non_positive_score
235,ENSG00000206531,CD200R1L,True,False,non_positive_score
236,ENSG00000205111,CDKL4,True,False,non_positive_score
237,CDY2A/B,CDY2B,True,False,non_positive_score
238,ENSG00000177143,CETN1,True,False,non_positive_score
239,ENSG00000231256,CFAP97D1,True,False,non_positive_score
240,ENSG00000104818,CGB2,True,False,non_positive_score
241,ENSG00000141371,CHCT1,True,False,non_positive_score
242,ENSG00000177947,CIMAP1A,True,False,non_positive_score
243,ENSG00000188163,CIMIP2A,True,False,non_positive_score
244,ENSG00000185264,CIMIP4,True,False,non_positive_score
245,ENSG00000234469,CLDN34,True,False,non_positive_score
246,ENSG00000176571,CNBD1,True,False,non_positive_score
247,ENSG00000147183,CPXCR1,True,False,non_positive_score
248,ENSG00000180138,CSNK1A1L,True,False,non_positive_score
249,ENSG00000125815,CST8,True,False,non_positive_score
250,ENSG00000125823,CSTL1,True,False,non_positive_score
251,CT47A1/10/11/12/2/3/4/5/6/7/8/9,CT47A1/CT47A10/CT47A11/CT47A12/CT47A2/CT47A3/CT47A4/CT47A5/CT47A6/CT47A7/CT47A8/CT47A9,True,False,non_positive_score
252,ENSG00000169551,CT55,True,False,non_positive_score
253,ENSG00000212710,CTAGE1,True,False,non_positive_score
254,ENSG00000271321,CTAGE6,True,False,non_positive_score
255,ENSG00000236761,CTAGE9,True,False,non_positive_score
256,CXorf51A/B,CXorf51B,True,False,non_positive_score
257,ENSG00000165182,CXorf58,True,False,non_positive_score
258,ENSG00000203933,CXorf66,True,False,non_positive_score
259,ENSG00000183035,CYLC1,True,False,non_positive_score
260,ENSG00000155833,CYLC2,True,False,non_positive_score
261,ENSG00000189186,DCAF8L2,True,False,non_positive_score
262,ENSG00000170967,DDI1,True,False,non_positive_score
263,ENSG00000152670,DDX4,True,False,non_positive_score
264,ENSG00000184735,DDX53,True,False,non_positive_score
265,ENSG00000139549,DHH,True,False,non_positive_score
266,ENSG00000104901,DKKL1,True,False,non_positive_score
267,ENSG00000137090,DMRT1,True,False,non_positive_score
268,ENSG00000142025,DMRTC2,True,False,non_positive_score
269,ENSG00000179407,DNAJB8,True,False,non_positive_score
270,ENSG00000189037,DUSP21,True,False,non_positive_score
271,ENSG00000184786,DYNLT2,True,False,non_positive_score
272,ENSG00000172421,EFCAB3,True,False,non_positive_score
273,ENSG00000215529,EFCAB8,True,False,non_positive_score
274,ENSG00000214360,EFCAB9,True,False,non_positive_score
275,ENSG00000120160,EQTN,True,False,non_positive_score
276,ENSG00000163645,ERICH6,True,False,non_positive_score
277,ENSG00000165837,ERICH6B,True,False,non_positive_score
278,ENSG00000123576,ESX1,True,False,non_positive_score
279,ENSG00000178997,EXD1,True,False,non_positive_score
280,ENSG00000164334,FAM170A,True,False,non_positive_score
281,ENSG00000172538,FAM170B,True,False,non_positive_score
282,ENSG00000185958,FAM186A,True,False,non_positive_score
283,ENSG00000135436,FAM186B,True,False,non_positive_score
284,ENSG00000177558,FAM187B,True,False,non_positive_score
285,ENSG00000213714,FAM209B,True,False,non_positive_score
286,ENSG00000203795,FAM24A,True,False,non_positive_score
287,ENSG00000185448,FAM47A,True,False,non_positive_score
288,ENSG00000189132,FAM47B,True,False,non_positive_score
289,ENSG00000198173,FAM47C,True,False,non_positive_score
290,ENSG00000183304,FAM9A,True,False,non_positive_score
291,ENSG00000163705,FANCD2OS,True,False,non_positive_score
292,ENSG00000106336,FBXO24,True,False,non_positive_score
293,ENSG00000177294,FBXO39,True,False,non_positive_score
294,ENSG00000156509,FBXO43,True,False,non_positive_score
295,ENSG00000204952,FBXO47,True,False,non_positive_score
296,ENSG00000077800,FKBP6,True,False,non_positive_score
297,ENSG00000125531,FNDC11,True,False,non_positive_score
298,ENSG00000143107,FNDC7,True,False,non_positive_score
299,ENSG00000073598,FNDC8,True,False,non_positive_score
300,ENSG00000176302,FOXR1,True,False,non_positive_score
301,ENSG00000189299,FOXR2,True,False,non_positive_score
302,ENSG00000234776,FREY1,True,False,non_positive_score
303,ENSG00000189139,FSCB,True,False,non_positive_score
304,ENSG00000106328,FSCN3,True,False,non_positive_score
305,ENSG00000170820,FSHR,True,False,non_positive_score
306,ENSG00000181867,FTMT,True,False,non_positive_score
307,ENSG00000215568,GAB4,True,False,non_positive_score
308,GAGE12F/G,GAGE12F/GAGE12G,True,False,non_positive_score
309,ENSG00000172717,GARIN2,True,False,non_positive_score
310,ENSG00000170613,GARIN3,True,False,non_positive_score
311,ENSG00000162771,GARIN4,True,False,non_positive_score
312,ENSG00000180043,GARIN5B,True,False,non_positive_score
313,ENSG00000180219,GARIN6,True,False,non_positive_score
314,ENSG00000137270,GCM1,True,False,non_positive_score
315,ENSG00000196475,GK2,True,False,non_positive_score
316,ENSG00000229894,GK3,True,False,non_positive_score
317,ENSG00000173401,GLIPR1L1,True,False,non_positive_score
318,ENSG00000204007,GLT6D1,True,False,non_positive_score
319,ENSG00000159289,GOLGA6A,True,False,non_positive_score
320,ENSG00000140478,GOLGA6D,True,False,non_positive_score
321,ENSG00000273976,GOLGA6L1,True,False,non_positive_score
322,ENSG00000174450,GOLGA6L2,True,False,non_positive_score
323,ENSG00000277322,GOLGA6L6,True,False,non_positive_score
324,ENSG00000261649,GOLGA6L7,True,False,non_positive_score
325,ENSG00000183629,GOLGA8G,True,False,non_positive_score
326,ENSG00000169154,GOT1L1,True,False,non_positive_score
327,ENSG00000063515,GSC2,True,False,non_positive_score
328,ENSG00000124196,GTSF1L,True,False,non_positive_score
329,ENSG00000187516,H2AP,True,False,non_positive_score
330,ENSG00000270379,HEATR9,True,False,non_positive_score
331,ENSG00000175202,HIGD2B,True,False,non_positive_score
332,ENSG00000176635,HORMAD2,True,False,non_positive_score
333,ENSG00000176160,HSF5,True,False,non_positive_score
334,ENSG00000169495,HTRA4,True,False,non_positive_score
335,ENSG00000169194,IL13,True,False,non_positive_score
336,ENSG00000113525,IL5,True,False,non_positive_score
337,ENSG00000173389,IQCF1,True,False,non_positive_score
338,ENSG00000184345,IQCF2,True,False,non_positive_score
339,ENSG00000285749/IQCF3,IQCF3,True,False,non_positive_score
340,ENSG00000214681,IQCF5,True,False,non_positive_score
341,ENSG00000214686,IQCF6,True,False,non_positive_score
342,ENSG00000124449,IRGC,True,False,non_positive_score
343,ENSG00000182264,IZUMO1,True,False,non_positive_score
344,ENSG00000161652,IZUMO2,True,False,non_positive_score
345,ENSG00000215262,KCNU1,True,False,non_positive_score
346,ENSG00000226650,KIF4B,True,False,non_positive_score
347,ENSG00000171872,KLF17,True,False,non_positive_score
348,ENSG00000161594,KLHL10,True,False,non_positive_score
349,ENSG00000166800,LDHAL6A,True,False,non_positive_score
350,ENSG00000171989,LDHAL6B,True,False,non_positive_score
351,ENSG00000166796,LDHC,True,False,non_positive_score
352,ENSG00000249861,LGALS16,True,False,non_positive_score
353,ENSG00000187772,LIN28B,True,False,non_positive_score
354,ENSG00000204022,LIPJ,True,False,non_positive_score
355,ENSG00000165131,LLCFC1,True,False,non_positive_score
356,ENSG00000205858,LRRC72,True,False,non_positive_score
357,ENSG00000100565,LRRC74A,True,False,non_positive_score
358,ENSG00000240720,LRRD1,True,False,non_positive_score
359,ENSG00000188306,LRRIQ4,True,False,non_positive_score
360,ENSG00000273111,LYPD4,True,False,non_positive_score
361,ENSG00000120563,LYZL1,True,False,non_positive_score
362,ENSG00000151033,LYZL2,True,False,non_positive_score
363,ENSG00000157093,LYZL4,True,False,non_positive_score
364,ENSG00000275722,LYZL6,True,False,non_positive_score
365,ENSG00000214107,MAGEB1,False,False,excluded_gene_pattern
366,ENSG00000177689,MAGEB10,False,False,excluded_gene_pattern
367,ENSG00000189023,MAGEB16,False,False,excluded_gene_pattern
368,ENSG00000176774,MAGEB18,False,False,excluded_gene_pattern
369,ENSG00000176746,MAGEB6,False,False,excluded_gene_pattern
370,ENSG00000162039,MEIOB,True,False,non_positive_score
371,ENSG00000180336,MEIOC,True,False,non_positive_score
372,ENSG00000237452,MEIOSIN,True,False,non_positive_score
373,ENSG00000205301,MGAT4D,True,False,non_positive_score
374,ENSG00000114487,MORC1,True,False,non_positive_score
375,ENSG00000204979,MS4A13,True,False,non_positive_score
376,ENSG00000166930,MS4A5,True,False,non_positive_score
377,ENSG00000156269,NAA11,True,False,non_positive_score
378,ENSG00000253506,NACA2,True,False,non_positive_score
379,ENSG00000188425,NANOS2,True,False,non_positive_score
380,ENSG00000196427,NBPF4,True,False,non_positive_score
381,ENSG00000125816,NKX2-4,True,False,non_positive_score
382,ENSG00000185823,NPAP1,True,False,non_positive_score
383,ENSG00000185013,NT5C1B,True,False,non_positive_score
384,ENSG00000250741,NT5C1B-RDH14,True,False,non_positive_score
385,ENSG00000143552,NUP210L,True,False,non_positive_score
386,ENSG00000184507,NUTM1,True,False,non_positive_score
387,ENSG00000130950,NUTM2F,True,False,non_positive_score
388,ENSG00000155087,ODF1,True,False,non_positive_score
389,ENSG00000184650,ODF4,True,False,non_positive_score
390,ENSG00000221888,OR1C1,True,False,non_positive_score
391,ENSG00000204688,OR2H1,True,False,non_positive_score
392,ENSG00000221882,OR3A2,True,False,non_positive_score
393,ENSG00000176294,OR4N2,True,False,non_positive_score
394,OR4M2-OT1/N4,OR4N4,True,False,non_positive_score
395,ENSG00000181609,OR52D1,True,False,non_positive_score
396,ENSG00000169214,OR6F1,True,False,non_positive_score
397,ENSG00000237521,OR7E24,True,False,non_positive_score
398,ENSG00000284680,OR8B2,True,False,non_positive_score
399,ENSG00000189401,OTUD6A,True,False,non_positive_score
400,ENSG00000105261,OVOL3,True,False,non_positive_score
401,ENSG00000204279,PAGE3,True,False,non_positive_score
402,ENSG00000218823,PAPOLB,True,False,non_positive_score
403,ENSG00000204961,PCDHA9,True,False,non_positive_score
404,ENSG00000163440,PDCL2,True,False,non_positive_score
405,ENSG00000163114,PDHA2,True,False,non_positive_score
406,ENSG00000196570,PFN3,True,False,non_positive_score
407,ENSG00000170950,PGK2,True,False,non_positive_score
408,ENSG00000130943,PKDREJ,True,False,non_positive_score
409,ENSG00000139151,PLCZ1,True,False,non_positive_score
410,ENSG00000221900,POM121L12,True,False,non_positive_score
411,ENSG00000158553,POM121L2,True,False,non_positive_score
412,ENSG00000183206,POTEC,True,False,non_positive_score
413,ENSG00000166351,POTED,True,False,non_positive_score
414,ENSG00000196604,POTEF,True,False,non_positive_score
415,ENSG00000183977,PP2D1,True,False,non_positive_score
416,ENSG00000231989,PPP1R2B,True,False,non_positive_score
417,ENSG00000188386,PPP3R2,True,False,non_positive_score
418,ENSG00000224960,PPP4R3C,True,False,non_positive_score
419,ENSG00000165059,PRKACG,True,False,non_positive_score
420,ENSG00000178257,PRM3,True,False,non_positive_score
421,ENSG00000229937,PRPS1L1,True,False,non_positive_score
422,ENSG00000239620,PRR20G,True,False,non_positive_score
423,ENSG00000206260,PRR23A,True,False,non_positive_score
424,ENSG00000184814,PRR23B,True,False,non_positive_score
425,ENSG00000186143,PRR30,True,False,non_positive_score
426,ENSG00000165076,PRSS37,True,False,non_positive_score
427,ENSG00000215148,PRSS41,True,False,non_positive_score
428,ENSG00000103023,PRSS54,True,False,non_positive_score
429,ENSG00000184647,PRSS55,True,False,non_positive_score
430,ENSG00000258223,PRSS58,True,False,non_positive_score
431,ENSG00000242221,PSG2,True,False,non_positive_score
432,ENSG00000221878,PSG7,True,False,non_positive_score
433,ENSG00000179165,PXT1,True,False,non_positive_score
434,ENSG00000244588,RAD21L1,True,False,non_positive_score
435,ENSG00000214842,RAD51AP2,True,False,non_positive_score
436,ENSG00000177483,RBM44,True,False,non_positive_score
437,ENSG00000151962,RBM46,True,False,non_positive_score
438,ENSG00000170748,RBMXL2,True,False,non_positive_score
439,ENSG00000175718,RBMXL3,True,False,non_positive_score
440,ENSG00000242875,RBMY1B,True,False,non_positive_score
441,ENSG00000244395,RBMY1D,True,False,non_positive_score
442,ENSG00000242389,RBMY1E,True,False,non_positive_score
443,RBMY1F/J,RBMY1F/RBMY1J,True,False,non_positive_score
444,ENSG00000180116,REDIC1,True,False,non_positive_score
445,ENSG00000251258,RFPL4B,True,False,non_positive_score
446,ENSG00000196862,RGPD4,True,False,non_positive_score
447,ENSG00000121446,RGSL1,True,False,non_positive_score
448,ENSG00000275793,RIMBP3,True,False,non_positive_score
449,ENSG00000183246,RIMBP3C,True,False,non_positive_score
450,ENSG00000139797,RNF113B,True,False,non_positive_score
451,ENSG00000188050,RNF133,True,False,non_positive_score
452,ENSG00000235631,RNF148,True,False,non_positive_score
453,ENSG00000179580,RNF151,True,False,non_positive_score
454,ENSG00000104941,RSPH6A,True,False,non_positive_score
455,ENSG00000181433,SAGE1,True,False,non_positive_score
456,ENSG00000132631,SCP2D1,True,False,non_positive_score
457,ENSG00000101251,SEL1L2,True,False,non_positive_score
458,ENSG00000140623,SEPTIN12,True,False,non_positive_score
459,ENSG00000179213,SIGLECL1,True,False,non_positive_score
460,ENSG00000144671,SLC22A14,True,False,non_positive_score
461,ENSG00000120329,SLC25A2,True,False,non_positive_score
462,ENSG00000141437,SLC25A52,True,False,non_positive_score
463,ENSG00000112053,SLC26A8,True,False,non_positive_score
464,ENSG00000259224,SLC35G6,True,False,non_positive_score
465,ENSG00000186334,SLC36A3,True,False,non_positive_score
466,ENSG00000205359,SLCO6A1,True,False,non_positive_score
467,ENSG00000077935,SMC1B,True,False,non_positive_score
468,ENSG00000206026,SMIM21,True,False,non_positive_score
469,ENSG00000185662,SMIM23,True,False,non_positive_score
470,ENSG00000039600,SOX30,True,False,non_positive_score
471,ENSG00000118434,SPACA1,True,False,non_positive_score
472,ENSG00000141316,SPACA3,True,False,non_positive_score
473,ENSG00000177202,SPACA4,True,False,non_positive_score
474,SPACA5/B,SPACA5,True,False,non_positive_score
475,ENSG00000153498,SPACA7,True,False,non_positive_score
476,ENSG00000106304,SPAM1,True,False,non_positive_score
477,ENSG00000203923,SPANXN1,True,False,non_positive_score
478,ENSG00000268988,SPANXN2,True,False,non_positive_score
479,ENSG00000189252,SPANXN3,True,False,non_positive_score
480,ENSG00000189326,SPANXN4,True,False,non_positive_score
481,ENSG00000204363,SPANXN5,True,False,non_positive_score
482,ENSG00000186451,SPATA12,True,False,non_positive_score
483,ENSG00000144962,SPATA16,True,False,non_positive_score
484,ENSG00000166118,SPATA19,True,False,non_positive_score
485,ENSG00000187144,SPATA21,True,False,non_positive_score
486,ENSG00000141255,SPATA22,True,False,non_positive_score
487,ENSG00000173699,SPATA3,True,False,non_positive_score
488,ENSG00000204849,SPATA31A1,True,False,non_positive_score
489,ENSG00000275969,SPATA31A3,True,False,non_positive_score
490,ENSG00000276581,SPATA31A5,True,False,non_positive_score
491,ENSG00000185775,SPATA31A6,True,False,non_positive_score
492,ENSG00000276040,SPATA31A7,True,False,non_positive_score
493,ENSG00000214929,SPATA31D1,True,False,non_positive_score
494,ENSG00000186788,SPATA31D3,True,False,non_positive_score
495,ENSG00000189357,SPATA31D4,True,False,non_positive_score
496,ENSG00000177992,SPATA31E1,True,False,non_positive_score
497,ENSG00000205108,SPATA31F1,True,False,non_positive_score
498,ENSG00000184361,SPATA32,True,False,non_positive_score
499,ENSG00000150628,SPATA4,True,False,non_positive_score
500,ENSG00000163806,SPDYA,True,False,non_positive_score
501,ENSG00000214300,SPDYE3,True,False,non_positive_score
502,ENSG00000183318,SPDYE4,True,False,non_positive_score
503,ENSG00000181323,SPEM1,True,False,non_positive_score
504,ENSG00000184560,SPEM2,True,False,non_positive_score
505,ENSG00000275489,SPMAP1,True,False,non_positive_score
506,ENSG00000249693,SPMAP2L,True,False,non_positive_score
507,ENSG00000196900,SPMIP10,True,False,non_positive_score
508,ENSG00000257987,SPMIP11,True,False,non_positive_score
509,ENSG00000164123,SPMIP2,True,False,non_positive_score
510,ENSG00000173728,SPMIP3,True,False,non_positive_score
511,ENSG00000164500,SPMIP7,True,False,non_positive_score
512,ENSG00000172073,SPMIP9,True,False,non_positive_score
513,ENSG00000054796,SPO11,True,False,non_positive_score
514,ENSG00000185294,SPPL2C,True,False,non_positive_score
515,ENSG00000165120,SSMEM1,True,False,non_positive_score
516,ENSG00000165583,SSX5,True,False,non_positive_score
517,ENSG00000187754,SSX7,True,False,non_positive_score
518,ENSG00000174448,STARD6,True,False,non_positive_score
519,ENSG00000198870,STKLD1,True,False,non_positive_score
520,ENSG00000239605,STPG4,True,False,non_positive_score
521,ENSG00000167098,SUN5,True,False,non_positive_score
522,ENSG00000161860,SYCE2,True,False,non_positive_score
523,ENSG00000198765,SYCP1,True,False,non_positive_score
524,ENSG00000169777,TAS2R1,True,False,non_positive_score
525,ENSG00000167139,TBC1D21,True,False,non_positive_score
526,ENSG00000189375,TBC1D28,True,False,non_positive_score
527,ENSG00000124678,TCP11,True,False,non_positive_score
528,ENSG00000095627,TDRD1,True,False,non_positive_score
529,ENSG00000218819,TDRD15,True,False,non_positive_score
530,ENSG00000174016,TENT5D,True,False,non_positive_score
531,ENSG00000268629,TEX13A,True,False,non_positive_score
532,ENSG00000282815,TEX13C,True,False,non_positive_score
533,ENSG00000240021,TEX35,True,False,non_positive_score
534,ENSG00000175018,TEX36,True,False,non_positive_score
535,ENSG00000186118,TEX38,True,False,non_positive_score
536,ENSG00000177673,TEX44,True,False,non_positive_score
537,ENSG00000227868,TEX46,True,False,non_positive_score
538,ENSG00000164645,TEX47,True,False,non_positive_score
539,ENSG00000230601,TEX48,True,False,non_positive_score
540,ENSG00000237524,TEX51,True,False,non_positive_score
541,ENSG00000183434,TFDP3,True,False,non_positive_score
542,ENSG00000153779,TGIF2LX,True,False,non_positive_score
543,ENSG00000176679,TGIF2LY,True,False,non_positive_score
544,ENSG00000151005,TKTL2,True,False,non_positive_score
545,ENSG00000188800,TMCO2,True,False,non_positive_score
546,ENSG00000166069,TMCO5A,True,False,non_positive_score
547,ENSG00000187806,TMEM202,True,False,non_positive_score
548,ENSG00000185863,TMEM210,True,False,non_positive_score
549,ENSG00000204300,TMEM225,True,False,non_positive_score
550,ENSG00000175877,TMEM270,True,False,non_positive_score
551,ENSG00000183396,TMEM89,True,False,non_positive_score
552,ENSG00000182896,TMEM95,True,False,non_positive_score
553,ENSG00000186452,TMPRSS12,True,False,non_positive_score
554,ENSG00000176040,TMPRSS7,True,False,non_positive_score
555,ENSG00000178279,TNP2,True,False,non_positive_score
556,ENSG00000173769,TOPAZ1,True,False,non_positive_score
557,ENSG00000170777,TPD52L3,True,False,non_positive_score
558,ENSG00000274391,TPTE,True,False,non_positive_score
559,ENSG00000132958,TPTE2,True,False,non_positive_score
560,ENSG00000155890,TRIM42,True,False,non_positive_score
561,ENSG00000176979,TRIM60,True,False,non_positive_score
562,ENSG00000184108,TRIML1,True,False,non_positive_score
563,ENSG00000204025,TRPC5OS,True,False,non_positive_score
564,ENSG00000204296,TSBP1,True,False,non_positive_score
565,ENSG00000175513,TSGA10IP,True,False,non_positive_score
566,ENSG00000213265,TSGA13,True,False,non_positive_score
567,ENSG00000126467,TSKS,True,False,non_positive_score
568,ENSG00000178021,TSPYL6,True,False,non_positive_score
569,ENSG00000212122,TSSK1B,True,False,non_positive_score
570,ENSG00000178093,TSSK6,True,False,non_positive_score
571,ENSG00000205838,TTC23L,True,False,non_positive_score
572,ENSG00000213471,TTLL13,True,False,non_positive_score
573,ENSG00000138892,TTLL8,True,False,non_positive_score
574,ENSG00000104804,TULP2,True,False,non_positive_score
575,ENSG00000204193,TXNDC8,True,False,non_positive_score
576,ENSG00000186150,UBL4B,True,False,non_positive_score
577,ENSG00000175520,UBQLN3,True,False,non_positive_score
578,ENSG00000134588,USP26,True,False,non_positive_score
579,ENSG00000131864,USP29,True,False,non_positive_score
580,ENSG00000170236,USP50,True,False,non_positive_score
581,ENSG00000183066,WBP2NL,True,False,non_positive_score
582,ENSG00000162843,WDR64,True,False,non_positive_score
583,ENSG00000171804,WDR87,True,False,non_positive_score
584,ENSG00000172967,XKR3,True,False,non_positive_score
585,ENSG00000182223,ZAR1,True,False,non_positive_score
586,ENSG00000118491,ZC2HC1B,True,False,non_positive_score
587,ENSG00000215817,ZC3H11B,True,False,non_positive_score
588,ENSG00000187969,ZCCHC13,True,False,non_positive_score
589,ENSG00000185177,ZNF479,True,False,non_positive_score
590,ENSG00000118156,ZNF541,True,False,non_positive_score
591,ENSG00000197123,ZNF679,True,False,non_positive_score
592,ENSG00000241149,ZNF722,True,False,non_positive_score
593,ENSG00000268696,ZNF723,True,False,non_positive_score
594,ENSG00000196350,ZNF729,True,False,non_positive_score
595,ENSG00000105428,ZNRF4,True,False,non_positive_score
596,ENSG00000042813,ZPBP,True,False,non_positive_score
597,ENSG00000186075,ZPBP2,True,False,non_positive_score
598,ENSG00000163012,ZSWIM2,True,False,non_positive_score
