proteoform_key,name,burden_category,cancer_codes,prevalence_p95,n_samples,n_measured_samples,complete_measurement,score_contribution,us_incidence_pct,us_incidence_count,us_incidence_total,us_mortality_pct,us_mortality_count,us_mortality_total,world_incidence_pct,world_incidence_count,world_incidence_total,world_mortality_pct,world_mortality_count,world_mortality_total,confidence,source,us_source_locator,us_source_locator_status,world_source_locator,world_source_locator_status,source_site_labels,source_site_codes,included_source_sites,excluded_source_sites,derivation_basis,rounding_rule,provenance_notes,notes,aggregation,source_anchor
ENSG00000007350,TKTL1,lung,LUAD;LUSC,0.0078973346495557,1013,1013,True,0.0014768015794669,11.0,,,20.0,,,12.4,,,18.7,,,high,ACS-CFF2024;GLOBOCAN2022,,not_extracted,,not_extracted,,,,,direct_source,not_extracted,,highest mortality:incidence of common sites,single_site,PMID:38230766;DOI:10.3322/caac.21834
ENSG00000007350,TKTL1,colorectal,COAD;READ,0.0,383,383,True,0.0,8.0,,,9.0,,,9.6,,,9.3,,,high,ACS-CFF2024;GLOBOCAN2022,,not_extracted,,not_extracted,,,,,sum_of_sites,not_extracted,,COAD+READ,COAD+READ,PMID:38230766;DOI:10.3322/caac.21834
ENSG00000007350,TKTL1,liver,LIHC,0.0027173913043478,368,368,True,0.0002119565217391,2.0,,,5.0,,,4.3,,,7.8,,,high,ACS-CFF2024;GLOBOCAN2022,,not_extracted,,not_extracted,,,,,sum_of_sites,not_extracted,,liver+intrahepatic bile duct; world>>US (GLOBOCAN2022 866k=4.3%),liver+intrahepatic_bile_duct,PMID:38230766;DOI:10.3322/caac.21834
ENSG00000007350,TKTL1,breast,BRCA,0.0,1098,1098,True,0.0,15.0,,,7.0,,,11.6,,,6.9,,,high,ACS-CFF2024;GLOBOCAN2022,,not_extracted,,not_extracted,,,,,direct_source,not_extracted,,female breast,female_breast,PMID:38230766;DOI:10.3322/caac.21834
ENSG00000007350,TKTL1,stomach,STAD,0.009685230024213,413,413,True,0.0006585956416464,1.5,,,1.8,,,4.9,,,6.8,,,high,ACS-CFF2024;GLOBOCAN2022,,not_extracted,,not_extracted,,,,,direct_source,not_extracted,,world>>US,single_site,PMID:38230766;DOI:10.3322/caac.21834
ENSG00000007350,TKTL1,pancreas,PAAD,0.0,178,178,True,0.0,3.0,,,8.0,,,4.1,,,4.8,,,high,ACS-CFF2024;GLOBOCAN2022,,not_extracted,,not_extracted,,,,,direct_source,not_extracted,,high mortality:incidence,single_site,PMID:38230766;DOI:10.3322/caac.21834
ENSG00000007350,TKTL1,esophagus,ESCA,0.0109890109890109,182,182,True,0.0005054945054945,1.0,,,2.7,,,4.6,,,4.6,,,medium,ACS-CFF2024;GLOBOCAN2022,,not_extracted,,not_extracted,,,,,direct_source,not_extracted,,adeno(West)/squamous(Asia),single_site,PMID:38230766;DOI:10.3322/caac.21834
ENSG00000007350,TKTL1,head_and_neck,HNSC,0.0134615384615384,520,520,True,0.0006057692307692,3.5,,,2.6,,,5.0,,,4.5,,,medium,ACS-CFF2024;GLOBOCAN2022,,not_extracted,,not_extracted,,,,,sum_of_sites,not_extracted,Intentional pirlygenes parity delta: 2.6% includes ACS 2024 oral cavity/pharynx plus larynx deaths; downstream 1.8% omitted larynx (oncoref #136),oral+pharynx+larynx aggregate (incl larynx); world adds nasopharynx,oral_cavity+pharynx+larynx (world +nasopharynx),PMID:38230766;DOI:10.3322/caac.21834
ENSG00000007350,TKTL1,prostate,PRAD,0.0,496,496,True,0.0,16.0,,,6.0,,,7.3,,,4.1,,,high,ACS-CFF2024;GLOBOCAN2022,,not_extracted,,not_extracted,,,,,direct_source,not_extracted,,low mortality:incidence (indolent fraction),single_site,PMID:38230766;DOI:10.3322/caac.21834
ENSG00000007350,TKTL1,cervix,CESC,0.0065359477124183,306,306,True,0.000235294117647,0.8,,,0.7,,,3.3,,,3.6,,,high,ACS-CFF2024;GLOBOCAN2022,,not_extracted,,not_extracted,,,,,direct_source,not_extracted,,world>>US (screening/HPV gap),single_site,PMID:38230766;DOI:10.3322/caac.21834
ENSG00000007350,TKTL1,bladder,BLCA,0.0024570024570024,407,407,True,4.914004914004914e-05,4.0,,,3.0,,,3.0,,,2.0,,,medium,ACS-CFF2024;GLOBOCAN2022,,not_extracted,,not_extracted,,,,,direct_source,not_extracted,,,single_site,PMID:38230766;DOI:10.3322/caac.21834
ENSG00000007350,TKTL1,kidney,KICH;KIRC;KIRP,0.0,886,886,True,0.0,4.0,,,2.0,,,2.5,,,1.8,,,medium,ACS-CFF2024;GLOBOCAN2022,,not_extracted,,not_extracted,,,,,sum_of_sites,not_extracted,,kidney+renal pelvis,kidney+renal_pelvis,PMID:38230766;DOI:10.3322/caac.21834
ENSG00000007350,TKTL1,melanoma,SKCM,0.0149253731343283,469,469,True,8.955223880597016e-05,5.0,,,1.3,,,1.7,,,0.6,,,high,ACS-CFF2024;GLOBOCAN2022,,not_extracted,,not_extracted,,,,,direct_source,not_extracted,,cutaneous; low mortality share,single_site,PMID:38230766;DOI:10.3322/caac.21834
ENSG00000007350,TKTL1,ovary,OV,0.0234741784037558,426,426,True,0.0004929577464788,1.6,,,2.6,,,1.6,,,2.1,,,medium,ACS-CFF2024;GLOBOCAN2022,,not_extracted,,not_extracted,,,,,direct_source,not_extracted,,HGSOC-dominant,single_site,PMID:38230766;DOI:10.3322/caac.21834
ENSG00000007350,TKTL1,uterus_endometrium,UCEC,0.0165745856353591,181,181,True,0.0001657458563535,3.0,,,2.0,,,2.2,,,1.0,,,medium,ACS-CFF2024;GLOBOCAN2022,,not_extracted,,not_extracted,,,,,direct_source,not_extracted,,corpus uteri,corpus_uteri,PMID:38230766;DOI:10.3322/caac.21834
ENSG00000007350,TKTL1,thyroid,THCA,0.0,512,512,True,0.0,2.0,,,0.4,,,4.1,,,0.5,,,high,ACS-CFF2024;GLOBOCAN2022,,not_extracted,,not_extracted,,,,,direct_source,not_extracted,,lowest mortality:incidence; overdiagnosis (GLOBOCAN2022 821k=4.1%),single_site,PMID:38230766;DOI:10.3322/caac.21834
ENSG00000007350,TKTL1,brain_cns,GBM;LGG,0.001453488372093,688,688,True,3.633720930232558e-05,1.4,,,2.7,,,1.6,,,2.5,,,medium,ACS-CFF2024;GLOBOCAN2022,,not_extracted,,not_extracted,,,,,sum_of_sites,not_extracted,,brain+CNS incl glioma (GBM/LGG),brain+CNS,PMID:38230766;DOI:10.3322/caac.21834
ENSG00000007350,TKTL1,non_hodgkin_lymphoma,DLBC,0.0212765957446808,47,47,True,0.000531914893617,4.0,,,3.0,,,2.8,,,2.5,,,medium,ACS-CFF2024;GLOBOCAN2022,,not_extracted,,not_extracted,,,,,direct_source,not_extracted,,incl DLBCL/FL/MCL/BL,NHL_aggregate (DLBCL+FL+MCL+BL+other),PMID:38230766;DOI:10.3322/caac.21834
ENSG00000007350,TKTL1,leukemia_AML,LAML,0.0173410404624277,173,173,True,0.0002601156069364,1.0,,,1.9,,,0.9,,,1.5,,,low,ACS-CFF2024,,not_extracted,,not_extracted,,,,,direct_source,not_extracted,,deadliest leukemia; world approx,AML (subset of leukemia),PMID:38230766
ENSG00000007350,TKTL1,mesothelioma,MESO,0.0114942528735632,87,87,True,2.2988505747126437e-05,0.15,,,0.4,,,0.1,,,0.2,,,low,ACS-CFF2024,,not_extracted,,not_extracted,,,,,direct_source,not_extracted,,asbestos-linked; very low survival,single_site,PMID:38230766
ENSG00000007350,TKTL1,testicular_germ_cell,TGCT,0.1883116883116883,154,154,True,0.0001883116883116,0.5,,,0.05,,,0.5,,,0.1,,,medium,ACS-CFF2024;GLOBOCAN2022,,not_extracted,,not_extracted,,,,,direct_source,not_extracted,,young men; chemo-curable,single_site,PMID:38230766;DOI:10.3322/caac.21834
ENSG00000007350,TKTL1,adrenal,ACC,0.0,77,77,True,0.0,0.04,,,0.04,,,0.05,,,0.05,,,low,literature,,not_extracted,,not_extracted,,,,,literature_approximation,not_extracted,Literature approximation anchored to US ACC SEER and population-based PPGL epidemiology; percentages remain curated approximations,adrenocortical+pheo/paraganglioma; very rare,adrenocortical+pheochromocytoma/paraganglioma,PMID:29977421;PMID:33112261
ENSG00000117148,ACTL8,lung,LUAD;LUSC,0.0019743336623889,1013,1013,True,0.0003692003948667,11.0,,,20.0,,,12.4,,,18.7,,,high,ACS-CFF2024;GLOBOCAN2022,,not_extracted,,not_extracted,,,,,direct_source,not_extracted,,highest mortality:incidence of common sites,single_site,PMID:38230766;DOI:10.3322/caac.21834
ENSG00000117148,ACTL8,colorectal,COAD;READ,0.0078328981723237,383,383,True,0.0007284595300261,8.0,,,9.0,,,9.6,,,9.3,,,high,ACS-CFF2024;GLOBOCAN2022,,not_extracted,,not_extracted,,,,,sum_of_sites,not_extracted,,COAD+READ,COAD+READ,PMID:38230766;DOI:10.3322/caac.21834
ENSG00000117148,ACTL8,liver,LIHC,0.0054347826086956,368,368,True,0.0004239130434782,2.0,,,5.0,,,4.3,,,7.8,,,high,ACS-CFF2024;GLOBOCAN2022,,not_extracted,,not_extracted,,,,,sum_of_sites,not_extracted,,liver+intrahepatic bile duct; world>>US (GLOBOCAN2022 866k=4.3%),liver+intrahepatic_bile_duct,PMID:38230766;DOI:10.3322/caac.21834
ENSG00000117148,ACTL8,breast,BRCA,0.0127504553734061,1098,1098,True,0.000879781420765,15.0,,,7.0,,,11.6,,,6.9,,,high,ACS-CFF2024;GLOBOCAN2022,,not_extracted,,not_extracted,,,,,direct_source,not_extracted,,female breast,female_breast,PMID:38230766;DOI:10.3322/caac.21834
ENSG00000117148,ACTL8,stomach,STAD,0.0217917675544794,413,413,True,0.0014818401937046,1.5,,,1.8,,,4.9,,,6.8,,,high,ACS-CFF2024;GLOBOCAN2022,,not_extracted,,not_extracted,,,,,direct_source,not_extracted,,world>>US,single_site,PMID:38230766;DOI:10.3322/caac.21834
ENSG00000117148,ACTL8,pancreas,PAAD,0.0,178,178,True,0.0,3.0,,,8.0,,,4.1,,,4.8,,,high,ACS-CFF2024;GLOBOCAN2022,,not_extracted,,not_extracted,,,,,direct_source,not_extracted,,high mortality:incidence,single_site,PMID:38230766;DOI:10.3322/caac.21834
ENSG00000117148,ACTL8,esophagus,ESCA,0.0329670329670329,182,182,True,0.0015164835164835,1.0,,,2.7,,,4.6,,,4.6,,,medium,ACS-CFF2024;GLOBOCAN2022,,not_extracted,,not_extracted,,,,,direct_source,not_extracted,,adeno(West)/squamous(Asia),single_site,PMID:38230766;DOI:10.3322/caac.21834
ENSG00000117148,ACTL8,head_and_neck,HNSC,0.0057692307692307,520,520,True,0.0002596153846153,3.5,,,2.6,,,5.0,,,4.5,,,medium,ACS-CFF2024;GLOBOCAN2022,,not_extracted,,not_extracted,,,,,sum_of_sites,not_extracted,Intentional pirlygenes parity delta: 2.6% includes ACS 2024 oral cavity/pharynx plus larynx deaths; downstream 1.8% omitted larynx (oncoref #136),oral+pharynx+larynx aggregate (incl larynx); world adds nasopharynx,oral_cavity+pharynx+larynx (world +nasopharynx),PMID:38230766;DOI:10.3322/caac.21834
ENSG00000117148,ACTL8,prostate,PRAD,0.0,496,496,True,0.0,16.0,,,6.0,,,7.3,,,4.1,,,high,ACS-CFF2024;GLOBOCAN2022,,not_extracted,,not_extracted,,,,,direct_source,not_extracted,,low mortality:incidence (indolent fraction),single_site,PMID:38230766;DOI:10.3322/caac.21834
ENSG00000117148,ACTL8,cervix,CESC,0.0196078431372549,306,306,True,0.0007058823529411,0.8,,,0.7,,,3.3,,,3.6,,,high,ACS-CFF2024;GLOBOCAN2022,,not_extracted,,not_extracted,,,,,direct_source,not_extracted,,world>>US (screening/HPV gap),single_site,PMID:38230766;DOI:10.3322/caac.21834
ENSG00000117148,ACTL8,bladder,BLCA,0.0,407,407,True,0.0,4.0,,,3.0,,,3.0,,,2.0,,,medium,ACS-CFF2024;GLOBOCAN2022,,not_extracted,,not_extracted,,,,,direct_source,not_extracted,,,single_site,PMID:38230766;DOI:10.3322/caac.21834
ENSG00000117148,ACTL8,kidney,KICH;KIRC;KIRP,0.0,886,886,True,0.0,4.0,,,2.0,,,2.5,,,1.8,,,medium,ACS-CFF2024;GLOBOCAN2022,,not_extracted,,not_extracted,,,,,sum_of_sites,not_extracted,,kidney+renal pelvis,kidney+renal_pelvis,PMID:38230766;DOI:10.3322/caac.21834
ENSG00000117148,ACTL8,melanoma,SKCM,0.0042643923240938,469,469,True,2.55863539445629e-05,5.0,,,1.3,,,1.7,,,0.6,,,high,ACS-CFF2024;GLOBOCAN2022,,not_extracted,,not_extracted,,,,,direct_source,not_extracted,,cutaneous; low mortality share,single_site,PMID:38230766;DOI:10.3322/caac.21834
ENSG00000117148,ACTL8,ovary,OV,0.0023474178403755,426,426,True,4.929577464788733e-05,1.6,,,2.6,,,1.6,,,2.1,,,medium,ACS-CFF2024;GLOBOCAN2022,,not_extracted,,not_extracted,,,,,direct_source,not_extracted,,HGSOC-dominant,single_site,PMID:38230766;DOI:10.3322/caac.21834
ENSG00000117148,ACTL8,uterus_endometrium,UCEC,0.0,181,181,True,0.0,3.0,,,2.0,,,2.2,,,1.0,,,medium,ACS-CFF2024;GLOBOCAN2022,,not_extracted,,not_extracted,,,,,direct_source,not_extracted,,corpus uteri,corpus_uteri,PMID:38230766;DOI:10.3322/caac.21834
ENSG00000117148,ACTL8,thyroid,THCA,0.0,512,512,True,0.0,2.0,,,0.4,,,4.1,,,0.5,,,high,ACS-CFF2024;GLOBOCAN2022,,not_extracted,,not_extracted,,,,,direct_source,not_extracted,,lowest mortality:incidence; overdiagnosis (GLOBOCAN2022 821k=4.1%),single_site,PMID:38230766;DOI:10.3322/caac.21834
ENSG00000117148,ACTL8,brain_cns,GBM;LGG,0.0,688,688,True,0.0,1.4,,,2.7,,,1.6,,,2.5,,,medium,ACS-CFF2024;GLOBOCAN2022,,not_extracted,,not_extracted,,,,,sum_of_sites,not_extracted,,brain+CNS incl glioma (GBM/LGG),brain+CNS,PMID:38230766;DOI:10.3322/caac.21834
ENSG00000117148,ACTL8,non_hodgkin_lymphoma,DLBC,0.0,47,47,True,0.0,4.0,,,3.0,,,2.8,,,2.5,,,medium,ACS-CFF2024;GLOBOCAN2022,,not_extracted,,not_extracted,,,,,direct_source,not_extracted,,incl DLBCL/FL/MCL/BL,NHL_aggregate (DLBCL+FL+MCL+BL+other),PMID:38230766;DOI:10.3322/caac.21834
ENSG00000117148,ACTL8,leukemia_AML,LAML,0.0,173,173,True,0.0,1.0,,,1.9,,,0.9,,,1.5,,,low,ACS-CFF2024,,not_extracted,,not_extracted,,,,,direct_source,not_extracted,,deadliest leukemia; world approx,AML (subset of leukemia),PMID:38230766
ENSG00000117148,ACTL8,mesothelioma,MESO,0.0,87,87,True,0.0,0.15,,,0.4,,,0.1,,,0.2,,,low,ACS-CFF2024,,not_extracted,,not_extracted,,,,,direct_source,not_extracted,,asbestos-linked; very low survival,single_site,PMID:38230766
ENSG00000117148,ACTL8,testicular_germ_cell,TGCT,0.0,154,154,True,0.0,0.5,,,0.05,,,0.5,,,0.1,,,medium,ACS-CFF2024;GLOBOCAN2022,,not_extracted,,not_extracted,,,,,direct_source,not_extracted,,young men; chemo-curable,single_site,PMID:38230766;DOI:10.3322/caac.21834
ENSG00000117148,ACTL8,adrenal,ACC,0.0,77,77,True,0.0,0.04,,,0.04,,,0.05,,,0.05,,,low,literature,,not_extracted,,not_extracted,,,,,literature_approximation,not_extracted,Literature approximation anchored to US ACC SEER and population-based PPGL epidemiology; percentages remain curated approximations,adrenocortical+pheo/paraganglioma; very rare,adrenocortical+pheochromocytoma/paraganglioma,PMID:29977421;PMID:33112261
ENSG00000147381,MAGEA4,lung,LUAD;LUSC,0.156959526159921,1013,1013,True,0.0293514313919052,11.0,,,20.0,,,12.4,,,18.7,,,high,ACS-CFF2024;GLOBOCAN2022,,not_extracted,,not_extracted,,,,,direct_source,not_extracted,,highest mortality:incidence of common sites,single_site,PMID:38230766;DOI:10.3322/caac.21834
ENSG00000147381,MAGEA4,colorectal,COAD;READ,0.0,383,383,True,0.0,8.0,,,9.0,,,9.6,,,9.3,,,high,ACS-CFF2024;GLOBOCAN2022,,not_extracted,,not_extracted,,,,,sum_of_sites,not_extracted,,COAD+READ,COAD+READ,PMID:38230766;DOI:10.3322/caac.21834
ENSG00000147381,MAGEA4,liver,LIHC,0.0054347826086956,368,368,True,0.0004239130434782,2.0,,,5.0,,,4.3,,,7.8,,,high,ACS-CFF2024;GLOBOCAN2022,,not_extracted,,not_extracted,,,,,sum_of_sites,not_extracted,,liver+intrahepatic bile duct; world>>US (GLOBOCAN2022 866k=4.3%),liver+intrahepatic_bile_duct,PMID:38230766;DOI:10.3322/caac.21834
ENSG00000147381,MAGEA4,breast,BRCA,0.0182149362477231,1098,1098,True,0.0012568306010928,15.0,,,7.0,,,11.6,,,6.9,,,high,ACS-CFF2024;GLOBOCAN2022,,not_extracted,,not_extracted,,,,,direct_source,not_extracted,,female breast,female_breast,PMID:38230766;DOI:10.3322/caac.21834
ENSG00000147381,MAGEA4,stomach,STAD,0.0677966101694915,413,413,True,0.0046101694915254,1.5,,,1.8,,,4.9,,,6.8,,,high,ACS-CFF2024;GLOBOCAN2022,,not_extracted,,not_extracted,,,,,direct_source,not_extracted,,world>>US,single_site,PMID:38230766;DOI:10.3322/caac.21834
ENSG00000147381,MAGEA4,pancreas,PAAD,0.0,178,178,True,0.0,3.0,,,8.0,,,4.1,,,4.8,,,high,ACS-CFF2024;GLOBOCAN2022,,not_extracted,,not_extracted,,,,,direct_source,not_extracted,,high mortality:incidence,single_site,PMID:38230766;DOI:10.3322/caac.21834
ENSG00000147381,MAGEA4,esophagus,ESCA,0.0989010989010989,182,182,True,0.0045494505494505,1.0,,,2.7,,,4.6,,,4.6,,,medium,ACS-CFF2024;GLOBOCAN2022,,not_extracted,,not_extracted,,,,,direct_source,not_extracted,,adeno(West)/squamous(Asia),single_site,PMID:38230766;DOI:10.3322/caac.21834
ENSG00000147381,MAGEA4,head_and_neck,HNSC,0.1557692307692307,520,520,True,0.0070096153846153,3.5,,,2.6,,,5.0,,,4.5,,,medium,ACS-CFF2024;GLOBOCAN2022,,not_extracted,,not_extracted,,,,,sum_of_sites,not_extracted,Intentional pirlygenes parity delta: 2.6% includes ACS 2024 oral cavity/pharynx plus larynx deaths; downstream 1.8% omitted larynx (oncoref #136),oral+pharynx+larynx aggregate (incl larynx); world adds nasopharynx,oral_cavity+pharynx+larynx (world +nasopharynx),PMID:38230766;DOI:10.3322/caac.21834
ENSG00000147381,MAGEA4,prostate,PRAD,0.002016129032258,496,496,True,8.266129032258063e-05,16.0,,,6.0,,,7.3,,,4.1,,,high,ACS-CFF2024;GLOBOCAN2022,,not_extracted,,not_extracted,,,,,direct_source,not_extracted,,low mortality:incidence (indolent fraction),single_site,PMID:38230766;DOI:10.3322/caac.21834
ENSG00000147381,MAGEA4,cervix,CESC,0.0457516339869281,306,306,True,0.0016470588235294,0.8,,,0.7,,,3.3,,,3.6,,,high,ACS-CFF2024;GLOBOCAN2022,,not_extracted,,not_extracted,,,,,direct_source,not_extracted,,world>>US (screening/HPV gap),single_site,PMID:38230766;DOI:10.3322/caac.21834
ENSG00000147381,MAGEA4,bladder,BLCA,0.0761670761670761,407,407,True,0.0015233415233415,4.0,,,3.0,,,3.0,,,2.0,,,medium,ACS-CFF2024;GLOBOCAN2022,,not_extracted,,not_extracted,,,,,direct_source,not_extracted,,,single_site,PMID:38230766;DOI:10.3322/caac.21834
ENSG00000147381,MAGEA4,kidney,KICH;KIRC;KIRP,0.0,886,886,True,0.0,4.0,,,2.0,,,2.5,,,1.8,,,medium,ACS-CFF2024;GLOBOCAN2022,,not_extracted,,not_extracted,,,,,sum_of_sites,not_extracted,,kidney+renal pelvis,kidney+renal_pelvis,PMID:38230766;DOI:10.3322/caac.21834
ENSG00000147381,MAGEA4,melanoma,SKCM,0.1066098081023454,469,469,True,0.000639658848614,5.0,,,1.3,,,1.7,,,0.6,,,high,ACS-CFF2024;GLOBOCAN2022,,not_extracted,,not_extracted,,,,,direct_source,not_extracted,,cutaneous; low mortality share,single_site,PMID:38230766;DOI:10.3322/caac.21834
ENSG00000147381,MAGEA4,ovary,OV,0.0305164319248826,426,426,True,0.0006408450704225,1.6,,,2.6,,,1.6,,,2.1,,,medium,ACS-CFF2024;GLOBOCAN2022,,not_extracted,,not_extracted,,,,,direct_source,not_extracted,,HGSOC-dominant,single_site,PMID:38230766;DOI:10.3322/caac.21834
ENSG00000147381,MAGEA4,uterus_endometrium,UCEC,0.0220994475138121,181,181,True,0.0002209944751381,3.0,,,2.0,,,2.2,,,1.0,,,medium,ACS-CFF2024;GLOBOCAN2022,,not_extracted,,not_extracted,,,,,direct_source,not_extracted,,corpus uteri,corpus_uteri,PMID:38230766;DOI:10.3322/caac.21834
ENSG00000147381,MAGEA4,thyroid,THCA,0.0,512,512,True,0.0,2.0,,,0.4,,,4.1,,,0.5,,,high,ACS-CFF2024;GLOBOCAN2022,,not_extracted,,not_extracted,,,,,direct_source,not_extracted,,lowest mortality:incidence; overdiagnosis (GLOBOCAN2022 821k=4.1%),single_site,PMID:38230766;DOI:10.3322/caac.21834
ENSG00000147381,MAGEA4,brain_cns,GBM;LGG,0.0,688,688,True,0.0,1.4,,,2.7,,,1.6,,,2.5,,,medium,ACS-CFF2024;GLOBOCAN2022,,not_extracted,,not_extracted,,,,,sum_of_sites,not_extracted,,brain+CNS incl glioma (GBM/LGG),brain+CNS,PMID:38230766;DOI:10.3322/caac.21834
ENSG00000147381,MAGEA4,non_hodgkin_lymphoma,DLBC,0.0212765957446808,47,47,True,0.000531914893617,4.0,,,3.0,,,2.8,,,2.5,,,medium,ACS-CFF2024;GLOBOCAN2022,,not_extracted,,not_extracted,,,,,direct_source,not_extracted,,incl DLBCL/FL/MCL/BL,NHL_aggregate (DLBCL+FL+MCL+BL+other),PMID:38230766;DOI:10.3322/caac.21834
ENSG00000147381,MAGEA4,leukemia_AML,LAML,0.0,173,173,True,0.0,1.0,,,1.9,,,0.9,,,1.5,,,low,ACS-CFF2024,,not_extracted,,not_extracted,,,,,direct_source,not_extracted,,deadliest leukemia; world approx,AML (subset of leukemia),PMID:38230766
ENSG00000147381,MAGEA4,mesothelioma,MESO,0.0,87,87,True,0.0,0.15,,,0.4,,,0.1,,,0.2,,,low,ACS-CFF2024,,not_extracted,,not_extracted,,,,,direct_source,not_extracted,,asbestos-linked; very low survival,single_site,PMID:38230766
ENSG00000147381,MAGEA4,testicular_germ_cell,TGCT,0.0519480519480519,154,154,True,5.194805194805195e-05,0.5,,,0.05,,,0.5,,,0.1,,,medium,ACS-CFF2024;GLOBOCAN2022,,not_extracted,,not_extracted,,,,,direct_source,not_extracted,,young men; chemo-curable,single_site,PMID:38230766;DOI:10.3322/caac.21834
ENSG00000147381,MAGEA4,adrenal,ACC,0.0,77,77,True,0.0,0.04,,,0.04,,,0.05,,,0.05,,,low,literature,,not_extracted,,not_extracted,,,,,literature_approximation,not_extracted,Literature approximation anchored to US ACC SEER and population-based PPGL epidemiology; percentages remain curated approximations,adrenocortical+pheo/paraganglioma; very rare,adrenocortical+pheochromocytoma/paraganglioma,PMID:29977421;PMID:33112261
ENSG00000154040,CABYR,lung,LUAD;LUSC,0.052319842053307,1013,1013,True,0.0097838104639684,11.0,,,20.0,,,12.4,,,18.7,,,high,ACS-CFF2024;GLOBOCAN2022,,not_extracted,,not_extracted,,,,,direct_source,not_extracted,,highest mortality:incidence of common sites,single_site,PMID:38230766;DOI:10.3322/caac.21834
ENSG00000154040,CABYR,colorectal,COAD;READ,0.0,383,383,True,0.0,8.0,,,9.0,,,9.6,,,9.3,,,high,ACS-CFF2024;GLOBOCAN2022,,not_extracted,,not_extracted,,,,,sum_of_sites,not_extracted,,COAD+READ,COAD+READ,PMID:38230766;DOI:10.3322/caac.21834
ENSG00000154040,CABYR,liver,LIHC,0.0217391304347826,368,368,True,0.001695652173913,2.0,,,5.0,,,4.3,,,7.8,,,high,ACS-CFF2024;GLOBOCAN2022,,not_extracted,,not_extracted,,,,,sum_of_sites,not_extracted,,liver+intrahepatic bile duct; world>>US (GLOBOCAN2022 866k=4.3%),liver+intrahepatic_bile_duct,PMID:38230766;DOI:10.3322/caac.21834
ENSG00000154040,CABYR,breast,BRCA,0.0018214936247723,1098,1098,True,0.0001256830601092,15.0,,,7.0,,,11.6,,,6.9,,,high,ACS-CFF2024;GLOBOCAN2022,,not_extracted,,not_extracted,,,,,direct_source,not_extracted,,female breast,female_breast,PMID:38230766;DOI:10.3322/caac.21834
ENSG00000154040,CABYR,stomach,STAD,0.0,413,413,True,0.0,1.5,,,1.8,,,4.9,,,6.8,,,high,ACS-CFF2024;GLOBOCAN2022,,not_extracted,,not_extracted,,,,,direct_source,not_extracted,,world>>US,single_site,PMID:38230766;DOI:10.3322/caac.21834
ENSG00000154040,CABYR,pancreas,PAAD,0.0,178,178,True,0.0,3.0,,,8.0,,,4.1,,,4.8,,,high,ACS-CFF2024;GLOBOCAN2022,,not_extracted,,not_extracted,,,,,direct_source,not_extracted,,high mortality:incidence,single_site,PMID:38230766;DOI:10.3322/caac.21834
ENSG00000154040,CABYR,esophagus,ESCA,0.0164835164835164,182,182,True,0.0007582417582417,1.0,,,2.7,,,4.6,,,4.6,,,medium,ACS-CFF2024;GLOBOCAN2022,,not_extracted,,not_extracted,,,,,direct_source,not_extracted,,adeno(West)/squamous(Asia),single_site,PMID:38230766;DOI:10.3322/caac.21834
ENSG00000154040,CABYR,head_and_neck,HNSC,0.0,520,520,True,0.0,3.5,,,2.6,,,5.0,,,4.5,,,medium,ACS-CFF2024;GLOBOCAN2022,,not_extracted,,not_extracted,,,,,sum_of_sites,not_extracted,Intentional pirlygenes parity delta: 2.6% includes ACS 2024 oral cavity/pharynx plus larynx deaths; downstream 1.8% omitted larynx (oncoref #136),oral+pharynx+larynx aggregate (incl larynx); world adds nasopharynx,oral_cavity+pharynx+larynx (world +nasopharynx),PMID:38230766;DOI:10.3322/caac.21834
ENSG00000154040,CABYR,prostate,PRAD,0.0,496,496,True,0.0,16.0,,,6.0,,,7.3,,,4.1,,,high,ACS-CFF2024;GLOBOCAN2022,,not_extracted,,not_extracted,,,,,direct_source,not_extracted,,low mortality:incidence (indolent fraction),single_site,PMID:38230766;DOI:10.3322/caac.21834
ENSG00000154040,CABYR,cervix,CESC,0.0,306,306,True,0.0,0.8,,,0.7,,,3.3,,,3.6,,,high,ACS-CFF2024;GLOBOCAN2022,,not_extracted,,not_extracted,,,,,direct_source,not_extracted,,world>>US (screening/HPV gap),single_site,PMID:38230766;DOI:10.3322/caac.21834
ENSG00000154040,CABYR,bladder,BLCA,0.0073710073710073,407,407,True,0.0001474201474201,4.0,,,3.0,,,3.0,,,2.0,,,medium,ACS-CFF2024;GLOBOCAN2022,,not_extracted,,not_extracted,,,,,direct_source,not_extracted,,,single_site,PMID:38230766;DOI:10.3322/caac.21834
ENSG00000154040,CABYR,kidney,KICH;KIRC;KIRP,0.0,886,886,True,0.0,4.0,,,2.0,,,2.5,,,1.8,,,medium,ACS-CFF2024;GLOBOCAN2022,,not_extracted,,not_extracted,,,,,sum_of_sites,not_extracted,,kidney+renal pelvis,kidney+renal_pelvis,PMID:38230766;DOI:10.3322/caac.21834
ENSG00000154040,CABYR,melanoma,SKCM,0.0,469,469,True,0.0,5.0,,,1.3,,,1.7,,,0.6,,,high,ACS-CFF2024;GLOBOCAN2022,,not_extracted,,not_extracted,,,,,direct_source,not_extracted,,cutaneous; low mortality share,single_site,PMID:38230766;DOI:10.3322/caac.21834
ENSG00000154040,CABYR,ovary,OV,0.0,426,426,True,0.0,1.6,,,2.6,,,1.6,,,2.1,,,medium,ACS-CFF2024;GLOBOCAN2022,,not_extracted,,not_extracted,,,,,direct_source,not_extracted,,HGSOC-dominant,single_site,PMID:38230766;DOI:10.3322/caac.21834
ENSG00000154040,CABYR,uterus_endometrium,UCEC,0.0,181,181,True,0.0,3.0,,,2.0,,,2.2,,,1.0,,,medium,ACS-CFF2024;GLOBOCAN2022,,not_extracted,,not_extracted,,,,,direct_source,not_extracted,,corpus uteri,corpus_uteri,PMID:38230766;DOI:10.3322/caac.21834
ENSG00000154040,CABYR,thyroid,THCA,0.0,512,512,True,0.0,2.0,,,0.4,,,4.1,,,0.5,,,high,ACS-CFF2024;GLOBOCAN2022,,not_extracted,,not_extracted,,,,,direct_source,not_extracted,,lowest mortality:incidence; overdiagnosis (GLOBOCAN2022 821k=4.1%),single_site,PMID:38230766;DOI:10.3322/caac.21834
ENSG00000154040,CABYR,brain_cns,GBM;LGG,0.0,688,688,True,0.0,1.4,,,2.7,,,1.6,,,2.5,,,medium,ACS-CFF2024;GLOBOCAN2022,,not_extracted,,not_extracted,,,,,sum_of_sites,not_extracted,,brain+CNS incl glioma (GBM/LGG),brain+CNS,PMID:38230766;DOI:10.3322/caac.21834
ENSG00000154040,CABYR,non_hodgkin_lymphoma,DLBC,0.0,47,47,True,0.0,4.0,,,3.0,,,2.8,,,2.5,,,medium,ACS-CFF2024;GLOBOCAN2022,,not_extracted,,not_extracted,,,,,direct_source,not_extracted,,incl DLBCL/FL/MCL/BL,NHL_aggregate (DLBCL+FL+MCL+BL+other),PMID:38230766;DOI:10.3322/caac.21834
ENSG00000154040,CABYR,leukemia_AML,LAML,0.0,173,173,True,0.0,1.0,,,1.9,,,0.9,,,1.5,,,low,ACS-CFF2024,,not_extracted,,not_extracted,,,,,direct_source,not_extracted,,deadliest leukemia; world approx,AML (subset of leukemia),PMID:38230766
ENSG00000154040,CABYR,mesothelioma,MESO,0.0,87,87,True,0.0,0.15,,,0.4,,,0.1,,,0.2,,,low,ACS-CFF2024,,not_extracted,,not_extracted,,,,,direct_source,not_extracted,,asbestos-linked; very low survival,single_site,PMID:38230766
ENSG00000154040,CABYR,testicular_germ_cell,TGCT,0.0649350649350649,154,154,True,6.493506493506494e-05,0.5,,,0.05,,,0.5,,,0.1,,,medium,ACS-CFF2024;GLOBOCAN2022,,not_extracted,,not_extracted,,,,,direct_source,not_extracted,,young men; chemo-curable,single_site,PMID:38230766;DOI:10.3322/caac.21834
ENSG00000154040,CABYR,adrenal,ACC,0.0,77,77,True,0.0,0.04,,,0.04,,,0.05,,,0.05,,,low,literature,,not_extracted,,not_extracted,,,,,literature_approximation,not_extracted,Literature approximation anchored to US ACC SEER and population-based PPGL epidemiology; percentages remain curated approximations,adrenocortical+pheo/paraganglioma; very rare,adrenocortical+pheochromocytoma/paraganglioma,PMID:29977421;PMID:33112261
ENSG00000158639,PAGE5,lung,LUAD;LUSC,0.0128331688055281,1013,1013,True,0.0023998025666337,11.0,,,20.0,,,12.4,,,18.7,,,high,ACS-CFF2024;GLOBOCAN2022,,not_extracted,,not_extracted,,,,,direct_source,not_extracted,,highest mortality:incidence of common sites,single_site,PMID:38230766;DOI:10.3322/caac.21834
ENSG00000158639,PAGE5,colorectal,COAD;READ,0.0,383,383,True,0.0,8.0,,,9.0,,,9.6,,,9.3,,,high,ACS-CFF2024;GLOBOCAN2022,,not_extracted,,not_extracted,,,,,sum_of_sites,not_extracted,,COAD+READ,COAD+READ,PMID:38230766;DOI:10.3322/caac.21834
ENSG00000158639,PAGE5,liver,LIHC,0.0679347826086956,368,368,True,0.0052989130434782,2.0,,,5.0,,,4.3,,,7.8,,,high,ACS-CFF2024;GLOBOCAN2022,,not_extracted,,not_extracted,,,,,sum_of_sites,not_extracted,,liver+intrahepatic bile duct; world>>US (GLOBOCAN2022 866k=4.3%),liver+intrahepatic_bile_duct,PMID:38230766;DOI:10.3322/caac.21834
ENSG00000158639,PAGE5,breast,BRCA,0.0054644808743169,1098,1098,True,0.0003770491803278,15.0,,,7.0,,,11.6,,,6.9,,,high,ACS-CFF2024;GLOBOCAN2022,,not_extracted,,not_extracted,,,,,direct_source,not_extracted,,female breast,female_breast,PMID:38230766;DOI:10.3322/caac.21834
ENSG00000158639,PAGE5,stomach,STAD,0.0121065375302663,413,413,True,0.0008232445520581,1.5,,,1.8,,,4.9,,,6.8,,,high,ACS-CFF2024;GLOBOCAN2022,,not_extracted,,not_extracted,,,,,direct_source,not_extracted,,world>>US,single_site,PMID:38230766;DOI:10.3322/caac.21834
ENSG00000158639,PAGE5,pancreas,PAAD,0.0,178,178,True,0.0,3.0,,,8.0,,,4.1,,,4.8,,,high,ACS-CFF2024;GLOBOCAN2022,,not_extracted,,not_extracted,,,,,direct_source,not_extracted,,high mortality:incidence,single_site,PMID:38230766;DOI:10.3322/caac.21834
ENSG00000158639,PAGE5,esophagus,ESCA,0.0164835164835164,182,182,True,0.0007582417582417,1.0,,,2.7,,,4.6,,,4.6,,,medium,ACS-CFF2024;GLOBOCAN2022,,not_extracted,,not_extracted,,,,,direct_source,not_extracted,,adeno(West)/squamous(Asia),single_site,PMID:38230766;DOI:10.3322/caac.21834
ENSG00000158639,PAGE5,head_and_neck,HNSC,0.0019230769230769,520,520,True,8.653846153846155e-05,3.5,,,2.6,,,5.0,,,4.5,,,medium,ACS-CFF2024;GLOBOCAN2022,,not_extracted,,not_extracted,,,,,sum_of_sites,not_extracted,Intentional pirlygenes parity delta: 2.6% includes ACS 2024 oral cavity/pharynx plus larynx deaths; downstream 1.8% omitted larynx (oncoref #136),oral+pharynx+larynx aggregate (incl larynx); world adds nasopharynx,oral_cavity+pharynx+larynx (world +nasopharynx),PMID:38230766;DOI:10.3322/caac.21834
ENSG00000158639,PAGE5,prostate,PRAD,0.0,496,496,True,0.0,16.0,,,6.0,,,7.3,,,4.1,,,high,ACS-CFF2024;GLOBOCAN2022,,not_extracted,,not_extracted,,,,,direct_source,not_extracted,,low mortality:incidence (indolent fraction),single_site,PMID:38230766;DOI:10.3322/caac.21834
ENSG00000158639,PAGE5,cervix,CESC,0.0,306,306,True,0.0,0.8,,,0.7,,,3.3,,,3.6,,,high,ACS-CFF2024;GLOBOCAN2022,,not_extracted,,not_extracted,,,,,direct_source,not_extracted,,world>>US (screening/HPV gap),single_site,PMID:38230766;DOI:10.3322/caac.21834
ENSG00000158639,PAGE5,bladder,BLCA,0.0122850122850122,407,407,True,0.0002457002457002,4.0,,,3.0,,,3.0,,,2.0,,,medium,ACS-CFF2024;GLOBOCAN2022,,not_extracted,,not_extracted,,,,,direct_source,not_extracted,,,single_site,PMID:38230766;DOI:10.3322/caac.21834
ENSG00000158639,PAGE5,kidney,KICH;KIRC;KIRP,0.0079006772009029,886,886,True,0.0001422121896162,4.0,,,2.0,,,2.5,,,1.8,,,medium,ACS-CFF2024;GLOBOCAN2022,,not_extracted,,not_extracted,,,,,sum_of_sites,not_extracted,,kidney+renal pelvis,kidney+renal_pelvis,PMID:38230766;DOI:10.3322/caac.21834
ENSG00000158639,PAGE5,melanoma,SKCM,0.1918976545842217,469,469,True,0.0011513859275053,5.0,,,1.3,,,1.7,,,0.6,,,high,ACS-CFF2024;GLOBOCAN2022,,not_extracted,,not_extracted,,,,,direct_source,not_extracted,,cutaneous; low mortality share,single_site,PMID:38230766;DOI:10.3322/caac.21834
ENSG00000158639,PAGE5,ovary,OV,0.0070422535211267,426,426,True,0.0001478873239436,1.6,,,2.6,,,1.6,,,2.1,,,medium,ACS-CFF2024;GLOBOCAN2022,,not_extracted,,not_extracted,,,,,direct_source,not_extracted,,HGSOC-dominant,single_site,PMID:38230766;DOI:10.3322/caac.21834
ENSG00000158639,PAGE5,uterus_endometrium,UCEC,0.011049723756906,181,181,True,0.000110497237569,3.0,,,2.0,,,2.2,,,1.0,,,medium,ACS-CFF2024;GLOBOCAN2022,,not_extracted,,not_extracted,,,,,direct_source,not_extracted,,corpus uteri,corpus_uteri,PMID:38230766;DOI:10.3322/caac.21834
ENSG00000158639,PAGE5,thyroid,THCA,0.0,512,512,True,0.0,2.0,,,0.4,,,4.1,,,0.5,,,high,ACS-CFF2024;GLOBOCAN2022,,not_extracted,,not_extracted,,,,,direct_source,not_extracted,,lowest mortality:incidence; overdiagnosis (GLOBOCAN2022 821k=4.1%),single_site,PMID:38230766;DOI:10.3322/caac.21834
ENSG00000158639,PAGE5,brain_cns,GBM;LGG,0.0,688,688,True,0.0,1.4,,,2.7,,,1.6,,,2.5,,,medium,ACS-CFF2024;GLOBOCAN2022,,not_extracted,,not_extracted,,,,,sum_of_sites,not_extracted,,brain+CNS incl glioma (GBM/LGG),brain+CNS,PMID:38230766;DOI:10.3322/caac.21834
ENSG00000158639,PAGE5,non_hodgkin_lymphoma,DLBC,0.0,47,47,True,0.0,4.0,,,3.0,,,2.8,,,2.5,,,medium,ACS-CFF2024;GLOBOCAN2022,,not_extracted,,not_extracted,,,,,direct_source,not_extracted,,incl DLBCL/FL/MCL/BL,NHL_aggregate (DLBCL+FL+MCL+BL+other),PMID:38230766;DOI:10.3322/caac.21834
ENSG00000158639,PAGE5,leukemia_AML,LAML,0.0,173,173,True,0.0,1.0,,,1.9,,,0.9,,,1.5,,,low,ACS-CFF2024,,not_extracted,,not_extracted,,,,,direct_source,not_extracted,,deadliest leukemia; world approx,AML (subset of leukemia),PMID:38230766
ENSG00000158639,PAGE5,mesothelioma,MESO,0.0,87,87,True,0.0,0.15,,,0.4,,,0.1,,,0.2,,,low,ACS-CFF2024,,not_extracted,,not_extracted,,,,,direct_source,not_extracted,,asbestos-linked; very low survival,single_site,PMID:38230766
ENSG00000158639,PAGE5,testicular_germ_cell,TGCT,0.0454545454545454,154,154,True,4.545454545454546e-05,0.5,,,0.05,,,0.5,,,0.1,,,medium,ACS-CFF2024;GLOBOCAN2022,,not_extracted,,not_extracted,,,,,direct_source,not_extracted,,young men; chemo-curable,single_site,PMID:38230766;DOI:10.3322/caac.21834
ENSG00000158639,PAGE5,adrenal,ACC,0.0,77,77,True,0.0,0.04,,,0.04,,,0.05,,,0.05,,,low,literature,,not_extracted,,not_extracted,,,,,literature_approximation,not_extracted,Literature approximation anchored to US ACC SEER and population-based PPGL epidemiology; percentages remain curated approximations,adrenocortical+pheo/paraganglioma; very rare,adrenocortical+pheochromocytoma/paraganglioma,PMID:29977421;PMID:33112261
NY-ESO-1,CTAG1A/CTAG1B,lung,LUAD;LUSC,0.0434353405725567,1013,1013,True,0.0081224086870681,11.0,,,20.0,,,12.4,,,18.7,,,high,ACS-CFF2024;GLOBOCAN2022,,not_extracted,,not_extracted,,,,,direct_source,not_extracted,,highest mortality:incidence of common sites,single_site,PMID:38230766;DOI:10.3322/caac.21834
NY-ESO-1,CTAG1A/CTAG1B,colorectal,COAD;READ,0.0026109660574412,383,383,True,0.000242819843342,8.0,,,9.0,,,9.6,,,9.3,,,high,ACS-CFF2024;GLOBOCAN2022,,not_extracted,,not_extracted,,,,,sum_of_sites,not_extracted,,COAD+READ,COAD+READ,PMID:38230766;DOI:10.3322/caac.21834
NY-ESO-1,CTAG1A/CTAG1B,liver,LIHC,0.0135869565217391,368,368,True,0.0010597826086956,2.0,,,5.0,,,4.3,,,7.8,,,high,ACS-CFF2024;GLOBOCAN2022,,not_extracted,,not_extracted,,,,,sum_of_sites,not_extracted,,liver+intrahepatic bile duct; world>>US (GLOBOCAN2022 866k=4.3%),liver+intrahepatic_bile_duct,PMID:38230766;DOI:10.3322/caac.21834
NY-ESO-1,CTAG1A/CTAG1B,breast,BRCA,0.0173041894353369,1098,1098,True,0.0011939890710382,15.0,,,7.0,,,11.6,,,6.9,,,high,ACS-CFF2024;GLOBOCAN2022,,not_extracted,,not_extracted,,,,,direct_source,not_extracted,,female breast,female_breast,PMID:38230766;DOI:10.3322/caac.21834
NY-ESO-1,CTAG1A/CTAG1B,stomach,STAD,0.0314769975786924,413,413,True,0.002140435835351,1.5,,,1.8,,,4.9,,,6.8,,,high,ACS-CFF2024;GLOBOCAN2022,,not_extracted,,not_extracted,,,,,direct_source,not_extracted,,world>>US,single_site,PMID:38230766;DOI:10.3322/caac.21834
NY-ESO-1,CTAG1A/CTAG1B,pancreas,PAAD,0.0,178,178,True,0.0,3.0,,,8.0,,,4.1,,,4.8,,,high,ACS-CFF2024;GLOBOCAN2022,,not_extracted,,not_extracted,,,,,direct_source,not_extracted,,high mortality:incidence,single_site,PMID:38230766;DOI:10.3322/caac.21834
NY-ESO-1,CTAG1A/CTAG1B,esophagus,ESCA,0.0164835164835164,182,182,True,0.0007582417582417,1.0,,,2.7,,,4.6,,,4.6,,,medium,ACS-CFF2024;GLOBOCAN2022,,not_extracted,,not_extracted,,,,,direct_source,not_extracted,,adeno(West)/squamous(Asia),single_site,PMID:38230766;DOI:10.3322/caac.21834
NY-ESO-1,CTAG1A/CTAG1B,head_and_neck,HNSC,0.023076923076923,520,520,True,0.0010384615384615,3.5,,,2.6,,,5.0,,,4.5,,,medium,ACS-CFF2024;GLOBOCAN2022,,not_extracted,,not_extracted,,,,,sum_of_sites,not_extracted,Intentional pirlygenes parity delta: 2.6% includes ACS 2024 oral cavity/pharynx plus larynx deaths; downstream 1.8% omitted larynx (oncoref #136),oral+pharynx+larynx aggregate (incl larynx); world adds nasopharynx,oral_cavity+pharynx+larynx (world +nasopharynx),PMID:38230766;DOI:10.3322/caac.21834
NY-ESO-1,CTAG1A/CTAG1B,prostate,PRAD,0.0040322580645161,496,496,True,0.0001653225806451,16.0,,,6.0,,,7.3,,,4.1,,,high,ACS-CFF2024;GLOBOCAN2022,,not_extracted,,not_extracted,,,,,direct_source,not_extracted,,low mortality:incidence (indolent fraction),single_site,PMID:38230766;DOI:10.3322/caac.21834
NY-ESO-1,CTAG1A/CTAG1B,cervix,CESC,0.0,306,306,True,0.0,0.8,,,0.7,,,3.3,,,3.6,,,high,ACS-CFF2024;GLOBOCAN2022,,not_extracted,,not_extracted,,,,,direct_source,not_extracted,,world>>US (screening/HPV gap),single_site,PMID:38230766;DOI:10.3322/caac.21834
NY-ESO-1,CTAG1A/CTAG1B,bladder,BLCA,0.0737100737100737,407,407,True,0.0014742014742014,4.0,,,3.0,,,3.0,,,2.0,,,medium,ACS-CFF2024;GLOBOCAN2022,,not_extracted,,not_extracted,,,,,direct_source,not_extracted,,,single_site,PMID:38230766;DOI:10.3322/caac.21834
NY-ESO-1,CTAG1A/CTAG1B,kidney,KICH;KIRC;KIRP,0.0022573363431151,886,886,True,4.063205417607224e-05,4.0,,,2.0,,,2.5,,,1.8,,,medium,ACS-CFF2024;GLOBOCAN2022,,not_extracted,,not_extracted,,,,,sum_of_sites,not_extracted,,kidney+renal pelvis,kidney+renal_pelvis,PMID:38230766;DOI:10.3322/caac.21834
NY-ESO-1,CTAG1A/CTAG1B,melanoma,SKCM,0.1044776119402985,469,469,True,0.0006268656716417,5.0,,,1.3,,,1.7,,,0.6,,,high,ACS-CFF2024;GLOBOCAN2022,,not_extracted,,not_extracted,,,,,direct_source,not_extracted,,cutaneous; low mortality share,single_site,PMID:38230766;DOI:10.3322/caac.21834
NY-ESO-1,CTAG1A/CTAG1B,ovary,OV,0.0633802816901408,426,426,True,0.0013309859154929,1.6,,,2.6,,,1.6,,,2.1,,,medium,ACS-CFF2024;GLOBOCAN2022,,not_extracted,,not_extracted,,,,,direct_source,not_extracted,,HGSOC-dominant,single_site,PMID:38230766;DOI:10.3322/caac.21834
NY-ESO-1,CTAG1A/CTAG1B,uterus_endometrium,UCEC,0.0386740331491712,181,181,True,0.0003867403314917,3.0,,,2.0,,,2.2,,,1.0,,,medium,ACS-CFF2024;GLOBOCAN2022,,not_extracted,,not_extracted,,,,,direct_source,not_extracted,,corpus uteri,corpus_uteri,PMID:38230766;DOI:10.3322/caac.21834
NY-ESO-1,CTAG1A/CTAG1B,thyroid,THCA,0.0,512,512,True,0.0,2.0,,,0.4,,,4.1,,,0.5,,,high,ACS-CFF2024;GLOBOCAN2022,,not_extracted,,not_extracted,,,,,direct_source,not_extracted,,lowest mortality:incidence; overdiagnosis (GLOBOCAN2022 821k=4.1%),single_site,PMID:38230766;DOI:10.3322/caac.21834
NY-ESO-1,CTAG1A/CTAG1B,brain_cns,GBM;LGG,0.0,688,688,True,0.0,1.4,,,2.7,,,1.6,,,2.5,,,medium,ACS-CFF2024;GLOBOCAN2022,,not_extracted,,not_extracted,,,,,sum_of_sites,not_extracted,,brain+CNS incl glioma (GBM/LGG),brain+CNS,PMID:38230766;DOI:10.3322/caac.21834
NY-ESO-1,CTAG1A/CTAG1B,non_hodgkin_lymphoma,DLBC,0.0212765957446808,47,47,True,0.000531914893617,4.0,,,3.0,,,2.8,,,2.5,,,medium,ACS-CFF2024;GLOBOCAN2022,,not_extracted,,not_extracted,,,,,direct_source,not_extracted,,incl DLBCL/FL/MCL/BL,NHL_aggregate (DLBCL+FL+MCL+BL+other),PMID:38230766;DOI:10.3322/caac.21834
NY-ESO-1,CTAG1A/CTAG1B,leukemia_AML,LAML,0.0,173,173,True,0.0,1.0,,,1.9,,,0.9,,,1.5,,,low,ACS-CFF2024,,not_extracted,,not_extracted,,,,,direct_source,not_extracted,,deadliest leukemia; world approx,AML (subset of leukemia),PMID:38230766
NY-ESO-1,CTAG1A/CTAG1B,mesothelioma,MESO,0.0,87,87,True,0.0,0.15,,,0.4,,,0.1,,,0.2,,,low,ACS-CFF2024,,not_extracted,,not_extracted,,,,,direct_source,not_extracted,,asbestos-linked; very low survival,single_site,PMID:38230766
NY-ESO-1,CTAG1A/CTAG1B,testicular_germ_cell,TGCT,0.0064935064935064,154,154,True,6.493506493506494e-06,0.5,,,0.05,,,0.5,,,0.1,,,medium,ACS-CFF2024;GLOBOCAN2022,,not_extracted,,not_extracted,,,,,direct_source,not_extracted,,young men; chemo-curable,single_site,PMID:38230766;DOI:10.3322/caac.21834
NY-ESO-1,CTAG1A/CTAG1B,adrenal,ACC,0.0,77,77,True,0.0,0.04,,,0.04,,,0.05,,,0.05,,,low,literature,,not_extracted,,not_extracted,,,,,literature_approximation,not_extracted,Literature approximation anchored to US ACC SEER and population-based PPGL epidemiology; percentages remain curated approximations,adrenocortical+pheo/paraganglioma; very rare,adrenocortical+pheochromocytoma/paraganglioma,PMID:29977421;PMID:33112261
ENSG00000185686,PRAME,lung,LUAD;LUSC,0.0918065153010858,1013,1013,True,0.017167818361303,11.0,,,20.0,,,12.4,,,18.7,,,high,ACS-CFF2024;GLOBOCAN2022,,not_extracted,,not_extracted,,,,,direct_source,not_extracted,,highest mortality:incidence of common sites,single_site,PMID:38230766;DOI:10.3322/caac.21834
ENSG00000185686,PRAME,colorectal,COAD;READ,0.0,383,383,True,0.0,8.0,,,9.0,,,9.6,,,9.3,,,high,ACS-CFF2024;GLOBOCAN2022,,not_extracted,,not_extracted,,,,,sum_of_sites,not_extracted,,COAD+READ,COAD+READ,PMID:38230766;DOI:10.3322/caac.21834
ENSG00000185686,PRAME,liver,LIHC,0.0135869565217391,368,368,True,0.0010597826086956,2.0,,,5.0,,,4.3,,,7.8,,,high,ACS-CFF2024;GLOBOCAN2022,,not_extracted,,not_extracted,,,,,sum_of_sites,not_extracted,,liver+intrahepatic bile duct; world>>US (GLOBOCAN2022 866k=4.3%),liver+intrahepatic_bile_duct,PMID:38230766;DOI:10.3322/caac.21834
ENSG00000185686,PRAME,breast,BRCA,0.0637522768670309,1098,1098,True,0.0043989071038251,15.0,,,7.0,,,11.6,,,6.9,,,high,ACS-CFF2024;GLOBOCAN2022,,not_extracted,,not_extracted,,,,,direct_source,not_extracted,,female breast,female_breast,PMID:38230766;DOI:10.3322/caac.21834
ENSG00000185686,PRAME,stomach,STAD,0.0242130750605326,413,413,True,0.0016464891041162,1.5,,,1.8,,,4.9,,,6.8,,,high,ACS-CFF2024;GLOBOCAN2022,,not_extracted,,not_extracted,,,,,direct_source,not_extracted,,world>>US,single_site,PMID:38230766;DOI:10.3322/caac.21834
ENSG00000185686,PRAME,pancreas,PAAD,0.0,178,178,True,0.0,3.0,,,8.0,,,4.1,,,4.8,,,high,ACS-CFF2024;GLOBOCAN2022,,not_extracted,,not_extracted,,,,,direct_source,not_extracted,,high mortality:incidence,single_site,PMID:38230766;DOI:10.3322/caac.21834
ENSG00000185686,PRAME,esophagus,ESCA,0.0384615384615384,182,182,True,0.0017692307692307,1.0,,,2.7,,,4.6,,,4.6,,,medium,ACS-CFF2024;GLOBOCAN2022,,not_extracted,,not_extracted,,,,,direct_source,not_extracted,,adeno(West)/squamous(Asia),single_site,PMID:38230766;DOI:10.3322/caac.21834
ENSG00000185686,PRAME,head_and_neck,HNSC,0.0192307692307692,520,520,True,0.0008653846153846,3.5,,,2.6,,,5.0,,,4.5,,,medium,ACS-CFF2024;GLOBOCAN2022,,not_extracted,,not_extracted,,,,,sum_of_sites,not_extracted,Intentional pirlygenes parity delta: 2.6% includes ACS 2024 oral cavity/pharynx plus larynx deaths; downstream 1.8% omitted larynx (oncoref #136),oral+pharynx+larynx aggregate (incl larynx); world adds nasopharynx,oral_cavity+pharynx+larynx (world +nasopharynx),PMID:38230766;DOI:10.3322/caac.21834
ENSG00000185686,PRAME,prostate,PRAD,0.0,496,496,True,0.0,16.0,,,6.0,,,7.3,,,4.1,,,high,ACS-CFF2024;GLOBOCAN2022,,not_extracted,,not_extracted,,,,,direct_source,not_extracted,,low mortality:incidence (indolent fraction),single_site,PMID:38230766;DOI:10.3322/caac.21834
ENSG00000185686,PRAME,cervix,CESC,0.0326797385620915,306,306,True,0.0011764705882352,0.8,,,0.7,,,3.3,,,3.6,,,high,ACS-CFF2024;GLOBOCAN2022,,not_extracted,,not_extracted,,,,,direct_source,not_extracted,,world>>US (screening/HPV gap),single_site,PMID:38230766;DOI:10.3322/caac.21834
ENSG00000185686,PRAME,bladder,BLCA,0.027027027027027,407,407,True,0.0005405405405405,4.0,,,3.0,,,3.0,,,2.0,,,medium,ACS-CFF2024;GLOBOCAN2022,,not_extracted,,not_extracted,,,,,direct_source,not_extracted,,,single_site,PMID:38230766;DOI:10.3322/caac.21834
ENSG00000185686,PRAME,kidney,KICH;KIRC;KIRP,0.0067720090293453,886,886,True,0.0001218961625282,4.0,,,2.0,,,2.5,,,1.8,,,medium,ACS-CFF2024;GLOBOCAN2022,,not_extracted,,not_extracted,,,,,sum_of_sites,not_extracted,,kidney+renal pelvis,kidney+renal_pelvis,PMID:38230766;DOI:10.3322/caac.21834
ENSG00000185686,PRAME,melanoma,SKCM,0.8656716417910447,469,469,True,0.0051940298507462,5.0,,,1.3,,,1.7,,,0.6,,,high,ACS-CFF2024;GLOBOCAN2022,,not_extracted,,not_extracted,,,,,direct_source,not_extracted,,cutaneous; low mortality share,single_site,PMID:38230766;DOI:10.3322/caac.21834
ENSG00000185686,PRAME,ovary,OV,0.2746478873239437,426,426,True,0.0057676056338028,1.6,,,2.6,,,1.6,,,2.1,,,medium,ACS-CFF2024;GLOBOCAN2022,,not_extracted,,not_extracted,,,,,direct_source,not_extracted,,HGSOC-dominant,single_site,PMID:38230766;DOI:10.3322/caac.21834
ENSG00000185686,PRAME,uterus_endometrium,UCEC,0.7071823204419889,181,181,True,0.0070718232044198,3.0,,,2.0,,,2.2,,,1.0,,,medium,ACS-CFF2024;GLOBOCAN2022,,not_extracted,,not_extracted,,,,,direct_source,not_extracted,,corpus uteri,corpus_uteri,PMID:38230766;DOI:10.3322/caac.21834
ENSG00000185686,PRAME,thyroid,THCA,0.0,512,512,True,0.0,2.0,,,0.4,,,4.1,,,0.5,,,high,ACS-CFF2024;GLOBOCAN2022,,not_extracted,,not_extracted,,,,,direct_source,not_extracted,,lowest mortality:incidence; overdiagnosis (GLOBOCAN2022 821k=4.1%),single_site,PMID:38230766;DOI:10.3322/caac.21834
ENSG00000185686,PRAME,brain_cns,GBM;LGG,0.0072674418604651,688,688,True,0.0001816860465116,1.4,,,2.7,,,1.6,,,2.5,,,medium,ACS-CFF2024;GLOBOCAN2022,,not_extracted,,not_extracted,,,,,sum_of_sites,not_extracted,,brain+CNS incl glioma (GBM/LGG),brain+CNS,PMID:38230766;DOI:10.3322/caac.21834
ENSG00000185686,PRAME,non_hodgkin_lymphoma,DLBC,0.0212765957446808,47,47,True,0.000531914893617,4.0,,,3.0,,,2.8,,,2.5,,,medium,ACS-CFF2024;GLOBOCAN2022,,not_extracted,,not_extracted,,,,,direct_source,not_extracted,,incl DLBCL/FL/MCL/BL,NHL_aggregate (DLBCL+FL+MCL+BL+other),PMID:38230766;DOI:10.3322/caac.21834
ENSG00000185686,PRAME,leukemia_AML,LAML,0.0867052023121387,173,173,True,0.001300578034682,1.0,,,1.9,,,0.9,,,1.5,,,low,ACS-CFF2024,,not_extracted,,not_extracted,,,,,direct_source,not_extracted,,deadliest leukemia; world approx,AML (subset of leukemia),PMID:38230766
ENSG00000185686,PRAME,mesothelioma,MESO,0.0229885057471264,87,87,True,4.597701149425287e-05,0.15,,,0.4,,,0.1,,,0.2,,,low,ACS-CFF2024,,not_extracted,,not_extracted,,,,,direct_source,not_extracted,,asbestos-linked; very low survival,single_site,PMID:38230766
ENSG00000185686,PRAME,testicular_germ_cell,TGCT,0.3896103896103896,154,154,True,0.0003896103896103,0.5,,,0.05,,,0.5,,,0.1,,,medium,ACS-CFF2024;GLOBOCAN2022,,not_extracted,,not_extracted,,,,,direct_source,not_extracted,,young men; chemo-curable,single_site,PMID:38230766;DOI:10.3322/caac.21834
ENSG00000185686,PRAME,adrenal,ACC,0.0649350649350649,77,77,True,3.246753246753247e-05,0.04,,,0.04,,,0.05,,,0.05,,,low,literature,,not_extracted,,not_extracted,,,,,literature_approximation,not_extracted,Literature approximation anchored to US ACC SEER and population-based PPGL epidemiology; percentages remain curated approximations,adrenocortical+pheo/paraganglioma; very rare,adrenocortical+pheochromocytoma/paraganglioma,PMID:29977421;PMID:33112261
XAGE1A/B,XAGE1A/XAGE1B,lung,LUAD;LUSC,0.366238894373149,1013,1013,True,0.0684866732477788,11.0,,,20.0,,,12.4,,,18.7,,,high,ACS-CFF2024;GLOBOCAN2022,,not_extracted,,not_extracted,,,,,direct_source,not_extracted,,highest mortality:incidence of common sites,single_site,PMID:38230766;DOI:10.3322/caac.21834
XAGE1A/B,XAGE1A/XAGE1B,colorectal,COAD;READ,0.0052219321148825,383,383,True,0.000485639686684,8.0,,,9.0,,,9.6,,,9.3,,,high,ACS-CFF2024;GLOBOCAN2022,,not_extracted,,not_extracted,,,,,sum_of_sites,not_extracted,,COAD+READ,COAD+READ,PMID:38230766;DOI:10.3322/caac.21834
XAGE1A/B,XAGE1A/XAGE1B,liver,LIHC,0.2364130434782608,368,368,True,0.0184402173913043,2.0,,,5.0,,,4.3,,,7.8,,,high,ACS-CFF2024;GLOBOCAN2022,,not_extracted,,not_extracted,,,,,sum_of_sites,not_extracted,,liver+intrahepatic bile duct; world>>US (GLOBOCAN2022 866k=4.3%),liver+intrahepatic_bile_duct,PMID:38230766;DOI:10.3322/caac.21834
XAGE1A/B,XAGE1A/XAGE1B,breast,BRCA,0.0318761384335154,1098,1098,True,0.0021994535519125,15.0,,,7.0,,,11.6,,,6.9,,,high,ACS-CFF2024;GLOBOCAN2022,,not_extracted,,not_extracted,,,,,direct_source,not_extracted,,female breast,female_breast,PMID:38230766;DOI:10.3322/caac.21834
XAGE1A/B,XAGE1A/XAGE1B,stomach,STAD,0.0217917675544794,413,413,True,0.0014818401937046,1.5,,,1.8,,,4.9,,,6.8,,,high,ACS-CFF2024;GLOBOCAN2022,,not_extracted,,not_extracted,,,,,direct_source,not_extracted,,world>>US,single_site,PMID:38230766;DOI:10.3322/caac.21834
XAGE1A/B,XAGE1A/XAGE1B,pancreas,PAAD,0.0,178,178,True,0.0,3.0,,,8.0,,,4.1,,,4.8,,,high,ACS-CFF2024;GLOBOCAN2022,,not_extracted,,not_extracted,,,,,direct_source,not_extracted,,high mortality:incidence,single_site,PMID:38230766;DOI:10.3322/caac.21834
XAGE1A/B,XAGE1A/XAGE1B,esophagus,ESCA,0.0164835164835164,182,182,True,0.0007582417582417,1.0,,,2.7,,,4.6,,,4.6,,,medium,ACS-CFF2024;GLOBOCAN2022,,not_extracted,,not_extracted,,,,,direct_source,not_extracted,,adeno(West)/squamous(Asia),single_site,PMID:38230766;DOI:10.3322/caac.21834
XAGE1A/B,XAGE1A/XAGE1B,head_and_neck,HNSC,0.023076923076923,520,520,True,0.0010384615384615,3.5,,,2.6,,,5.0,,,4.5,,,medium,ACS-CFF2024;GLOBOCAN2022,,not_extracted,,not_extracted,,,,,sum_of_sites,not_extracted,Intentional pirlygenes parity delta: 2.6% includes ACS 2024 oral cavity/pharynx plus larynx deaths; downstream 1.8% omitted larynx (oncoref #136),oral+pharynx+larynx aggregate (incl larynx); world adds nasopharynx,oral_cavity+pharynx+larynx (world +nasopharynx),PMID:38230766;DOI:10.3322/caac.21834
XAGE1A/B,XAGE1A/XAGE1B,prostate,PRAD,0.0201612903225806,496,496,True,0.0008266129032258,16.0,,,6.0,,,7.3,,,4.1,,,high,ACS-CFF2024;GLOBOCAN2022,,not_extracted,,not_extracted,,,,,direct_source,not_extracted,,low mortality:incidence (indolent fraction),single_site,PMID:38230766;DOI:10.3322/caac.21834
XAGE1A/B,XAGE1A/XAGE1B,cervix,CESC,0.0098039215686274,306,306,True,0.0003529411764705,0.8,,,0.7,,,3.3,,,3.6,,,high,ACS-CFF2024;GLOBOCAN2022,,not_extracted,,not_extracted,,,,,direct_source,not_extracted,,world>>US (screening/HPV gap),single_site,PMID:38230766;DOI:10.3322/caac.21834
XAGE1A/B,XAGE1A/XAGE1B,bladder,BLCA,0.081081081081081,407,407,True,0.0016216216216216,4.0,,,3.0,,,3.0,,,2.0,,,medium,ACS-CFF2024;GLOBOCAN2022,,not_extracted,,not_extracted,,,,,direct_source,not_extracted,,,single_site,PMID:38230766;DOI:10.3322/caac.21834
XAGE1A/B,XAGE1A/XAGE1B,kidney,KICH;KIRC;KIRP,0.0090293453724604,886,886,True,0.0001625282167042,4.0,,,2.0,,,2.5,,,1.8,,,medium,ACS-CFF2024;GLOBOCAN2022,,not_extracted,,not_extracted,,,,,sum_of_sites,not_extracted,,kidney+renal pelvis,kidney+renal_pelvis,PMID:38230766;DOI:10.3322/caac.21834
XAGE1A/B,XAGE1A/XAGE1B,melanoma,SKCM,0.2835820895522388,469,469,True,0.0017014925373134,5.0,,,1.3,,,1.7,,,0.6,,,high,ACS-CFF2024;GLOBOCAN2022,,not_extracted,,not_extracted,,,,,direct_source,not_extracted,,cutaneous; low mortality share,single_site,PMID:38230766;DOI:10.3322/caac.21834
XAGE1A/B,XAGE1A/XAGE1B,ovary,OV,0.0211267605633802,426,426,True,0.0004436619718309,1.6,,,2.6,,,1.6,,,2.1,,,medium,ACS-CFF2024;GLOBOCAN2022,,not_extracted,,not_extracted,,,,,direct_source,not_extracted,,HGSOC-dominant,single_site,PMID:38230766;DOI:10.3322/caac.21834
XAGE1A/B,XAGE1A/XAGE1B,uterus_endometrium,UCEC,0.0441988950276243,181,181,True,0.0004419889502762,3.0,,,2.0,,,2.2,,,1.0,,,medium,ACS-CFF2024;GLOBOCAN2022,,not_extracted,,not_extracted,,,,,direct_source,not_extracted,,corpus uteri,corpus_uteri,PMID:38230766;DOI:10.3322/caac.21834
XAGE1A/B,XAGE1A/XAGE1B,thyroid,THCA,0.001953125,512,512,True,9.765625e-06,2.0,,,0.4,,,4.1,,,0.5,,,high,ACS-CFF2024;GLOBOCAN2022,,not_extracted,,not_extracted,,,,,direct_source,not_extracted,,lowest mortality:incidence; overdiagnosis (GLOBOCAN2022 821k=4.1%),single_site,PMID:38230766;DOI:10.3322/caac.21834
XAGE1A/B,XAGE1A/XAGE1B,brain_cns,GBM;LGG,0.0,688,688,True,0.0,1.4,,,2.7,,,1.6,,,2.5,,,medium,ACS-CFF2024;GLOBOCAN2022,,not_extracted,,not_extracted,,,,,sum_of_sites,not_extracted,,brain+CNS incl glioma (GBM/LGG),brain+CNS,PMID:38230766;DOI:10.3322/caac.21834
XAGE1A/B,XAGE1A/XAGE1B,non_hodgkin_lymphoma,DLBC,0.0,47,47,True,0.0,4.0,,,3.0,,,2.8,,,2.5,,,medium,ACS-CFF2024;GLOBOCAN2022,,not_extracted,,not_extracted,,,,,direct_source,not_extracted,,incl DLBCL/FL/MCL/BL,NHL_aggregate (DLBCL+FL+MCL+BL+other),PMID:38230766;DOI:10.3322/caac.21834
XAGE1A/B,XAGE1A/XAGE1B,leukemia_AML,LAML,0.0404624277456647,173,173,True,0.0006069364161849,1.0,,,1.9,,,0.9,,,1.5,,,low,ACS-CFF2024,,not_extracted,,not_extracted,,,,,direct_source,not_extracted,,deadliest leukemia; world approx,AML (subset of leukemia),PMID:38230766
XAGE1A/B,XAGE1A/XAGE1B,mesothelioma,MESO,0.0114942528735632,87,87,True,2.2988505747126437e-05,0.15,,,0.4,,,0.1,,,0.2,,,low,ACS-CFF2024,,not_extracted,,not_extracted,,,,,direct_source,not_extracted,,asbestos-linked; very low survival,single_site,PMID:38230766
XAGE1A/B,XAGE1A/XAGE1B,testicular_germ_cell,TGCT,0.2077922077922078,154,154,True,0.0002077922077922,0.5,,,0.05,,,0.5,,,0.1,,,medium,ACS-CFF2024;GLOBOCAN2022,,not_extracted,,not_extracted,,,,,direct_source,not_extracted,,young men; chemo-curable,single_site,PMID:38230766;DOI:10.3322/caac.21834
XAGE1A/B,XAGE1A/XAGE1B,adrenal,ACC,0.0519480519480519,77,77,True,2.5974025974025975e-05,0.04,,,0.04,,,0.05,,,0.05,,,low,literature,,not_extracted,,not_extracted,,,,,literature_approximation,not_extracted,Literature approximation anchored to US ACC SEER and population-based PPGL epidemiology; percentages remain curated approximations,adrenocortical+pheo/paraganglioma; very rare,adrenocortical+pheochromocytoma/paraganglioma,PMID:29977421;PMID:33112261
ENSG00000234068,PAGE2,lung,LUAD;LUSC,0.0444225074037512,1013,1013,True,0.0083070088845014,11.0,,,20.0,,,12.4,,,18.7,,,high,ACS-CFF2024;GLOBOCAN2022,,not_extracted,,not_extracted,,,,,direct_source,not_extracted,,highest mortality:incidence of common sites,single_site,PMID:38230766;DOI:10.3322/caac.21834
ENSG00000234068,PAGE2,colorectal,COAD;READ,0.0,383,383,True,0.0,8.0,,,9.0,,,9.6,,,9.3,,,high,ACS-CFF2024;GLOBOCAN2022,,not_extracted,,not_extracted,,,,,sum_of_sites,not_extracted,,COAD+READ,COAD+READ,PMID:38230766;DOI:10.3322/caac.21834
ENSG00000234068,PAGE2,liver,LIHC,0.0597826086956521,368,368,True,0.0046630434782608,2.0,,,5.0,,,4.3,,,7.8,,,high,ACS-CFF2024;GLOBOCAN2022,,not_extracted,,not_extracted,,,,,sum_of_sites,not_extracted,,liver+intrahepatic bile duct; world>>US (GLOBOCAN2022 866k=4.3%),liver+intrahepatic_bile_duct,PMID:38230766;DOI:10.3322/caac.21834
ENSG00000234068,PAGE2,breast,BRCA,0.0072859744990892,1098,1098,True,0.0005027322404371,15.0,,,7.0,,,11.6,,,6.9,,,high,ACS-CFF2024;GLOBOCAN2022,,not_extracted,,not_extracted,,,,,direct_source,not_extracted,,female breast,female_breast,PMID:38230766;DOI:10.3322/caac.21834
ENSG00000234068,PAGE2,stomach,STAD,0.0266343825665859,413,413,True,0.0018111380145278,1.5,,,1.8,,,4.9,,,6.8,,,high,ACS-CFF2024;GLOBOCAN2022,,not_extracted,,not_extracted,,,,,direct_source,not_extracted,,world>>US,single_site,PMID:38230766;DOI:10.3322/caac.21834
ENSG00000234068,PAGE2,pancreas,PAAD,0.0,178,178,True,0.0,3.0,,,8.0,,,4.1,,,4.8,,,high,ACS-CFF2024;GLOBOCAN2022,,not_extracted,,not_extracted,,,,,direct_source,not_extracted,,high mortality:incidence,single_site,PMID:38230766;DOI:10.3322/caac.21834
ENSG00000234068,PAGE2,esophagus,ESCA,0.0164835164835164,182,182,True,0.0007582417582417,1.0,,,2.7,,,4.6,,,4.6,,,medium,ACS-CFF2024;GLOBOCAN2022,,not_extracted,,not_extracted,,,,,direct_source,not_extracted,,adeno(West)/squamous(Asia),single_site,PMID:38230766;DOI:10.3322/caac.21834
ENSG00000234068,PAGE2,head_and_neck,HNSC,0.0269230769230769,520,520,True,0.0012115384615384,3.5,,,2.6,,,5.0,,,4.5,,,medium,ACS-CFF2024;GLOBOCAN2022,,not_extracted,,not_extracted,,,,,sum_of_sites,not_extracted,Intentional pirlygenes parity delta: 2.6% includes ACS 2024 oral cavity/pharynx plus larynx deaths; downstream 1.8% omitted larynx (oncoref #136),oral+pharynx+larynx aggregate (incl larynx); world adds nasopharynx,oral_cavity+pharynx+larynx (world +nasopharynx),PMID:38230766;DOI:10.3322/caac.21834
ENSG00000234068,PAGE2,prostate,PRAD,0.0,496,496,True,0.0,16.0,,,6.0,,,7.3,,,4.1,,,high,ACS-CFF2024;GLOBOCAN2022,,not_extracted,,not_extracted,,,,,direct_source,not_extracted,,low mortality:incidence (indolent fraction),single_site,PMID:38230766;DOI:10.3322/caac.21834
ENSG00000234068,PAGE2,cervix,CESC,0.0032679738562091,306,306,True,0.0001176470588235,0.8,,,0.7,,,3.3,,,3.6,,,high,ACS-CFF2024;GLOBOCAN2022,,not_extracted,,not_extracted,,,,,direct_source,not_extracted,,world>>US (screening/HPV gap),single_site,PMID:38230766;DOI:10.3322/caac.21834
ENSG00000234068,PAGE2,bladder,BLCA,0.0466830466830466,407,407,True,0.0009336609336609,4.0,,,3.0,,,3.0,,,2.0,,,medium,ACS-CFF2024;GLOBOCAN2022,,not_extracted,,not_extracted,,,,,direct_source,not_extracted,,,single_site,PMID:38230766;DOI:10.3322/caac.21834
ENSG00000234068,PAGE2,kidney,KICH;KIRC;KIRP,0.0033860045146726,886,886,True,6.094808126410836e-05,4.0,,,2.0,,,2.5,,,1.8,,,medium,ACS-CFF2024;GLOBOCAN2022,,not_extracted,,not_extracted,,,,,sum_of_sites,not_extracted,,kidney+renal pelvis,kidney+renal_pelvis,PMID:38230766;DOI:10.3322/caac.21834
ENSG00000234068,PAGE2,melanoma,SKCM,0.0660980810234541,469,469,True,0.0003965884861407,5.0,,,1.3,,,1.7,,,0.6,,,high,ACS-CFF2024;GLOBOCAN2022,,not_extracted,,not_extracted,,,,,direct_source,not_extracted,,cutaneous; low mortality share,single_site,PMID:38230766;DOI:10.3322/caac.21834
ENSG00000234068,PAGE2,ovary,OV,0.0586854460093896,426,426,True,0.0012323943661971,1.6,,,2.6,,,1.6,,,2.1,,,medium,ACS-CFF2024;GLOBOCAN2022,,not_extracted,,not_extracted,,,,,direct_source,not_extracted,,HGSOC-dominant,single_site,PMID:38230766;DOI:10.3322/caac.21834
ENSG00000234068,PAGE2,uterus_endometrium,UCEC,0.0331491712707182,181,181,True,0.0003314917127071,3.0,,,2.0,,,2.2,,,1.0,,,medium,ACS-CFF2024;GLOBOCAN2022,,not_extracted,,not_extracted,,,,,direct_source,not_extracted,,corpus uteri,corpus_uteri,PMID:38230766;DOI:10.3322/caac.21834
ENSG00000234068,PAGE2,thyroid,THCA,0.0,512,512,True,0.0,2.0,,,0.4,,,4.1,,,0.5,,,high,ACS-CFF2024;GLOBOCAN2022,,not_extracted,,not_extracted,,,,,direct_source,not_extracted,,lowest mortality:incidence; overdiagnosis (GLOBOCAN2022 821k=4.1%),single_site,PMID:38230766;DOI:10.3322/caac.21834
ENSG00000234068,PAGE2,brain_cns,GBM;LGG,0.0,688,688,True,0.0,1.4,,,2.7,,,1.6,,,2.5,,,medium,ACS-CFF2024;GLOBOCAN2022,,not_extracted,,not_extracted,,,,,sum_of_sites,not_extracted,,brain+CNS incl glioma (GBM/LGG),brain+CNS,PMID:38230766;DOI:10.3322/caac.21834
ENSG00000234068,PAGE2,non_hodgkin_lymphoma,DLBC,0.0212765957446808,47,47,True,0.000531914893617,4.0,,,3.0,,,2.8,,,2.5,,,medium,ACS-CFF2024;GLOBOCAN2022,,not_extracted,,not_extracted,,,,,direct_source,not_extracted,,incl DLBCL/FL/MCL/BL,NHL_aggregate (DLBCL+FL+MCL+BL+other),PMID:38230766;DOI:10.3322/caac.21834
ENSG00000234068,PAGE2,leukemia_AML,LAML,0.0,173,173,True,0.0,1.0,,,1.9,,,0.9,,,1.5,,,low,ACS-CFF2024,,not_extracted,,not_extracted,,,,,direct_source,not_extracted,,deadliest leukemia; world approx,AML (subset of leukemia),PMID:38230766
ENSG00000234068,PAGE2,mesothelioma,MESO,0.0,87,87,True,0.0,0.15,,,0.4,,,0.1,,,0.2,,,low,ACS-CFF2024,,not_extracted,,not_extracted,,,,,direct_source,not_extracted,,asbestos-linked; very low survival,single_site,PMID:38230766
ENSG00000234068,PAGE2,testicular_germ_cell,TGCT,0.0,154,154,True,0.0,0.5,,,0.05,,,0.5,,,0.1,,,medium,ACS-CFF2024;GLOBOCAN2022,,not_extracted,,not_extracted,,,,,direct_source,not_extracted,,young men; chemo-curable,single_site,PMID:38230766;DOI:10.3322/caac.21834
ENSG00000234068,PAGE2,adrenal,ACC,0.0,77,77,True,0.0,0.04,,,0.04,,,0.05,,,0.05,,,low,literature,,not_extracted,,not_extracted,,,,,literature_approximation,not_extracted,Literature approximation anchored to US ACC SEER and population-based PPGL epidemiology; percentages remain curated approximations,adrenocortical+pheo/paraganglioma; very rare,adrenocortical+pheochromocytoma/paraganglioma,PMID:29977421;PMID:33112261
ENSG00000238269,PAGE2B,lung,LUAD;LUSC,0.0187561697926949,1013,1013,True,0.0035074037512339,11.0,,,20.0,,,12.4,,,18.7,,,high,ACS-CFF2024;GLOBOCAN2022,,not_extracted,,not_extracted,,,,,direct_source,not_extracted,,highest mortality:incidence of common sites,single_site,PMID:38230766;DOI:10.3322/caac.21834
ENSG00000238269,PAGE2B,colorectal,COAD;READ,0.0,383,383,True,0.0,8.0,,,9.0,,,9.6,,,9.3,,,high,ACS-CFF2024;GLOBOCAN2022,,not_extracted,,not_extracted,,,,,sum_of_sites,not_extracted,,COAD+READ,COAD+READ,PMID:38230766;DOI:10.3322/caac.21834
ENSG00000238269,PAGE2B,liver,LIHC,0.0434782608695652,368,368,True,0.003391304347826,2.0,,,5.0,,,4.3,,,7.8,,,high,ACS-CFF2024;GLOBOCAN2022,,not_extracted,,not_extracted,,,,,sum_of_sites,not_extracted,,liver+intrahepatic bile duct; world>>US (GLOBOCAN2022 866k=4.3%),liver+intrahepatic_bile_duct,PMID:38230766;DOI:10.3322/caac.21834
ENSG00000238269,PAGE2B,breast,BRCA,0.0081967213114754,1098,1098,True,0.0005655737704918,15.0,,,7.0,,,11.6,,,6.9,,,high,ACS-CFF2024;GLOBOCAN2022,,not_extracted,,not_extracted,,,,,direct_source,not_extracted,,female breast,female_breast,PMID:38230766;DOI:10.3322/caac.21834
ENSG00000238269,PAGE2B,stomach,STAD,0.0145278450363196,413,413,True,0.0009878934624697,1.5,,,1.8,,,4.9,,,6.8,,,high,ACS-CFF2024;GLOBOCAN2022,,not_extracted,,not_extracted,,,,,direct_source,not_extracted,,world>>US,single_site,PMID:38230766;DOI:10.3322/caac.21834
ENSG00000238269,PAGE2B,pancreas,PAAD,0.0,178,178,True,0.0,3.0,,,8.0,,,4.1,,,4.8,,,high,ACS-CFF2024;GLOBOCAN2022,,not_extracted,,not_extracted,,,,,direct_source,not_extracted,,high mortality:incidence,single_site,PMID:38230766;DOI:10.3322/caac.21834
ENSG00000238269,PAGE2B,esophagus,ESCA,0.0109890109890109,182,182,True,0.0005054945054945,1.0,,,2.7,,,4.6,,,4.6,,,medium,ACS-CFF2024;GLOBOCAN2022,,not_extracted,,not_extracted,,,,,direct_source,not_extracted,,adeno(West)/squamous(Asia),single_site,PMID:38230766;DOI:10.3322/caac.21834
ENSG00000238269,PAGE2B,head_and_neck,HNSC,0.0019230769230769,520,520,True,8.653846153846155e-05,3.5,,,2.6,,,5.0,,,4.5,,,medium,ACS-CFF2024;GLOBOCAN2022,,not_extracted,,not_extracted,,,,,sum_of_sites,not_extracted,Intentional pirlygenes parity delta: 2.6% includes ACS 2024 oral cavity/pharynx plus larynx deaths; downstream 1.8% omitted larynx (oncoref #136),oral+pharynx+larynx aggregate (incl larynx); world adds nasopharynx,oral_cavity+pharynx+larynx (world +nasopharynx),PMID:38230766;DOI:10.3322/caac.21834
ENSG00000238269,PAGE2B,prostate,PRAD,0.0,496,496,True,0.0,16.0,,,6.0,,,7.3,,,4.1,,,high,ACS-CFF2024;GLOBOCAN2022,,not_extracted,,not_extracted,,,,,direct_source,not_extracted,,low mortality:incidence (indolent fraction),single_site,PMID:38230766;DOI:10.3322/caac.21834
ENSG00000238269,PAGE2B,cervix,CESC,0.0065359477124183,306,306,True,0.000235294117647,0.8,,,0.7,,,3.3,,,3.6,,,high,ACS-CFF2024;GLOBOCAN2022,,not_extracted,,not_extracted,,,,,direct_source,not_extracted,,world>>US (screening/HPV gap),single_site,PMID:38230766;DOI:10.3322/caac.21834
ENSG00000238269,PAGE2B,bladder,BLCA,0.0294840294840294,407,407,True,0.0005896805896805,4.0,,,3.0,,,3.0,,,2.0,,,medium,ACS-CFF2024;GLOBOCAN2022,,not_extracted,,not_extracted,,,,,direct_source,not_extracted,,,single_site,PMID:38230766;DOI:10.3322/caac.21834
ENSG00000238269,PAGE2B,kidney,KICH;KIRC;KIRP,0.0067720090293453,886,886,True,0.0001218961625282,4.0,,,2.0,,,2.5,,,1.8,,,medium,ACS-CFF2024;GLOBOCAN2022,,not_extracted,,not_extracted,,,,,sum_of_sites,not_extracted,,kidney+renal pelvis,kidney+renal_pelvis,PMID:38230766;DOI:10.3322/caac.21834
ENSG00000238269,PAGE2B,melanoma,SKCM,0.0426439232409381,469,469,True,0.0002558635394456,5.0,,,1.3,,,1.7,,,0.6,,,high,ACS-CFF2024;GLOBOCAN2022,,not_extracted,,not_extracted,,,,,direct_source,not_extracted,,cutaneous; low mortality share,single_site,PMID:38230766;DOI:10.3322/caac.21834
ENSG00000238269,PAGE2B,ovary,OV,0.0117370892018779,426,426,True,0.0002464788732394,1.6,,,2.6,,,1.6,,,2.1,,,medium,ACS-CFF2024;GLOBOCAN2022,,not_extracted,,not_extracted,,,,,direct_source,not_extracted,,HGSOC-dominant,single_site,PMID:38230766;DOI:10.3322/caac.21834
ENSG00000238269,PAGE2B,uterus_endometrium,UCEC,0.0165745856353591,181,181,True,0.0001657458563535,3.0,,,2.0,,,2.2,,,1.0,,,medium,ACS-CFF2024;GLOBOCAN2022,,not_extracted,,not_extracted,,,,,direct_source,not_extracted,,corpus uteri,corpus_uteri,PMID:38230766;DOI:10.3322/caac.21834
ENSG00000238269,PAGE2B,thyroid,THCA,0.0,512,512,True,0.0,2.0,,,0.4,,,4.1,,,0.5,,,high,ACS-CFF2024;GLOBOCAN2022,,not_extracted,,not_extracted,,,,,direct_source,not_extracted,,lowest mortality:incidence; overdiagnosis (GLOBOCAN2022 821k=4.1%),single_site,PMID:38230766;DOI:10.3322/caac.21834
ENSG00000238269,PAGE2B,brain_cns,GBM;LGG,0.0,688,688,True,0.0,1.4,,,2.7,,,1.6,,,2.5,,,medium,ACS-CFF2024;GLOBOCAN2022,,not_extracted,,not_extracted,,,,,sum_of_sites,not_extracted,,brain+CNS incl glioma (GBM/LGG),brain+CNS,PMID:38230766;DOI:10.3322/caac.21834
ENSG00000238269,PAGE2B,non_hodgkin_lymphoma,DLBC,0.0212765957446808,47,47,True,0.000531914893617,4.0,,,3.0,,,2.8,,,2.5,,,medium,ACS-CFF2024;GLOBOCAN2022,,not_extracted,,not_extracted,,,,,direct_source,not_extracted,,incl DLBCL/FL/MCL/BL,NHL_aggregate (DLBCL+FL+MCL+BL+other),PMID:38230766;DOI:10.3322/caac.21834
ENSG00000238269,PAGE2B,leukemia_AML,LAML,0.0,173,173,True,0.0,1.0,,,1.9,,,0.9,,,1.5,,,low,ACS-CFF2024,,not_extracted,,not_extracted,,,,,direct_source,not_extracted,,deadliest leukemia; world approx,AML (subset of leukemia),PMID:38230766
ENSG00000238269,PAGE2B,mesothelioma,MESO,0.0,87,87,True,0.0,0.15,,,0.4,,,0.1,,,0.2,,,low,ACS-CFF2024,,not_extracted,,not_extracted,,,,,direct_source,not_extracted,,asbestos-linked; very low survival,single_site,PMID:38230766
ENSG00000238269,PAGE2B,testicular_germ_cell,TGCT,0.0064935064935064,154,154,True,6.493506493506494e-06,0.5,,,0.05,,,0.5,,,0.1,,,medium,ACS-CFF2024;GLOBOCAN2022,,not_extracted,,not_extracted,,,,,direct_source,not_extracted,,young men; chemo-curable,single_site,PMID:38230766;DOI:10.3322/caac.21834
ENSG00000238269,PAGE2B,adrenal,ACC,0.0129870129870129,77,77,True,6.493506493506494e-06,0.04,,,0.04,,,0.05,,,0.05,,,low,literature,,not_extracted,,not_extracted,,,,,literature_approximation,not_extracted,Literature approximation anchored to US ACC SEER and population-based PPGL epidemiology; percentages remain curated approximations,adrenocortical+pheo/paraganglioma; very rare,adrenocortical+pheochromocytoma/paraganglioma,PMID:29977421;PMID:33112261
