bond,context,right_kind,cleavage_probability
1,MHLGSRQKK,cta_segment,0.0533
39,QTPGINLDLLAETSYVK,cta_segment,0.7723
78,ALLEEEEGVSEEEIWEE,cta_segment,0.5268
120,WVQENYLEYGTLEEVPA,cta_segment,0.9388
129,GTLEEVPAAAESLFREA,cta_segment,0.4011
182,RCFPVIFGKMPMQDIKM,cta_segment,0.8344
363,ITDDQLLALALQSLLQH,cta_segment,0.9126
445,FYDPEPILCGQHLHLET,cta_segment,0.7366
465,VLDGLDVLLAAFDGRHS,cta_segment,0.8535
478,GRHSQTLKARRLWGSIQ,cta_segment,0.7432
492,SIQSRYISMEPEAAQPM,cta_segment,0.8919
548,LIEKVKRKKKDEALAIA,cta_segment,0.6078
559,EALAIAALELVFGIELM,cta_segment,0.086
658,FVQENYLEYEFQAALSR,cta_segment,0.8212
679,LVHFLLLKYVETSYVKV,cta_segment,0.8238
710,YPPLHEWVLQEAASSSS,cta_segment,0.9092
725,SSTLVEVTLNYPLWSQS,cta_segment,0.4962
734,NYPLWSQSYSKASDSLQ,cta_segment,0.9006
817,SVLEVFEGRIETSYVKV,cta_segment,0.3967
842,GGPRISYPLFVQENYLE,cta_segment,0.2605
851,FVQENYLEYFQAALSRK,cta_segment,0.879
871,LVHFLLLKYNYPLWSQS,cta_segment,0.7408
880,NYPLWSQSYQEAASSSS,cta_segment,0.8313
895,SSTLVEVTLMEAFQQEL,cta_segment,0.7318
931,MPTFDLTKVCGARGPES,cta_segment,0.9078
988,FTVSGNILTDGQEAPDV,cta_segment,0.2892
