rank,proteoform_key,name,status,raw_aa,raw_pieces,specific_aa,specific_pieces,ms_supported_aa,ms_supported_pieces,padded_aa,padded_pieces,assembled_aa,assembled_pieces,retained_fraction,panel_alleles,assembled_panel_alleles,ms_ligand_count
1,XAGE1A/B,XAGE1A/XAGE1B,retained,81,1,73,2,69,1,50,1,38,1,0.4691358025,HLA-B*15:01;HLA-C*01:02;HLA-C*03:03;HLA-C*03:04;HLA-C*05:01,HLA-B*15:01;HLA-C*01:02;HLA-C*03:03;HLA-C*03:04;HLA-C*05:01,2
2,ENSG00000147381,MAGEA4,retained,317,1,264,7,223,4,189,4,143,4,0.4511041009,HLA-A*02:01;HLA-A*02:03;HLA-A*02:06;HLA-A*03:01;HLA-A*26:01;HLA-A*29:02;HLA-A*30:01;HLA-A*30:02;HLA-A*31:01;HLA-A*32:01;HLA-A*68:02;HLA-B*07:02;HLA-B*08:01;HLA-B*15:01;HLA-B*18:01;HLA-B*40:01;HLA-B*40:02;HLA-B*44:02;HLA-B*44:03;HLA-B*51:01;HLA-B*57:01;HLA-C*01:02;HLA-C*02:02;HLA-C*03:02;HLA-C*03:03;HLA-C*03:04;HLA-C*04:01;HLA-C*04:03;HLA-C*05:01;HLA-C*06:02;HLA-C*07:01;HLA-C*07:02;HLA-C*07:04;HLA-C*08:01;HLA-C*08:02;HLA-C*12:02;HLA-C*12:03;HLA-C*14:02;HLA-C*14:03;HLA-C*15:02;HLA-C*16:01;HLA-C*17:01,HLA-A*02:01;HLA-A*02:03;HLA-A*02:06;HLA-A*03:01;HLA-A*26:01;HLA-A*29:02;HLA-A*30:01;HLA-A*30:02;HLA-A*31:01;HLA-A*32:01;HLA-A*68:02;HLA-B*07:02;HLA-B*08:01;HLA-B*15:01;HLA-B*18:01;HLA-B*40:01;HLA-B*40:02;HLA-B*44:02;HLA-B*44:03;HLA-B*51:01;HLA-B*57:01;HLA-C*01:02;HLA-C*02:02;HLA-C*03:02;HLA-C*03:03;HLA-C*03:04;HLA-C*04:01;HLA-C*04:03;HLA-C*05:01;HLA-C*06:02;HLA-C*07:01;HLA-C*07:02;HLA-C*07:04;HLA-C*08:01;HLA-C*08:02;HLA-C*12:02;HLA-C*12:03;HLA-C*14:02;HLA-C*14:03;HLA-C*15:02;HLA-C*16:01;HLA-C*17:01,30
3,ENSG00000185686,PRAME,retained,509,1,445,7,445,7,430,7,377,7,0.7406679764,HLA-A*01:01;HLA-A*02:01;HLA-A*02:03;HLA-A*02:06;HLA-A*03:01;HLA-A*23:01;HLA-A*24:02;HLA-A*29:02;HLA-A*30:02;HLA-A*32:01;HLA-A*68:01;HLA-A*68:02;HLA-B*07:02;HLA-B*08:01;HLA-B*15:01;HLA-B*15:02;HLA-B*18:01;HLA-B*27:05;HLA-B*35:01;HLA-B*40:01;HLA-B*40:02;HLA-B*44:02;HLA-B*44:03;HLA-B*46:01;HLA-B*51:01;HLA-B*57:01;HLA-C*01:02;HLA-C*02:02;HLA-C*03:02;HLA-C*03:03;HLA-C*03:04;HLA-C*04:01;HLA-C*04:03;HLA-C*05:01;HLA-C*06:02;HLA-C*07:01;HLA-C*07:02;HLA-C*07:04;HLA-C*08:01;HLA-C*08:02;HLA-C*12:02;HLA-C*12:03;HLA-C*14:02;HLA-C*14:03;HLA-C*15:02;HLA-C*16:01;HLA-C*17:01,HLA-A*01:01;HLA-A*02:01;HLA-A*02:03;HLA-A*02:06;HLA-A*03:01;HLA-A*23:01;HLA-A*24:02;HLA-A*29:02;HLA-A*30:02;HLA-A*32:01;HLA-A*68:01;HLA-A*68:02;HLA-B*07:02;HLA-B*08:01;HLA-B*15:01;HLA-B*15:02;HLA-B*18:01;HLA-B*27:05;HLA-B*35:01;HLA-B*40:01;HLA-B*40:02;HLA-B*44:02;HLA-B*44:03;HLA-B*46:01;HLA-B*51:01;HLA-B*57:01;HLA-C*01:02;HLA-C*02:02;HLA-C*03:02;HLA-C*03:03;HLA-C*03:04;HLA-C*04:01;HLA-C*04:03;HLA-C*05:01;HLA-C*06:02;HLA-C*07:01;HLA-C*07:02;HLA-C*07:04;HLA-C*08:01;HLA-C*08:02;HLA-C*12:02;HLA-C*12:03;HLA-C*14:02;HLA-C*14:03;HLA-C*15:02;HLA-C*16:01;HLA-C*17:01,55
4,ENSG00000221867,MAGEA3,retained,314,1,241,7,223,5,216,5,175,5,0.5573248408,HLA-A*01:01;HLA-A*02:01;HLA-A*02:03;HLA-A*02:06;HLA-A*03:01;HLA-A*11:01;HLA-A*24:02;HLA-A*26:01;HLA-A*29:02;HLA-A*30:01;HLA-A*30:02;HLA-A*32:01;HLA-A*68:02;HLA-B*07:02;HLA-B*08:01;HLA-B*15:01;HLA-B*15:02;HLA-B*18:01;HLA-B*35:01;HLA-B*40:01;HLA-B*40:02;HLA-B*44:02;HLA-B*44:03;HLA-B*46:01;HLA-B*51:01;HLA-B*53:01;HLA-B*57:01;HLA-B*58:01;HLA-C*01:02;HLA-C*02:02;HLA-C*03:02;HLA-C*03:03;HLA-C*03:04;HLA-C*04:01;HLA-C*04:03;HLA-C*05:01;HLA-C*06:02;HLA-C*07:01;HLA-C*07:02;HLA-C*07:04;HLA-C*08:01;HLA-C*08:02;HLA-C*12:02;HLA-C*12:03;HLA-C*14:02;HLA-C*14:03;HLA-C*15:02;HLA-C*16:01;HLA-C*17:01,HLA-A*01:01;HLA-A*02:01;HLA-A*02:03;HLA-A*02:06;HLA-A*03:01;HLA-A*11:01;HLA-A*24:02;HLA-A*26:01;HLA-A*29:02;HLA-A*30:01;HLA-A*30:02;HLA-A*32:01;HLA-A*68:02;HLA-B*07:02;HLA-B*08:01;HLA-B*15:01;HLA-B*15:02;HLA-B*18:01;HLA-B*35:01;HLA-B*40:01;HLA-B*40:02;HLA-B*44:02;HLA-B*44:03;HLA-B*46:01;HLA-B*51:01;HLA-B*53:01;HLA-B*57:01;HLA-B*58:01;HLA-C*01:02;HLA-C*02:02;HLA-C*03:02;HLA-C*03:03;HLA-C*03:04;HLA-C*04:01;HLA-C*04:03;HLA-C*05:01;HLA-C*06:02;HLA-C*07:01;HLA-C*07:02;HLA-C*07:04;HLA-C*08:01;HLA-C*08:02;HLA-C*12:02;HLA-C*12:03;HLA-C*14:02;HLA-C*14:03;HLA-C*15:02;HLA-C*16:01;HLA-C*17:01,41
5,ENSG00000197172,MAGEA6,retained,314,1,240,7,234,6,220,6,161,6,0.5127388535,HLA-A*01:01;HLA-A*02:01;HLA-A*02:03;HLA-A*02:06;HLA-A*03:01;HLA-A*11:01;HLA-A*23:01;HLA-A*24:02;HLA-A*26:01;HLA-A*29:02;HLA-A*30:01;HLA-A*30:02;HLA-A*32:01;HLA-A*68:02;HLA-B*07:02;HLA-B*15:01;HLA-B*15:02;HLA-B*18:01;HLA-B*35:01;HLA-B*40:01;HLA-B*40:02;HLA-B*44:02;HLA-B*44:03;HLA-B*46:01;HLA-B*51:01;HLA-B*53:01;HLA-B*57:01;HLA-C*01:02;HLA-C*02:02;HLA-C*03:02;HLA-C*03:03;HLA-C*03:04;HLA-C*04:03;HLA-C*05:01;HLA-C*06:02;HLA-C*07:01;HLA-C*07:02;HLA-C*08:01;HLA-C*08:02;HLA-C*12:02;HLA-C*12:03;HLA-C*14:02;HLA-C*14:03;HLA-C*15:02;HLA-C*16:01;HLA-C*17:01,HLA-A*01:01;HLA-A*02:01;HLA-A*02:03;HLA-A*02:06;HLA-A*03:01;HLA-A*11:01;HLA-A*23:01;HLA-A*24:02;HLA-A*26:01;HLA-A*29:02;HLA-A*30:01;HLA-A*30:02;HLA-A*32:01;HLA-A*68:02;HLA-B*07:02;HLA-B*15:01;HLA-B*15:02;HLA-B*18:01;HLA-B*35:01;HLA-B*40:01;HLA-B*40:02;HLA-B*44:02;HLA-B*44:03;HLA-B*46:01;HLA-B*51:01;HLA-B*53:01;HLA-B*57:01;HLA-C*01:02;HLA-C*02:02;HLA-C*03:02;HLA-C*03:03;HLA-C*03:04;HLA-C*04:03;HLA-C*05:01;HLA-C*06:02;HLA-C*07:01;HLA-C*07:02;HLA-C*08:01;HLA-C*08:02;HLA-C*12:02;HLA-C*12:03;HLA-C*14:02;HLA-C*14:03;HLA-C*15:02;HLA-C*16:01;HLA-C*17:01,31
6,ENSG00000234068,PAGE2,retained,111,1,103,2,70,1,54,1,36,1,0.3243243243,HLA-A*02:01;HLA-B*40:01,HLA-A*02:01;HLA-B*40:01,3
7,NY-ESO-1,CTAG1A/CTAG1B,retained,180,1,72,3,64,1,63,1,57,1,0.3166666667,HLA-A*68:01;HLA-B*07:02;HLA-B*40:01;HLA-C*01:02;HLA-C*03:04,HLA-A*68:01;HLA-B*07:02;HLA-B*40:01;HLA-C*01:02;HLA-C*03:04,8
8,ENSG00000101951,PAGE4,retained,102,1,94,2,89,1,22,1,12,1,0.1176470588,HLA-B*40:02;HLA-B*44:02;HLA-B*44:03,HLA-B*40:02;HLA-B*44:02;HLA-B*44:03,1
9,ENSG00000205777,GAGE1,no_qualified_panel_ms_ligands,117,1,8,2,0,0,0,0,0,0,0.0,,,0
10,ENSG00000189064,GAGE2A,no_qualified_panel_ms_ligands,116,1,17,3,0,0,0,0,0,0,0.0,,,0
