Ensembl_Gene_ID,ms_restriction,ms_healthy_somatic_tissues,ms_pmids
ENSG00000184507,CANCER_ONLY,,24714562;30192525;31848261;32387766;32488085;33968037;35051231
ENSG00000164304,CANCER_ONLY,,31217245;31530632;35051231
ENSG00000234068,CANCER_ONLY,,31217245;32157095;32938616;37938771
ENSG00000238269,CANCER_ONLY,,31217245;32157095;32938616;37938771
ENSG00000158639,CANCER_ONLY,,27600516;32157095;32488085;32938616;33968037;37938771
ENSG00000204379,CANCER_ONLY,,27600516;32157095;32387766;32938616;35580925;38480730
ENSG00000204382,CANCER_ONLY,,27600516;32157095;32387766;32938616;35580925;38480730
ENSG00000171402,SINGLETON_HEALTHY,esophagus,31844290;33858848
ENSG00000189064,EXPECTED_TISSUE,,27869121;33858848
ENSG00000224902,CANCER_ONLY,,27600516;27869121;32157095
ENSG00000224659,CANCER_ONLY,,27869121;32157095
ENSG00000216649,CANCER_ONLY,,27600516;27869121;32157095
ENSG00000274274,EXPECTED_TISSUE,,27600516;27869121;32157095;33858848
ENSG00000198681,RECURRENT_HEALTHY,central nervous system (cns);cerebellum;heart,10940919;15537658;19177349;22869377;23481700;24715725;25576301;25645385;25854582;26154972;26768311;26783342;26992070;27600516;27869121;27920218;28228285;28855257;28904123;29393594;29557506;29786170;31222486;31495665;31530632;31844290;31848261;31937595;32157095;32161166;32265295;32387766;32488085;32938616;33141586;33298915;33592498;33691108;33858848;34211107;34290406;35051231;36010968;36215666;36241641;36589698;38480730;38740147;39394480
ENSG00000268606,CANCER_ONLY,,23246542;24366607;25645385;25854582;25892735;26154972;27600516;27846572;27869121;27920218;29393594;29549963;30779550;31495665;31530632;31844290;32157095;32265295;32387766;32488085;32897882;32938616;33141586;33298915;33968037;34171305;34211107;34290406;35051231;35318648;36010968;36241641;37649599;38480730;39394480
ENSG00000147381,RECURRENT_HEALTHY,blood;heart,11502003;25645385;25892735;26154972;27600516;27869121;27920218;28228285;29786170;31222486;31495665;31844290;32157095;32532817;32938616;32983136;33858848;34290406;34405274;36010968;36589698;37100770;38480730;38920720;39394480
ENSG00000197172,CANCER_ONLY,,24366607;25645385;25854582;25892735;26154972;26783342;27600516;27846572;27869121;27920218;28228285;28904123;29393594;29769354;30315122;30484775;30779550;30833945;31495665;31530632;31844290;32157095;32161166;32265295;32357974;32387766;32488085;32938616;33141586;33298915;33912179;33968037;34171305;34211107;34290406;35051231;36010968;36215666;36241641;36589698;37649599;38480730;38740147;39394480;40113210
ENSG00000221867,EXPECTED_TISSUE,,10540322;11502003;12947009;24366607;24715725;25576301;25645385;25854582;25880248;25892735;26154972;26758806;26783342;27600516;27869121;27920218;28218747;28228285;28904123;29393594;29437277;29769354;30192525;30315122;30410026;30484775;30524438;30779550;30833945;31222486;31530632;31844290;32157095;32161166;32265295;32357974;32387766;32488085;32938616;33141586;33298915;33912179;33968037;33981976;34171305;34211107;34290406;35051231;36010968;36215666;36241641;36589698;37649599;38480730;38740147;39394480;40008881
ENSG00000123584,CANCER_ONLY,,25645385;25892735;28218747;28228285;29437277;30315122;30410026;31217245;31844290;32157095;32357974;32938616;33298915;34290406;36010968;36241641;36589698;37649599;38480730
ENSG00000267978,CANCER_ONLY,,25645385;25892735;28218747;28228285;29437277;30315122;30410026;31217245;31844290;32157095;32357974;32938616;33298915;34290406;36010968;36241641;36589698;37649599;38480730
ENSG00000124260,SINGLETON_HEALTHY,pancreas,11502003;25645385;25892735;26154972;27869121;28904123;29242379;29557506;31222486;31844290;32938616;33141586;33858848;34171305;34405274;35851311;36010968;37649599;38480730;39394480
ENSG00000214107,SINGLETON_HEALTHY,bone marrow,25645385;30779550;33691108;33858848;35051231;36589698;39394480
ENSG00000099399,CANCER_ONLY,,11782012;19748539;25576301;25645385;26768311;26783342;26992070;27600516;28834231;29930882;30524438;30779550;31848261;32157095;32387766;32488085;32897882;32938616;33141586;33392160;33592498;33968037;33981976;34171305;34509645;35051231;36010968;36215666;36241641;37938771;38480730
ENSG00000189023,CANCER_ONLY,,32938616;34171305
ENSG00000176774,SINGLETON_HEALTHY,bone marrow,23481700;29331515;29769354;32938616;33858848
ENSG00000155495,RECURRENT_HEALTHY,blood;central nervous system (cns);heart,25892735;26154972;27600516;27869121;29393594;29557506;32157095;32488085;32938616;33141586;33858848;33968037;34561969;35051231;36010968;38480730;39394480
ENSG00000046774,SINGLETON_HEALTHY,central nervous system (cns),24715725;25645385;25892735;26992070;27600516;27869121;29331515;29557506;31222486;31844290;31887370;31937595;32488085;32938616;33968037;34290406;34405274;35051231;35318648;36010968;36589698;38480730;39394480;40008881
ENSG00000188120,NO_MS_DATA,,31217245;35051231
ENSG00000187191,NO_MS_DATA,,31217245;35051231
ENSG00000092345,CANCER_ONLY,,31217245;32157095;33912179
ENSG00000198021,SINGLETON_HEALTHY,muscle,21993680;26758079;30192525;31844290;32488085;32938616;33858848;33968037;34087483;34561969
ENSG00000203926,SINGLETON_HEALTHY,muscle,21993680;26758079;30192525;31844290;32488085;32938616;33858848;33968037;34087483;34561969
ENSG00000227234,CANCER_ONLY,,21993680;26992070;30833945;31844290;32488085;32938616;33968037;34087483;34171305;34561969
ENSG00000198573,SINGLETON_HEALTHY,muscle,21993680;26758079;30192525;31844290;32488085;32938616;33858848;33968037;34087483;34561969
ENSG00000196406,SINGLETON_HEALTHY,muscle,21993680;26758079;30192525;31844290;32488085;32938616;33858848;33968037;34087483;34561969
ENSG00000155087,CANCER_ONLY,,33968037
ENSG00000184650,CANCER_ONLY,,31154438;34087483
ENSG00000106304,CANCER_ONLY,,34087483
ENSG00000186451,SINGLETON_HEALTHY,central nervous system (cns),29557506
ENSG00000144962,SINGLETON_HEALTHY,small intestine,25892735;33858848;35580925
ENSG00000141255,SINGLETON_HEALTHY,bone marrow,29557506
ENSG00000177992,CANCER_ONLY,,29242379;32387766;33592498;35051231
ENSG00000204849,SINGLETON_HEALTHY,blood,31154438;31217245;31844290;31848261;32938616;33298915;34509645;38480730
ENSG00000275969,SINGLETON_HEALTHY,blood,31154438;31217245;31844290;32938616;33298915;34509645;38480730
ENSG00000276040,SINGLETON_HEALTHY,blood,31154438;31217245;31844290;32938616;33298915;34509645;38480730
ENSG00000186788,CANCER_ONLY,,27920218;29557506;29769354;29789417;30192525;31217245;31844290;32387766;33298915;33968037;34211107
ENSG00000189357,CANCER_ONLY,,27920218;29557506;29769354;29789417;30192525;31217245;31844290;32387766;33298915;33968037;34171305;34211107
ENSG00000184361,CANCER_ONLY,,28228285;33141586;34087483;36010968
ENSG00000118434,NO_MS_DATA,,25892735;35051231
ENSG00000141316,NO_MS_DATA,,29557506
ENSG00000174898,CANCER_ONLY,,26992070;29557506;29789417;30192525;35051231
ENSG00000188782,RECURRENT_HEALTHY,bladder;blood,29557506;29769354;31844290;33858848;34171305;35051231
ENSG00000268651,CANCER_ONLY,,15004033;15837811;17644531;24829406;25854582;27869121;28536262;31844290;32745760;32938616;32983136;36426971;38480730
ENSG00000184033,CANCER_ONLY,,15004033;15837811;17644531;24829406;25854582;27869121;28536262;31844290;32745760;32938616;32983136;36426971;38480730
ENSG00000212710,RECURRENT_HEALTHY,adrenal gland;blood;bone marrow;liver;lung,24714562;25576301;27841757;28218747;28832583;29242379;29393594;29493099;29557506;29786170;30315122;30429286;31154438;31217245;31844290;31848261;32157095;32357974;32938616;32983136;33298915;33858848;33912179;33968037;34932366;35580925;38480730;38740147;40113210
ENSG00000271321,RECURRENT_HEALTHY,blood;spleen,24715725;25576301;27841757;29557506;31844290;32387766;32938616;32983136;33912179;33968037;33981976;34561969;35580925;38740147;40113210
ENSG00000236761,RECURRENT_HEALTHY,blood;spleen,24715725;25576301;28228285;28904123;29393594;29557506;30429286;31154438;31844290;32387766;32938616;32983136;33912179;33968037;34087483;34561969;35580925;38480730;38740147;40113210
ENSG00000126752,CANCER_ONLY,,26811146;28649982;32488085;33968037
ENSG00000241476,CANCER_ONLY,,21904219;24715725;25645385;30484775;32157095;38480730
ENSG00000268447,CANCER_ONLY,,21904219;24715725;25645385;30484775;32157095;38480730
ENSG00000165584,CANCER_ONLY,,21904219;25645385;32157095
ENSG00000268009,CANCER_ONLY,,24715725;31937595;32157095
ENSG00000258992,CANCER_ONLY,,27600516;37938771
ENSG00000168757,CANCER_ONLY,,27600516;37938771
ENSG00000228927,CANCER_ONLY,,27600516;37938771
ENSG00000233803,CANCER_ONLY,,27600516;37938771
ENSG00000229549,CANCER_ONLY,,27600516;37938771
ENSG00000236424,CANCER_ONLY,,27600516;37938771
ENSG00000178021,CANCER_ONLY,,27846572;32161166;36284347
ENSG00000114487,EXPECTED_TISSUE,,23481700;24715725;25576301;32938616;33858848;35051231
ENSG00000183434,CANCER_ONLY,,24715725;25576301;26360328;26783342;28228285;30315122;30779550;31092671;31844290;32161166;33691108;33912179;35051231;36010968;36284347
ENSG00000104901,NO_MS_DATA,,24715725;29632046
ENSG00000054796,SINGLETON_HEALTHY,spleen,28188227;31495665;31844290;32938616
ENSG00000274391,CANCER_ONLY,,29557506;31844290;32488085;32938616;35051231
ENSG00000271449,CANCER_ONLY,,20112406;27869121;28063628;29393594;29632046;31222486;31848261;32938616;33691108;38480730
ENSG00000273696,CANCER_ONLY,,20112406;27869121;28063628;29393594;29632046;31222486;31848261;32938616;33691108;38480730
ENSG00000236371,CANCER_ONLY,,20112406;24715725;32938616
ENSG00000242362,CANCER_ONLY,,20112406;24715725;32938616
ENSG00000236126,CANCER_ONLY,,20112406;24715725;32938616
ENSG00000230594,CANCER_ONLY,,20112406;24715725;32938616
ENSG00000237957,CANCER_ONLY,,20112406;24715725;32938616
ENSG00000226023,CANCER_ONLY,,20112406;24715725;32938616
ENSG00000228517,CANCER_ONLY,,20112406;24715725;32938616
ENSG00000226929,CANCER_ONLY,,20112406;24715725;32938616
ENSG00000226685,CANCER_ONLY,,20112406;24715725;32938616
ENSG00000236446,EXPECTED_TISSUE,,29557506;32488085;32938616;33141586;33858848;35580925
ENSG00000268629,CANCER_ONLY,,25576301;31844290;31848261;33981976;35051231
ENSG00000182459,CANCER_ONLY,,28228285;31844290
ENSG00000103023,CANCER_ONLY,,30779550;31844290;32938616;34211107
ENSG00000010318,NO_MS_DATA,,24715725
ENSG00000205359,SINGLETON_HEALTHY,bone marrow,24715725;29557506;35051231;38740147
ENSG00000153060,SINGLETON_HEALTHY,spleen,29557506;35051231
ENSG00000137090,EXPECTED_TISSUE,,29557506;30410026;31844290;35580925
ENSG00000142025,CANCER_ONLY,,32488085;35051231
ENSG00000179407,RECURRENT_HEALTHY,blood;bone marrow;central nervous system (cns);esophagus;skin;thyroid;trachea,26154972;26992070;27397612;27841757;29557506;30429286;31154438;31844290;31848261;32938616;33141586;33392160;33858848;34932366;35580925;36284347;37938771
ENSG00000181433,SINGLETON_HEALTHY,blood,27862975;27869121;28832583;29242379;31092671;31154438;31844290;32488085;32938616;32983136;33592498;35051231;35580925;38480730
ENSG00000104755,CANCER_ONLY,,28832583;29789417;35051231
ENSG00000170965,CANCER_ONLY,,23604623;31217245;31495665;33968037
ENSG00000145309,SINGLETON_HEALTHY,central nervous system (cns),23481700;24715725;29393594;29557506;35051231
ENSG00000147378,RECURRENT_HEALTHY,heart;muscle,33858848
ENSG00000143452,CANCER_ONLY,,26992070;30484775;31495665;32938616;36215666
ENSG00000126467,CANCER_ONLY,,25892735;28832583;28834231;28904123;30315122;31530632;34087483;35051231;35561310;35580925
ENSG00000161973,SINGLETON_HEALTHY,heart,23481700;24715725;29557506;31154438
ENSG00000164113,SINGLETON_HEALTHY,blood,31154438;31844290;32488085;33392160;34171305
ENSG00000275793,RECURRENT_HEALTHY,blood;central nervous system (cns);lung;spleen,26992070;27920218;28228285;28832583;28834231;28855257;28904123;29393594;29557506;29632046;30429286;30784271;31217245;31844290;32157095;32161166;32265295;32357974;32387766;32938616;32983136;33141586;33298915;33392160;33858848;33912179;33968037;33981976;34171305;34509645;35051231;35580925;36010968;36241641;38480730
ENSG00000174016,RECURRENT_HEALTHY,adrenal gland;bladder;blood;bone marrow;central nervous system (cns);colon;esophagus;liver;lung;lymph node;small intestine;spleen;thyroid;tongue;trachea,23481700;24715725;25418920;26992070;27600516;28832583;29393594;29557506;29786170;30192525;30429286;30484775;31844290;31998317;32157095;32161166;32983136;33858848;35051231;35318648;35580925;36215666;36241641;36284347;38480730
ENSG00000185686,SINGLETON_HEALTHY,blood,20112406;22424782;23481700;25548167;25645385;26992070;27600516;27869121;28218747;28514659;28628042;28834231;28904123;29242379;29393594;29437277;29557506;29632046;29712860;29786170;30524438;31217245;31222486;31495665;31575892;31844290;31848261;32157095;32161166;32265295;32357974;32387766;32488085;32897882;32938616;33141586;33691108;33858848;33912179;34171305;34290406;34509645;35051231;35580925;36010968;36241641;38480730;38740147;40008881
ENSG00000104804,CANCER_ONLY,,34087483;35051231
ENSG00000117148,CANCER_ONLY,,17697703;23481700;24397554;25418920;26154972;26375851;26992070;27920218;28904123;29632046;30315122;31530632;31998317;32357974;33298915;33912179;34171305
ENSG00000181323,NO_MS_DATA,,23481700;24715725;26154972;28832583
ENSG00000122304,NO_MS_DATA,,24715725
ENSG00000147081,SINGLETON_HEALTHY,spleen,28188227;31848261;34087483;34405274;35051231
ENSG00000213030,CANCER_ONLY,,29632711;32161166;34211107
ENSG00000183668,CANCER_ONLY,,29557506;31530632;32157095;32938616;35051231;36284347;8574469
ENSG00000124467,CANCER_ONLY,,25576301;32938616;35051231
ENSG00000243130,CANCER_ONLY,,32157095;32938616;35051231;38480730
ENSG00000231924,RECURRENT_HEALTHY,bone marrow;lung,25576301;29242379;29557506;29789417;32157095;32938616;33858848;35051231;35580925
ENSG00000221826,CANCER_ONLY,,25576301;29242379;32157095;32938616;35051231;35580925
ENSG00000213218,CANCER_ONLY,,32157095;35580925
ENSG00000204941,RECURRENT_HEALTHY,bone marrow;lung,25576301;29557506;29789417;31154438;32157095;32938616;33858848;35051231
ENSG00000204450,CANCER_ONLY,,31844290
ENSG00000198759,SINGLETON_HEALTHY,central nervous system (cns),29557506;35051231
ENSG00000187772,CANCER_ONLY,,26783342;35051231;40113210
ENSG00000168594,SINGLETON_HEALTHY,blood,23481700;29242379;29557506;31530632;33912179;35051231
ENSG00000124092,RECURRENT_HEALTHY,blood;thyroid,20934997;24366607;26992070;29393594;29493099;29557506;30833945;31222486;32157095;32897882;33633747;33858848;38740147;40113210
ENSG00000184735,CANCER_ONLY,,30315122;30484775;31844290;32387766;32938616;33141586;33298915;34211107;34405274;35051231;38480730;40113210
ENSG00000163530,CANCER_ONLY,,35051231;35580925
ENSG00000132446,SINGLETON_HEALTHY,lung,29331515;31154438;33858848;35051231
ENSG00000176635,NO_MS_DATA,,24715725
ENSG00000198765,CANCER_ONLY,,25576301;29557506;29786170;35051231;35580925;38740147
ENSG00000095627,RECURRENT_HEALTHY,blood;spleen,24715725;26375851;28188227;29331515;29557506;32157095;34087483;35051231;35580925;38740147
ENSG00000187003,CANCER_ONLY,,34087483
ENSG00000148156,CANCER_ONLY,,34171305
ENSG00000152430,NO_MS_DATA,,16115862
ENSG00000137948,RECURRENT_HEALTHY,blood;cerebellum;esophagus,23481700;25576301;26992070;28514659;28649982;28904123;29242379;29393594;29493099;29557506;30315122;30779550;31154438;31217245;31844290;31848261;32157095;32265295;32387766;32488085;32938616;32983136;33141586;33858848;33912179;33968037;35051231;35580925;38480730
ENSG00000269058,RECURRENT_HEALTHY,bone marrow;central nervous system (cns);cerebellum;pancreas,25892735;29557506;33858848;35051231;38480730
ENSG00000152670,SINGLETON_HEALTHY,spleen,16112985;23481700;25810538;28188227;28514659;28649982;29557506;30315122;31154438;31844290;32161166;32357974;32387766;32938616;33858848;33968037;34211107;34509645;35051231
ENSG00000143006,CANCER_ONLY,,17697703;25645385;28514659;29393594;29437277;29508533;30192525;30315122;31092671;31844290;32161166;32357974;32488085;32938616;33141586;33298915;33912179;33968037;33981976;35051231;35318648;36010968;36241641;38480730
ENSG00000077800,CANCER_ONLY,,32938616;33141586;34211107;34509645;35051231
ENSG00000205777,CANCER_ONLY,,27600516;27869121;32157095
ENSG00000166796,RECURRENT_HEALTHY,bladder;bone marrow;heart,26758079;26783342;26992070;27846572;28063628;28514659;28832583;29393594;29508533;29632046;30410026;31530632;32265295;32357974;32387766;32488085;32938616;32983136;33691108;33858848;33968037;33981976;34171305;35051231;35580925;36010968;36241641;37938771;38480730;40113210
ENSG00000213401,CANCER_ONLY,,10540322;11502003;12947009;23481700;24366607;24715725;25576301;25645385;25854582;25892735;26154972;26783342;27600516;27869121;27920218;28218747;28228285;29437277;30315122;30410026;31495665;31530632;31844290;31937595;32157095;32488085;32897882;32938616;33141586;33298915;33592498;33912179;33968037;34211107;34290406;36010968;36215666;37649599;38480730;39394480;40008881
ENSG00000156009,RECURRENT_HEALTHY,heart,25645385;25892735;26154972;27600516;27920218;28228285;29786170;31222486;31495665;31844290;32157095;32938616;33858848;34405274;36010968;38480730;39394480
ENSG00000177689,CANCER_ONLY,,26768311;26783342;32387766;32938616;33968037;33981976;34405274;34509645;35051231;36010968;38480730
ENSG00000162039,CANCER_ONLY,,26992070;32387766;34509645;35051231
ENSG00000166049,CANCER_ONLY,,20934997;23481700;25645385;27600516;29242379;29786170;31217245;31844290;32938616;33592498;34087483;35051231;37938771;38480730
ENSG00000125207,CANCER_ONLY,,28832583;29557506;32157095;35051231;36010968
ENSG00000244588,RECURRENT_HEALTHY,adrenal gland;blood;central nervous system (cns);small intestine;spleen,23481700;26992070;27841757;28218747;28228285;29242379;29437277;29557506;30315122;30429286;31154438;31844290;31848261;32157095;32161166;32488085;32938616;33141586;33392160;33592498;33858848;33968037;34185709;34509645;34561969;35051231;35318648;35580925;36010968;37938771;38480730
ENSG00000077935,RECURRENT_HEALTHY,blood;bone marrow;central nervous system (cns);skin,23481700;24714562;24715725;25576301;25892735;26992070;27846572;28514659;28832583;29242379;29493099;29557506;29632046;31844290;32157095;32897882;32938616;33936100;33968037;34087483;34171305;35051231;35580925;36010968;38480730;40008881
ENSG00000161860,CANCER_ONLY,,28834231;32357974;33298915;35051231;38480730
ENSG00000139351,CANCER_ONLY,,20934997;32157095
ENSG00000121101,CANCER_ONLY,,28228285;29557506;32157095;33141586;34561969;35051231
ENSG00000171794,CANCER_ONLY,,34171305;35051231
ENSG00000042813,SINGLETON_HEALTHY,lung,29242379;31092671;33858848;35051231
ENSG00000186075,CANCER_ONLY,,25892735;29393594;30410026
ENSG00000142698,SINGLETON_HEALTHY,spleen,26375851;28188227;33392160;33592498;35051231;35580925
ENSG00000215817,RECURRENT_HEALTHY,adrenal gland;aorta;blood;brain;central nervous system (cns);colon;esophagus;gallbladder;heart;kidney;liver;lung;lymph node;pancreas;spleen;trachea,23481700;25576301;26154972;26992070;27841757;27920218;28832583;28834231;28904123;29242379;29393594;29493099;29508533;29557506;29632711;29786170;31217245;31530632;31844290;31848261;31998317;32157095;32938616;32983136;33298915;33858848;33912179;33968037;34087483;34171305;35051231;35580925;38480730;40113210
ENSG00000162843,SINGLETON_HEALTHY,blood,27862975;30524438;31844290;33298915;35051231
ENSG00000170516,CANCER_ONLY,,26992070;28832583;28834231;29242379;31844290;32157095;32488085;34171305
ENSG00000151962,RECURRENT_HEALTHY,adrenal gland;kidney;lung;skin;thyroid,25576301;27841757;28832583;29242379;29393594;29557506;31154438;31217245;31530632;31844290;31848261;33858848;34561969;35051231;35318648;35580925;38740147
ENSG00000179046,CANCER_ONLY,,28228285;29557506;31222486;34087483
ENSG00000176566,CANCER_ONLY,,26992070;27543614;28832583;29242379;29557506;30315122;31844290;32357974;33912179
ENSG00000198033,RECURRENT_HEALTHY,adrenal gland;aorta;bladder;blood;bone marrow;brain;breast;central nervous system (cns);cerebellum;colon;esophagus;heart;kidney;liver;lung;lymph node;muscle;pancreas;skin;small intestine;spleen;thyroid;tongue;trachea,20112406;22869377;23481700;25418920;25645385;25802875;25810538;25880248;26024233;26154972;26375851;26783342;26811146;26824387;26929215;26992070;27397612;27600516;27862975;27920218;28063628;28188227;28218747;28228285;28514659;28649982;28832583;28834231;28855257;28904123;29242379;29371260;29393594;29437277;29493099;29508533;29557506;29632046;29632711;29786170;29789417;30315122;30410026;30429286;30484775;30524438;30779550;30833945;31154438;31217245;31222486;31495665;31530632;31844290;31848261;31998317;32157095;32161166;32265295;32357974;32387766;32488085;32897882;32938616;32983136;33123756;33141586;33298915;33592498;33633747;33691108;33717175;33858848;33912179;33936100;33968037;33981976;34087483;34171305;34185709;34211107;34509645;34561969;34932366;35051231;35318648;35526384;35561310;35580925;36010968;36215666;36241641;36284347;36581221;37938771;38480730;40113210
ENSG00000174015,CANCER_ONLY,,25576301;31848261;33968037
ENSG00000172717,CANCER_ONLY,,35051231;35580925
ENSG00000126856,CANCER_ONLY,,29557506;29789417;34087483;35051231
ENSG00000183206,CANCER_ONLY,,32387766;32938616;35051231;38740147
ENSG00000268696,RECURRENT_HEALTHY,blood;colon;small intestine;spleen;thyroid,25418920;25548167;25645385;26375851;26992070;27846572;28188227;28832583;28834231;29557506;29786170;30429286;30779550;31154438;31844290;31848261;32157095;32357974;32897882;33537174;33691108;33858848;33968037;34185709;35561310;35580925;36010968;38480730
ENSG00000169059,CANCER_ONLY,,32938616
ENSG00000182583,CANCER_ONLY,,32938616
ENSG00000205642,CANCER_ONLY,,32938616
ENSG00000189186,RECURRENT_HEALTHY,blood;central nervous system (cns);liver;spleen;tongue,16115862;24715725;28188227;28218747;28832583;29242379;29331515;29437277;29557506;29786170;31154438;31222486;31844290;32157095;32488085;33141586;33858848;34561969;35580925;36284347;40113210
ENSG00000165583,SINGLETON_HEALTHY,central nervous system (cns),21904219;25645385;29557506
ENSG00000215115,SINGLETON_HEALTHY,blood,31154438;32938616;35051231
ENSG00000215113,SINGLETON_HEALTHY,blood,31154438;32938616;35051231
ENSG00000153779,SINGLETON_HEALTHY,blood,28904123;29557506
ENSG00000123576,EXPECTED_TISSUE,,25576301;27846572;30315122;30429286;31844290;33858848;35051231
ENSG00000169551,CANCER_ONLY,,24714562;25645385;32938616
ENSG00000269586,CANCER_ONLY,,20112406;27869121;28063628;29393594;29632046;31222486;31848261;32938616;33691108;38480730
ENSG00000242875,RECURRENT_HEALTHY,esophagus;spleen,29557506;31495665;33858848;35051231;35526384
ENSG00000234414,RECURRENT_HEALTHY,esophagus;spleen,29557506;31495665;33858848;35526384
ENSG00000242389,RECURRENT_HEALTHY,esophagus;spleen,29557506;31495665;33858848;35526384
ENSG00000162641,SINGLETON_HEALTHY,esophagus,26992070;27920218;31154438;33858848
ENSG00000182308,CANCER_ONLY,,23481700;24715725;25576301;26154972;26992070;27600516;27920218;28832583;28834231;29242379;29557506;30315122;30429286;30524438;31154438;31495665;31530632;31844290;32157095;32387766;32897882;32938616;33141586;33298915;33592498;33912179;33968037;34087483;34171305;34405274;34509645;34932366;35051231;35580925;36010968;36284347;38480730;40113210
ENSG00000156269,RECURRENT_HEALTHY,blood;central nervous system (cns);kidney;liver;lung;lymph node;small intestine;spleen;thyroid;tongue,23481700;24715725;25576301;25645385;26154972;26375851;26992070;27600516;27841757;27846572;27862975;28063628;28188227;28832583;28834231;28904123;29242379;29393594;29493099;29508533;29557506;29632046;29632711;29786170;30429286;30779550;31217245;31495665;31844290;31848261;32157095;32161166;32265295;32387766;32488085;32938616;33141586;33298915;33633747;33858848;33912179;33936100;34087483;34211107;35051231;35561310;35580925;38480730
ENSG00000203907,CANCER_ONLY,,23481700;31154438;31848261
ENSG00000106013,NO_MS_DATA,,35051231
ENSG00000235631,RECURRENT_HEALTHY,blood;lung;lymph node,24715725;29557506;33858848;34087483
ENSG00000135248,RECURRENT_HEALTHY,central nervous system (cns);skin;small intestine,27846572;28834231;29557506;31844290;33141586;33858848;34171305;35051231
ENSG00000185863,CANCER_ONLY,,32488085;36241641
ENSG00000179088,SINGLETON_HEALTHY,blood,29242379;29557506;31844290;34561969
ENSG00000196553,RECURRENT_HEALTHY,colon;esophagus;heart;lung;spleen;trachea,28188227;28832583;29242379;29557506;29786170;33858848;35051231;35580925
ENSG00000159708,CANCER_ONLY,,27543614;32357974;32387766;35051231
ENSG00000141096,RECURRENT_HEALTHY,bone marrow;small intestine;spleen,28832583;29632711;30429286;31092671;31154438;31844290;32938616;32983136;33141586;33858848;34561969;35051231;35580925;36241641
ENSG00000180336,CANCER_ONLY,,23481700;25576301;26992070;29242379;29769354;31495665;32387766;32938616;33981976;34509645;35051231;35580925;40113210
ENSG00000215529,CANCER_ONLY,,31998317;34087483
ENSG00000237671,CANCER_ONLY,,27600516;27869121;32157095
ENSG00000236362,CANCER_ONLY,,27600516;27869121;32157095
ENSG00000007350,CANCER_ONLY,,26992070;28832583;29557506;31848261;32157095;32387766;33141586;33392160;34509645;35051231;40113210
ENSG00000175820,RECURRENT_HEALTHY,blood;spleen,22706990;23481700;25576301;26375851;28063628;28832583;29557506;31844290;32387766;32938616;33858848;34171305;35051231
ENSG00000180138,RECURRENT_HEALTHY,adrenal gland;aorta;blood;bone marrow;central nervous system (cns);cerebellum;colon;esophagus;heart;kidney;liver;lung;skin;small intestine;spleen;thyroid;tongue;trachea,17697703;22424782;23481700;24715725;25418920;25576301;25645385;25892735;26154972;26758079;26929215;26992070;27397612;27543614;27600516;27841757;27846572;28063628;28188227;28218747;28228285;28832583;28834231;28904123;29242379;29393594;29493099;29508533;29557506;29632046;29769354;29786170;30001391;30315122;30429286;30524438;30779550;31154438;31495665;31844290;31848261;31937595;32157095;32265295;32357974;32387766;32488085;32897882;32938616;32983136;33123756;33141586;33298915;33392160;33537174;33592498;33691108;33717175;33858848;33912179;33936100;33968037;33981976;34087483;34171305;34185709;34211107;34405274;34509645;34561969;35051231;35580925;36010968;36284347;37938771;38480730;40113210
ENSG00000178997,SINGLETON_HEALTHY,blood,29557506;32983136;33858848;35051231
ENSG00000162771,CANCER_ONLY,,25576301
ENSG00000215269,CANCER_ONLY,,27600516;27869121;32157095
ENSG00000159289,RECURRENT_HEALTHY,blood;spleen,24715725;29557506;32387766;32938616;33298915;33858848;33968037;34087483;34509645;35051231;35580925;38480730
ENSG00000140478,RECURRENT_HEALTHY,blood;spleen,24715725;29557506;32387766;32938616;33298915;33858848;33968037;34087483;34509645;35051231;35580925;38480730
ENSG00000277322,CANCER_ONLY,,29242379;32938616
ENSG00000187475,RECURRENT_HEALTHY,adrenal gland;bladder;blood;bone marrow;breast;central nervous system (cns);colon;kidney;liver;lung;pancreas;skin;small intestine;spleen;trachea,20934997;24714562;24715725;25576301;26154972;26992070;27841757;27846572;28218747;28228285;28832583;28855257;29242379;29393594;29493099;29508533;29557506;29786170;29789417;30429286;30524438;31154438;31217245;31844290;31848261;31998317;32157095;32357974;32387766;32897882;32938616;32983136;33298915;33592498;33858848;33936100;33968037;34087483;34171305;34211107;34509645;35051231;35318648;35580925;36241641;36284347;38480730;40113210
ENSG00000146047,RECURRENT_HEALTHY,adrenal gland;aorta;bladder;blood;bone marrow;brain;central nervous system (cns);cerebellum;colon;esophagus;gallbladder;heart;kidney;liver;lung;lymph node;muscle;pancreas;skin;small intestine;spleen;thyroid;tongue;trachea,11466336;15104674;17308301;18991276;20112406;20707881;21872626;21993680;23783831;24714562;24715725;25418920;25576301;25645385;25880248;25892735;26154972;26375851;26758079;26811146;26824387;26929215;26992070;27397612;27600516;27846572;27862975;27920218;28063628;28188227;28218747;28228285;28514659;28832583;28834231;28904123;29242379;29393594;29437277;29493099;29508533;29557506;29632046;29632711;29769354;29786170;29789417;30192525;30315122;30429286;30524438;30779550;30833945;31154438;31217245;31222486;31530632;31844290;31848261;31998317;32157095;32161166;32265295;32357974;32387766;32488085;32897882;32938616;32983136;33123756;33141586;33298915;33392160;33592498;33691108;33717175;33858848;33912179;33936100;33968037;33981976;34087483;34171305;34509645;34561969;34932366;35051231;35318648;35580925;36010968;36241641;36284347;37938771;38480730;40051755;40113210
ENSG00000226650,RECURRENT_HEALTHY,blood;central nervous system (cns);spleen,21872626;23481700;24366607;24714562;24715725;25418920;25576301;26360328;26811146;26992070;27543614;27841757;27846572;27920218;28063628;28188227;28832583;28834231;28904123;29242379;29393594;29493099;29508533;29557506;29632046;29786170;30429286;30484775;30524438;30833945;31092671;31530632;31844290;31848261;32157095;32161166;32357974;32387766;32488085;32897882;32938616;32983136;33141586;33298915;33592498;33633747;33691108;33717175;33858848;33912179;33936100;33968037;33981976;34087483;34171305;34211107;34509645;34932366;35051231;35561310;36010968;36284347;38480730;40113210
ENSG00000250741,SINGLETON_HEALTHY,spleen,28904123;29557506;30410026;31844290;32357974;33912179;35051231
ENSG00000163114,SINGLETON_HEALTHY,spleen,26992070;28188227;28218747;28514659;28832583;28904123;29242379;29393594;29437277;29632046;30315122;30410026;30429286;31530632;31844290;32157095;32265295;32387766;33633747;33912179;33968037;34093574;34171305;35051231;35561310;38480730;40113210
ENSG00000170950,RECURRENT_HEALTHY,bladder;bone marrow;lung,21209280;25418920;25645385;25810538;26154972;26375851;26783342;26824387;27846572;28218747;28228285;28514659;28904123;29242379;29437277;29508533;29557506;29789417;30315122;31154438;31217245;31844290;31848261;31998317;32157095;32265295;32357974;32387766;32938616;33298915;33592498;33717175;33858848;33912179;33936100;33968037;34509645;35051231;36010968;38480730;40113210
ENSG00000170748,RECURRENT_HEALTHY,blood;esophagus;liver;spleen,24714562;25418920;25645385;26154972;26783342;26929215;26992070;28188227;28228285;28649982;28832583;28834231;29242379;29393594;29493099;29557506;29786170;30192525;30524438;30779550;31154438;31844290;31848261;32157095;32265295;32357974;32387766;32938616;32983136;33537174;33592498;33717175;33858848;33968037;33981976;34087483;34171305;34185709;34509645;35051231;35580925;36010968;38480730;40113210
ENSG00000244395,RECURRENT_HEALTHY,esophagus;spleen,29557506;31495665;33858848;35526384
ENSG00000169800,RECURRENT_HEALTHY,esophagus;spleen,29557506;31495665;33858848;35051231;35526384
ENSG00000196862,RECURRENT_HEALTHY,adrenal gland;aorta;bladder;blood;bone marrow;brain;breast;central nervous system (cns);cerebellum;colon;esophagus;heart;kidney;liver;lung;lymph node;muscle;pancreas;skin;small intestine;spleen;thyroid;tongue;trachea,16115862;22645359;23481700;24714562;24715725;25135637;25418920;25576301;25645385;25810538;25880248;25892735;26154972;26360328;26375851;26783342;26929215;26992070;27397612;27543614;27600516;27846572;27862975;27920218;28063628;28188227;28218747;28228285;28514659;28649982;28832583;28834231;28904123;29242379;29331515;29393594;29437277;29493099;29508533;29557506;29632046;29632711;29769354;29786170;30315122;30410026;30429286;30484775;30524438;30779550;30833945;31092671;31154438;31217245;31495665;31530632;31844290;31848261;31998317;32157095;32161166;32265295;32357974;32387766;32488085;32897882;32938616;32983136;33298915;33592498;33633747;33691108;33717175;33858848;33912179;33936100;33968037;33981976;34087483;34171305;34509645;34561969;35051231;35318648;35561310;35580925;36010968;36215666;36241641;36284347;37938771;38480730;40113210
ENSG00000141437,SINGLETON_HEALTHY,cerebellum,27846572;27920218;28218747;28228285;28834231;29437277;31844290;33858848;33936100;36284347
ENSG00000198870,CANCER_ONLY,,28218747;29437277;29557506
ENSG00000166069,CANCER_ONLY,,31154438;31844290
ENSG00000006047,RECURRENT_HEALTHY,adrenal gland;aorta;bladder;blood;bone marrow;colon;esophagus;heart;kidney;lung;pancreas;spleen;thyroid;tongue;trachea,18160138;20112406;23481700;25418920;25576301;25645385;26154972;26783342;26929215;27846572;27920218;28063628;28188227;28228285;28904123;29242379;29393594;29508533;29557506;29632046;29786170;30192525;30315122;30779550;31154438;31495665;31530632;31844290;31848261;31998317;32157095;32161166;32265295;32357974;32387766;32938616;32983136;33298915;33537174;33592498;33858848;33968037;34087483;34561969;34932366;35051231;35561310;35580925;36010968;37938771
ENSG00000118491,CANCER_ONLY,,33691108
