proteoform_key,name,burden_category,cancer_code,prevalence_p95,n_samples,measurement_status,us_incidence_pct,us_incidence_count,us_incidence_total,us_mortality_pct,us_mortality_count,us_mortality_total,world_incidence_pct,world_incidence_count,world_incidence_total,world_mortality_pct,world_mortality_count,world_mortality_total,confidence,source,us_source_locator,us_source_locator_status,world_source_locator,world_source_locator_status,source_site_labels,source_site_codes,included_source_sites,excluded_source_sites,derivation_basis,rounding_rule,provenance_notes,notes,aggregation,source_anchor
ENSG00000007350,TKTL1,lung,LUAD,0.005825242718446602,515,observed,11.0,,,20.0,,,12.4,,,18.7,,,high,ACS-CFF2024;GLOBOCAN2022,,not_extracted,,not_extracted,,,,,direct_source,not_extracted,,highest mortality:incidence of common sites,single_site,PMID:38230766;DOI:10.3322/caac.21834
ENSG00000007350,TKTL1,lung,LUSC,0.010040160642570281,498,observed,11.0,,,20.0,,,12.4,,,18.7,,,high,ACS-CFF2024;GLOBOCAN2022,,not_extracted,,not_extracted,,,,,direct_source,not_extracted,,highest mortality:incidence of common sites,single_site,PMID:38230766;DOI:10.3322/caac.21834
ENSG00000007350,TKTL1,colorectal,COAD,0.0,290,observed,8.0,,,9.0,,,9.6,,,9.3,,,high,ACS-CFF2024;GLOBOCAN2022,,not_extracted,,not_extracted,,,,,sum_of_sites,not_extracted,,COAD+READ,COAD+READ,PMID:38230766;DOI:10.3322/caac.21834
ENSG00000007350,TKTL1,colorectal,READ,0.0,93,observed,8.0,,,9.0,,,9.6,,,9.3,,,high,ACS-CFF2024;GLOBOCAN2022,,not_extracted,,not_extracted,,,,,sum_of_sites,not_extracted,,COAD+READ,COAD+READ,PMID:38230766;DOI:10.3322/caac.21834
ENSG00000007350,TKTL1,liver,LIHC,0.002717391304347826,368,observed,2.0,,,5.0,,,4.3,,,7.8,,,high,ACS-CFF2024;GLOBOCAN2022,,not_extracted,,not_extracted,,,,,sum_of_sites,not_extracted,,liver+intrahepatic bile duct; world>>US (GLOBOCAN2022 866k=4.3%),liver+intrahepatic_bile_duct,PMID:38230766;DOI:10.3322/caac.21834
ENSG00000007350,TKTL1,breast,BRCA,0.0,1098,observed,15.0,,,7.0,,,11.6,,,6.9,,,high,ACS-CFF2024;GLOBOCAN2022,,not_extracted,,not_extracted,,,,,direct_source,not_extracted,,female breast,female_breast,PMID:38230766;DOI:10.3322/caac.21834
ENSG00000007350,TKTL1,stomach,STAD,0.009685230024213076,413,observed,1.5,,,1.8,,,4.9,,,6.8,,,high,ACS-CFF2024;GLOBOCAN2022,,not_extracted,,not_extracted,,,,,direct_source,not_extracted,,world>>US,single_site,PMID:38230766;DOI:10.3322/caac.21834
ENSG00000007350,TKTL1,pancreas,PAAD,0.0,178,observed,3.0,,,8.0,,,4.1,,,4.8,,,high,ACS-CFF2024;GLOBOCAN2022,,not_extracted,,not_extracted,,,,,direct_source,not_extracted,,high mortality:incidence,single_site,PMID:38230766;DOI:10.3322/caac.21834
ENSG00000007350,TKTL1,esophagus,ESCA,0.01098901098901099,182,observed,1.0,,,2.7,,,4.6,,,4.6,,,medium,ACS-CFF2024;GLOBOCAN2022,,not_extracted,,not_extracted,,,,,direct_source,not_extracted,,adeno(West)/squamous(Asia),single_site,PMID:38230766;DOI:10.3322/caac.21834
ENSG00000007350,TKTL1,head_and_neck,HNSC,0.013461538461538462,520,observed,3.5,,,2.6,,,5.0,,,4.5,,,medium,ACS-CFF2024;GLOBOCAN2022,,not_extracted,,not_extracted,,,,,sum_of_sites,not_extracted,Intentional pirlygenes parity delta: 2.6% includes ACS 2024 oral cavity/pharynx plus larynx deaths; downstream 1.8% omitted larynx (oncoref #136),oral+pharynx+larynx aggregate (incl larynx); world adds nasopharynx,oral_cavity+pharynx+larynx (world +nasopharynx),PMID:38230766;DOI:10.3322/caac.21834
ENSG00000007350,TKTL1,prostate,PRAD,0.0,496,observed,16.0,,,6.0,,,7.3,,,4.1,,,high,ACS-CFF2024;GLOBOCAN2022,,not_extracted,,not_extracted,,,,,direct_source,not_extracted,,low mortality:incidence (indolent fraction),single_site,PMID:38230766;DOI:10.3322/caac.21834
ENSG00000007350,TKTL1,cervix,CESC,0.006535947712418301,306,observed,0.8,,,0.7,,,3.3,,,3.6,,,high,ACS-CFF2024;GLOBOCAN2022,,not_extracted,,not_extracted,,,,,direct_source,not_extracted,,world>>US (screening/HPV gap),single_site,PMID:38230766;DOI:10.3322/caac.21834
ENSG00000007350,TKTL1,bladder,BLCA,0.002457002457002457,407,observed,4.0,,,3.0,,,3.0,,,2.0,,,medium,ACS-CFF2024;GLOBOCAN2022,,not_extracted,,not_extracted,,,,,direct_source,not_extracted,,,single_site,PMID:38230766;DOI:10.3322/caac.21834
ENSG00000007350,TKTL1,kidney,KICH,0.0,66,observed,4.0,,,2.0,,,2.5,,,1.8,,,medium,ACS-CFF2024;GLOBOCAN2022,,not_extracted,,not_extracted,,,,,sum_of_sites,not_extracted,,kidney+renal pelvis,kidney+renal_pelvis,PMID:38230766;DOI:10.3322/caac.21834
ENSG00000007350,TKTL1,kidney,KIRC,0.0,531,observed,4.0,,,2.0,,,2.5,,,1.8,,,medium,ACS-CFF2024;GLOBOCAN2022,,not_extracted,,not_extracted,,,,,sum_of_sites,not_extracted,,kidney+renal pelvis,kidney+renal_pelvis,PMID:38230766;DOI:10.3322/caac.21834
ENSG00000007350,TKTL1,kidney,KIRP,0.0,289,observed,4.0,,,2.0,,,2.5,,,1.8,,,medium,ACS-CFF2024;GLOBOCAN2022,,not_extracted,,not_extracted,,,,,sum_of_sites,not_extracted,,kidney+renal pelvis,kidney+renal_pelvis,PMID:38230766;DOI:10.3322/caac.21834
ENSG00000007350,TKTL1,melanoma,SKCM,0.014925373134328358,469,observed,5.0,,,1.3,,,1.7,,,0.6,,,high,ACS-CFF2024;GLOBOCAN2022,,not_extracted,,not_extracted,,,,,direct_source,not_extracted,,cutaneous; low mortality share,single_site,PMID:38230766;DOI:10.3322/caac.21834
ENSG00000007350,TKTL1,ovary,OV,0.023474178403755867,426,observed,1.6,,,2.6,,,1.6,,,2.1,,,medium,ACS-CFF2024;GLOBOCAN2022,,not_extracted,,not_extracted,,,,,direct_source,not_extracted,,HGSOC-dominant,single_site,PMID:38230766;DOI:10.3322/caac.21834
ENSG00000007350,TKTL1,uterus_endometrium,UCEC,0.016574585635359115,181,observed,3.0,,,2.0,,,2.2,,,1.0,,,medium,ACS-CFF2024;GLOBOCAN2022,,not_extracted,,not_extracted,,,,,direct_source,not_extracted,,corpus uteri,corpus_uteri,PMID:38230766;DOI:10.3322/caac.21834
ENSG00000007350,TKTL1,thyroid,THCA,0.0,512,observed,2.0,,,0.4,,,4.1,,,0.5,,,high,ACS-CFF2024;GLOBOCAN2022,,not_extracted,,not_extracted,,,,,direct_source,not_extracted,,lowest mortality:incidence; overdiagnosis (GLOBOCAN2022 821k=4.1%),single_site,PMID:38230766;DOI:10.3322/caac.21834
ENSG00000007350,TKTL1,brain_cns,GBM,0.0,166,observed,1.4,,,2.7,,,1.6,,,2.5,,,medium,ACS-CFF2024;GLOBOCAN2022,,not_extracted,,not_extracted,,,,,sum_of_sites,not_extracted,,brain+CNS incl glioma (GBM/LGG),brain+CNS,PMID:38230766;DOI:10.3322/caac.21834
ENSG00000007350,TKTL1,brain_cns,LGG,0.0019157088122605363,522,observed,1.4,,,2.7,,,1.6,,,2.5,,,medium,ACS-CFF2024;GLOBOCAN2022,,not_extracted,,not_extracted,,,,,sum_of_sites,not_extracted,,brain+CNS incl glioma (GBM/LGG),brain+CNS,PMID:38230766;DOI:10.3322/caac.21834
ENSG00000007350,TKTL1,non_hodgkin_lymphoma,DLBC,0.02127659574468085,47,observed,4.0,,,3.0,,,2.8,,,2.5,,,medium,ACS-CFF2024;GLOBOCAN2022,,not_extracted,,not_extracted,,,,,direct_source,not_extracted,,incl DLBCL/FL/MCL/BL,NHL_aggregate (DLBCL+FL+MCL+BL+other),PMID:38230766;DOI:10.3322/caac.21834
ENSG00000007350,TKTL1,leukemia_AML,LAML,0.017341040462427744,173,observed,1.0,,,1.9,,,0.9,,,1.5,,,low,ACS-CFF2024,,not_extracted,,not_extracted,,,,,direct_source,not_extracted,,deadliest leukemia; world approx,AML (subset of leukemia),PMID:38230766
ENSG00000007350,TKTL1,mesothelioma,MESO,0.011494252873563218,87,observed,0.15,,,0.4,,,0.1,,,0.2,,,low,ACS-CFF2024,,not_extracted,,not_extracted,,,,,direct_source,not_extracted,,asbestos-linked; very low survival,single_site,PMID:38230766
ENSG00000007350,TKTL1,testicular_germ_cell,TGCT,0.18831168831168832,154,observed,0.5,,,0.05,,,0.5,,,0.1,,,medium,ACS-CFF2024;GLOBOCAN2022,,not_extracted,,not_extracted,,,,,direct_source,not_extracted,,young men; chemo-curable,single_site,PMID:38230766;DOI:10.3322/caac.21834
ENSG00000007350,TKTL1,adrenal,ACC,0.0,77,observed,0.04,,,0.04,,,0.05,,,0.05,,,low,literature,,not_extracted,,not_extracted,,,,,literature_approximation,not_extracted,Literature approximation anchored to US ACC SEER and population-based PPGL epidemiology; percentages remain curated approximations,adrenocortical+pheo/paraganglioma; very rare,adrenocortical+pheochromocytoma/paraganglioma,PMID:29977421;PMID:33112261
ENSG00000117148,ACTL8,lung,LUAD,0.001941747572815534,515,observed,11.0,,,20.0,,,12.4,,,18.7,,,high,ACS-CFF2024;GLOBOCAN2022,,not_extracted,,not_extracted,,,,,direct_source,not_extracted,,highest mortality:incidence of common sites,single_site,PMID:38230766;DOI:10.3322/caac.21834
ENSG00000117148,ACTL8,lung,LUSC,0.002008032128514056,498,observed,11.0,,,20.0,,,12.4,,,18.7,,,high,ACS-CFF2024;GLOBOCAN2022,,not_extracted,,not_extracted,,,,,direct_source,not_extracted,,highest mortality:incidence of common sites,single_site,PMID:38230766;DOI:10.3322/caac.21834
ENSG00000117148,ACTL8,colorectal,COAD,0.006896551724137931,290,observed,8.0,,,9.0,,,9.6,,,9.3,,,high,ACS-CFF2024;GLOBOCAN2022,,not_extracted,,not_extracted,,,,,sum_of_sites,not_extracted,,COAD+READ,COAD+READ,PMID:38230766;DOI:10.3322/caac.21834
ENSG00000117148,ACTL8,colorectal,READ,0.010752688172043012,93,observed,8.0,,,9.0,,,9.6,,,9.3,,,high,ACS-CFF2024;GLOBOCAN2022,,not_extracted,,not_extracted,,,,,sum_of_sites,not_extracted,,COAD+READ,COAD+READ,PMID:38230766;DOI:10.3322/caac.21834
ENSG00000117148,ACTL8,liver,LIHC,0.005434782608695652,368,observed,2.0,,,5.0,,,4.3,,,7.8,,,high,ACS-CFF2024;GLOBOCAN2022,,not_extracted,,not_extracted,,,,,sum_of_sites,not_extracted,,liver+intrahepatic bile duct; world>>US (GLOBOCAN2022 866k=4.3%),liver+intrahepatic_bile_duct,PMID:38230766;DOI:10.3322/caac.21834
ENSG00000117148,ACTL8,breast,BRCA,0.012750455373406194,1098,observed,15.0,,,7.0,,,11.6,,,6.9,,,high,ACS-CFF2024;GLOBOCAN2022,,not_extracted,,not_extracted,,,,,direct_source,not_extracted,,female breast,female_breast,PMID:38230766;DOI:10.3322/caac.21834
ENSG00000117148,ACTL8,stomach,STAD,0.021791767554479417,413,observed,1.5,,,1.8,,,4.9,,,6.8,,,high,ACS-CFF2024;GLOBOCAN2022,,not_extracted,,not_extracted,,,,,direct_source,not_extracted,,world>>US,single_site,PMID:38230766;DOI:10.3322/caac.21834
ENSG00000117148,ACTL8,pancreas,PAAD,0.0,178,observed,3.0,,,8.0,,,4.1,,,4.8,,,high,ACS-CFF2024;GLOBOCAN2022,,not_extracted,,not_extracted,,,,,direct_source,not_extracted,,high mortality:incidence,single_site,PMID:38230766;DOI:10.3322/caac.21834
ENSG00000117148,ACTL8,esophagus,ESCA,0.03296703296703297,182,observed,1.0,,,2.7,,,4.6,,,4.6,,,medium,ACS-CFF2024;GLOBOCAN2022,,not_extracted,,not_extracted,,,,,direct_source,not_extracted,,adeno(West)/squamous(Asia),single_site,PMID:38230766;DOI:10.3322/caac.21834
ENSG00000117148,ACTL8,head_and_neck,HNSC,0.0057692307692307696,520,observed,3.5,,,2.6,,,5.0,,,4.5,,,medium,ACS-CFF2024;GLOBOCAN2022,,not_extracted,,not_extracted,,,,,sum_of_sites,not_extracted,Intentional pirlygenes parity delta: 2.6% includes ACS 2024 oral cavity/pharynx plus larynx deaths; downstream 1.8% omitted larynx (oncoref #136),oral+pharynx+larynx aggregate (incl larynx); world adds nasopharynx,oral_cavity+pharynx+larynx (world +nasopharynx),PMID:38230766;DOI:10.3322/caac.21834
ENSG00000117148,ACTL8,prostate,PRAD,0.0,496,observed,16.0,,,6.0,,,7.3,,,4.1,,,high,ACS-CFF2024;GLOBOCAN2022,,not_extracted,,not_extracted,,,,,direct_source,not_extracted,,low mortality:incidence (indolent fraction),single_site,PMID:38230766;DOI:10.3322/caac.21834
ENSG00000117148,ACTL8,cervix,CESC,0.0196078431372549,306,observed,0.8,,,0.7,,,3.3,,,3.6,,,high,ACS-CFF2024;GLOBOCAN2022,,not_extracted,,not_extracted,,,,,direct_source,not_extracted,,world>>US (screening/HPV gap),single_site,PMID:38230766;DOI:10.3322/caac.21834
ENSG00000117148,ACTL8,bladder,BLCA,0.0,407,observed,4.0,,,3.0,,,3.0,,,2.0,,,medium,ACS-CFF2024;GLOBOCAN2022,,not_extracted,,not_extracted,,,,,direct_source,not_extracted,,,single_site,PMID:38230766;DOI:10.3322/caac.21834
ENSG00000117148,ACTL8,kidney,KICH,0.0,66,observed,4.0,,,2.0,,,2.5,,,1.8,,,medium,ACS-CFF2024;GLOBOCAN2022,,not_extracted,,not_extracted,,,,,sum_of_sites,not_extracted,,kidney+renal pelvis,kidney+renal_pelvis,PMID:38230766;DOI:10.3322/caac.21834
ENSG00000117148,ACTL8,kidney,KIRC,0.0,531,observed,4.0,,,2.0,,,2.5,,,1.8,,,medium,ACS-CFF2024;GLOBOCAN2022,,not_extracted,,not_extracted,,,,,sum_of_sites,not_extracted,,kidney+renal pelvis,kidney+renal_pelvis,PMID:38230766;DOI:10.3322/caac.21834
ENSG00000117148,ACTL8,kidney,KIRP,0.0,289,observed,4.0,,,2.0,,,2.5,,,1.8,,,medium,ACS-CFF2024;GLOBOCAN2022,,not_extracted,,not_extracted,,,,,sum_of_sites,not_extracted,,kidney+renal pelvis,kidney+renal_pelvis,PMID:38230766;DOI:10.3322/caac.21834
ENSG00000117148,ACTL8,melanoma,SKCM,0.0042643923240938165,469,observed,5.0,,,1.3,,,1.7,,,0.6,,,high,ACS-CFF2024;GLOBOCAN2022,,not_extracted,,not_extracted,,,,,direct_source,not_extracted,,cutaneous; low mortality share,single_site,PMID:38230766;DOI:10.3322/caac.21834
ENSG00000117148,ACTL8,ovary,OV,0.002347417840375587,426,observed,1.6,,,2.6,,,1.6,,,2.1,,,medium,ACS-CFF2024;GLOBOCAN2022,,not_extracted,,not_extracted,,,,,direct_source,not_extracted,,HGSOC-dominant,single_site,PMID:38230766;DOI:10.3322/caac.21834
ENSG00000117148,ACTL8,uterus_endometrium,UCEC,0.0,181,observed,3.0,,,2.0,,,2.2,,,1.0,,,medium,ACS-CFF2024;GLOBOCAN2022,,not_extracted,,not_extracted,,,,,direct_source,not_extracted,,corpus uteri,corpus_uteri,PMID:38230766;DOI:10.3322/caac.21834
ENSG00000117148,ACTL8,thyroid,THCA,0.0,512,observed,2.0,,,0.4,,,4.1,,,0.5,,,high,ACS-CFF2024;GLOBOCAN2022,,not_extracted,,not_extracted,,,,,direct_source,not_extracted,,lowest mortality:incidence; overdiagnosis (GLOBOCAN2022 821k=4.1%),single_site,PMID:38230766;DOI:10.3322/caac.21834
ENSG00000117148,ACTL8,brain_cns,GBM,0.0,166,observed,1.4,,,2.7,,,1.6,,,2.5,,,medium,ACS-CFF2024;GLOBOCAN2022,,not_extracted,,not_extracted,,,,,sum_of_sites,not_extracted,,brain+CNS incl glioma (GBM/LGG),brain+CNS,PMID:38230766;DOI:10.3322/caac.21834
ENSG00000117148,ACTL8,brain_cns,LGG,0.0,522,observed,1.4,,,2.7,,,1.6,,,2.5,,,medium,ACS-CFF2024;GLOBOCAN2022,,not_extracted,,not_extracted,,,,,sum_of_sites,not_extracted,,brain+CNS incl glioma (GBM/LGG),brain+CNS,PMID:38230766;DOI:10.3322/caac.21834
ENSG00000117148,ACTL8,non_hodgkin_lymphoma,DLBC,0.0,47,observed,4.0,,,3.0,,,2.8,,,2.5,,,medium,ACS-CFF2024;GLOBOCAN2022,,not_extracted,,not_extracted,,,,,direct_source,not_extracted,,incl DLBCL/FL/MCL/BL,NHL_aggregate (DLBCL+FL+MCL+BL+other),PMID:38230766;DOI:10.3322/caac.21834
ENSG00000117148,ACTL8,leukemia_AML,LAML,0.0,173,observed,1.0,,,1.9,,,0.9,,,1.5,,,low,ACS-CFF2024,,not_extracted,,not_extracted,,,,,direct_source,not_extracted,,deadliest leukemia; world approx,AML (subset of leukemia),PMID:38230766
ENSG00000117148,ACTL8,mesothelioma,MESO,0.0,87,observed,0.15,,,0.4,,,0.1,,,0.2,,,low,ACS-CFF2024,,not_extracted,,not_extracted,,,,,direct_source,not_extracted,,asbestos-linked; very low survival,single_site,PMID:38230766
ENSG00000117148,ACTL8,testicular_germ_cell,TGCT,0.0,154,observed,0.5,,,0.05,,,0.5,,,0.1,,,medium,ACS-CFF2024;GLOBOCAN2022,,not_extracted,,not_extracted,,,,,direct_source,not_extracted,,young men; chemo-curable,single_site,PMID:38230766;DOI:10.3322/caac.21834
ENSG00000117148,ACTL8,adrenal,ACC,0.0,77,observed,0.04,,,0.04,,,0.05,,,0.05,,,low,literature,,not_extracted,,not_extracted,,,,,literature_approximation,not_extracted,Literature approximation anchored to US ACC SEER and population-based PPGL epidemiology; percentages remain curated approximations,adrenocortical+pheo/paraganglioma; very rare,adrenocortical+pheochromocytoma/paraganglioma,PMID:29977421;PMID:33112261
ENSG00000147381,MAGEA4,lung,LUAD,0.02912621359223301,515,observed,11.0,,,20.0,,,12.4,,,18.7,,,high,ACS-CFF2024;GLOBOCAN2022,,not_extracted,,not_extracted,,,,,direct_source,not_extracted,,highest mortality:incidence of common sites,single_site,PMID:38230766;DOI:10.3322/caac.21834
ENSG00000147381,MAGEA4,lung,LUSC,0.2891566265060241,498,observed,11.0,,,20.0,,,12.4,,,18.7,,,high,ACS-CFF2024;GLOBOCAN2022,,not_extracted,,not_extracted,,,,,direct_source,not_extracted,,highest mortality:incidence of common sites,single_site,PMID:38230766;DOI:10.3322/caac.21834
ENSG00000147381,MAGEA4,colorectal,COAD,0.0,290,observed,8.0,,,9.0,,,9.6,,,9.3,,,high,ACS-CFF2024;GLOBOCAN2022,,not_extracted,,not_extracted,,,,,sum_of_sites,not_extracted,,COAD+READ,COAD+READ,PMID:38230766;DOI:10.3322/caac.21834
ENSG00000147381,MAGEA4,colorectal,READ,0.0,93,observed,8.0,,,9.0,,,9.6,,,9.3,,,high,ACS-CFF2024;GLOBOCAN2022,,not_extracted,,not_extracted,,,,,sum_of_sites,not_extracted,,COAD+READ,COAD+READ,PMID:38230766;DOI:10.3322/caac.21834
ENSG00000147381,MAGEA4,liver,LIHC,0.005434782608695652,368,observed,2.0,,,5.0,,,4.3,,,7.8,,,high,ACS-CFF2024;GLOBOCAN2022,,not_extracted,,not_extracted,,,,,sum_of_sites,not_extracted,,liver+intrahepatic bile duct; world>>US (GLOBOCAN2022 866k=4.3%),liver+intrahepatic_bile_duct,PMID:38230766;DOI:10.3322/caac.21834
ENSG00000147381,MAGEA4,breast,BRCA,0.018214936247723135,1098,observed,15.0,,,7.0,,,11.6,,,6.9,,,high,ACS-CFF2024;GLOBOCAN2022,,not_extracted,,not_extracted,,,,,direct_source,not_extracted,,female breast,female_breast,PMID:38230766;DOI:10.3322/caac.21834
ENSG00000147381,MAGEA4,stomach,STAD,0.06779661016949153,413,observed,1.5,,,1.8,,,4.9,,,6.8,,,high,ACS-CFF2024;GLOBOCAN2022,,not_extracted,,not_extracted,,,,,direct_source,not_extracted,,world>>US,single_site,PMID:38230766;DOI:10.3322/caac.21834
ENSG00000147381,MAGEA4,pancreas,PAAD,0.0,178,observed,3.0,,,8.0,,,4.1,,,4.8,,,high,ACS-CFF2024;GLOBOCAN2022,,not_extracted,,not_extracted,,,,,direct_source,not_extracted,,high mortality:incidence,single_site,PMID:38230766;DOI:10.3322/caac.21834
ENSG00000147381,MAGEA4,esophagus,ESCA,0.0989010989010989,182,observed,1.0,,,2.7,,,4.6,,,4.6,,,medium,ACS-CFF2024;GLOBOCAN2022,,not_extracted,,not_extracted,,,,,direct_source,not_extracted,,adeno(West)/squamous(Asia),single_site,PMID:38230766;DOI:10.3322/caac.21834
ENSG00000147381,MAGEA4,head_and_neck,HNSC,0.15576923076923077,520,observed,3.5,,,2.6,,,5.0,,,4.5,,,medium,ACS-CFF2024;GLOBOCAN2022,,not_extracted,,not_extracted,,,,,sum_of_sites,not_extracted,Intentional pirlygenes parity delta: 2.6% includes ACS 2024 oral cavity/pharynx plus larynx deaths; downstream 1.8% omitted larynx (oncoref #136),oral+pharynx+larynx aggregate (incl larynx); world adds nasopharynx,oral_cavity+pharynx+larynx (world +nasopharynx),PMID:38230766;DOI:10.3322/caac.21834
ENSG00000147381,MAGEA4,prostate,PRAD,0.0020161290322580645,496,observed,16.0,,,6.0,,,7.3,,,4.1,,,high,ACS-CFF2024;GLOBOCAN2022,,not_extracted,,not_extracted,,,,,direct_source,not_extracted,,low mortality:incidence (indolent fraction),single_site,PMID:38230766;DOI:10.3322/caac.21834
ENSG00000147381,MAGEA4,cervix,CESC,0.0457516339869281,306,observed,0.8,,,0.7,,,3.3,,,3.6,,,high,ACS-CFF2024;GLOBOCAN2022,,not_extracted,,not_extracted,,,,,direct_source,not_extracted,,world>>US (screening/HPV gap),single_site,PMID:38230766;DOI:10.3322/caac.21834
ENSG00000147381,MAGEA4,bladder,BLCA,0.07616707616707617,407,observed,4.0,,,3.0,,,3.0,,,2.0,,,medium,ACS-CFF2024;GLOBOCAN2022,,not_extracted,,not_extracted,,,,,direct_source,not_extracted,,,single_site,PMID:38230766;DOI:10.3322/caac.21834
ENSG00000147381,MAGEA4,kidney,KICH,0.0,66,observed,4.0,,,2.0,,,2.5,,,1.8,,,medium,ACS-CFF2024;GLOBOCAN2022,,not_extracted,,not_extracted,,,,,sum_of_sites,not_extracted,,kidney+renal pelvis,kidney+renal_pelvis,PMID:38230766;DOI:10.3322/caac.21834
ENSG00000147381,MAGEA4,kidney,KIRC,0.0,531,observed,4.0,,,2.0,,,2.5,,,1.8,,,medium,ACS-CFF2024;GLOBOCAN2022,,not_extracted,,not_extracted,,,,,sum_of_sites,not_extracted,,kidney+renal pelvis,kidney+renal_pelvis,PMID:38230766;DOI:10.3322/caac.21834
ENSG00000147381,MAGEA4,kidney,KIRP,0.0,289,observed,4.0,,,2.0,,,2.5,,,1.8,,,medium,ACS-CFF2024;GLOBOCAN2022,,not_extracted,,not_extracted,,,,,sum_of_sites,not_extracted,,kidney+renal pelvis,kidney+renal_pelvis,PMID:38230766;DOI:10.3322/caac.21834
ENSG00000147381,MAGEA4,melanoma,SKCM,0.10660980810234541,469,observed,5.0,,,1.3,,,1.7,,,0.6,,,high,ACS-CFF2024;GLOBOCAN2022,,not_extracted,,not_extracted,,,,,direct_source,not_extracted,,cutaneous; low mortality share,single_site,PMID:38230766;DOI:10.3322/caac.21834
ENSG00000147381,MAGEA4,ovary,OV,0.03051643192488263,426,observed,1.6,,,2.6,,,1.6,,,2.1,,,medium,ACS-CFF2024;GLOBOCAN2022,,not_extracted,,not_extracted,,,,,direct_source,not_extracted,,HGSOC-dominant,single_site,PMID:38230766;DOI:10.3322/caac.21834
ENSG00000147381,MAGEA4,uterus_endometrium,UCEC,0.022099447513812154,181,observed,3.0,,,2.0,,,2.2,,,1.0,,,medium,ACS-CFF2024;GLOBOCAN2022,,not_extracted,,not_extracted,,,,,direct_source,not_extracted,,corpus uteri,corpus_uteri,PMID:38230766;DOI:10.3322/caac.21834
ENSG00000147381,MAGEA4,thyroid,THCA,0.0,512,observed,2.0,,,0.4,,,4.1,,,0.5,,,high,ACS-CFF2024;GLOBOCAN2022,,not_extracted,,not_extracted,,,,,direct_source,not_extracted,,lowest mortality:incidence; overdiagnosis (GLOBOCAN2022 821k=4.1%),single_site,PMID:38230766;DOI:10.3322/caac.21834
ENSG00000147381,MAGEA4,brain_cns,GBM,0.0,166,observed,1.4,,,2.7,,,1.6,,,2.5,,,medium,ACS-CFF2024;GLOBOCAN2022,,not_extracted,,not_extracted,,,,,sum_of_sites,not_extracted,,brain+CNS incl glioma (GBM/LGG),brain+CNS,PMID:38230766;DOI:10.3322/caac.21834
ENSG00000147381,MAGEA4,brain_cns,LGG,0.0,522,observed,1.4,,,2.7,,,1.6,,,2.5,,,medium,ACS-CFF2024;GLOBOCAN2022,,not_extracted,,not_extracted,,,,,sum_of_sites,not_extracted,,brain+CNS incl glioma (GBM/LGG),brain+CNS,PMID:38230766;DOI:10.3322/caac.21834
ENSG00000147381,MAGEA4,non_hodgkin_lymphoma,DLBC,0.02127659574468085,47,observed,4.0,,,3.0,,,2.8,,,2.5,,,medium,ACS-CFF2024;GLOBOCAN2022,,not_extracted,,not_extracted,,,,,direct_source,not_extracted,,incl DLBCL/FL/MCL/BL,NHL_aggregate (DLBCL+FL+MCL+BL+other),PMID:38230766;DOI:10.3322/caac.21834
ENSG00000147381,MAGEA4,leukemia_AML,LAML,0.0,173,observed,1.0,,,1.9,,,0.9,,,1.5,,,low,ACS-CFF2024,,not_extracted,,not_extracted,,,,,direct_source,not_extracted,,deadliest leukemia; world approx,AML (subset of leukemia),PMID:38230766
ENSG00000147381,MAGEA4,mesothelioma,MESO,0.0,87,observed,0.15,,,0.4,,,0.1,,,0.2,,,low,ACS-CFF2024,,not_extracted,,not_extracted,,,,,direct_source,not_extracted,,asbestos-linked; very low survival,single_site,PMID:38230766
ENSG00000147381,MAGEA4,testicular_germ_cell,TGCT,0.05194805194805195,154,observed,0.5,,,0.05,,,0.5,,,0.1,,,medium,ACS-CFF2024;GLOBOCAN2022,,not_extracted,,not_extracted,,,,,direct_source,not_extracted,,young men; chemo-curable,single_site,PMID:38230766;DOI:10.3322/caac.21834
ENSG00000147381,MAGEA4,adrenal,ACC,0.0,77,observed,0.04,,,0.04,,,0.05,,,0.05,,,low,literature,,not_extracted,,not_extracted,,,,,literature_approximation,not_extracted,Literature approximation anchored to US ACC SEER and population-based PPGL epidemiology; percentages remain curated approximations,adrenocortical+pheo/paraganglioma; very rare,adrenocortical+pheochromocytoma/paraganglioma,PMID:29977421;PMID:33112261
ENSG00000158639,PAGE5,lung,LUAD,0.015533980582524271,515,observed,11.0,,,20.0,,,12.4,,,18.7,,,high,ACS-CFF2024;GLOBOCAN2022,,not_extracted,,not_extracted,,,,,direct_source,not_extracted,,highest mortality:incidence of common sites,single_site,PMID:38230766;DOI:10.3322/caac.21834
ENSG00000158639,PAGE5,lung,LUSC,0.010040160642570281,498,observed,11.0,,,20.0,,,12.4,,,18.7,,,high,ACS-CFF2024;GLOBOCAN2022,,not_extracted,,not_extracted,,,,,direct_source,not_extracted,,highest mortality:incidence of common sites,single_site,PMID:38230766;DOI:10.3322/caac.21834
ENSG00000158639,PAGE5,colorectal,COAD,0.0,290,observed,8.0,,,9.0,,,9.6,,,9.3,,,high,ACS-CFF2024;GLOBOCAN2022,,not_extracted,,not_extracted,,,,,sum_of_sites,not_extracted,,COAD+READ,COAD+READ,PMID:38230766;DOI:10.3322/caac.21834
ENSG00000158639,PAGE5,colorectal,READ,0.0,93,observed,8.0,,,9.0,,,9.6,,,9.3,,,high,ACS-CFF2024;GLOBOCAN2022,,not_extracted,,not_extracted,,,,,sum_of_sites,not_extracted,,COAD+READ,COAD+READ,PMID:38230766;DOI:10.3322/caac.21834
ENSG00000158639,PAGE5,liver,LIHC,0.06793478260869565,368,observed,2.0,,,5.0,,,4.3,,,7.8,,,high,ACS-CFF2024;GLOBOCAN2022,,not_extracted,,not_extracted,,,,,sum_of_sites,not_extracted,,liver+intrahepatic bile duct; world>>US (GLOBOCAN2022 866k=4.3%),liver+intrahepatic_bile_duct,PMID:38230766;DOI:10.3322/caac.21834
ENSG00000158639,PAGE5,breast,BRCA,0.00546448087431694,1098,observed,15.0,,,7.0,,,11.6,,,6.9,,,high,ACS-CFF2024;GLOBOCAN2022,,not_extracted,,not_extracted,,,,,direct_source,not_extracted,,female breast,female_breast,PMID:38230766;DOI:10.3322/caac.21834
ENSG00000158639,PAGE5,stomach,STAD,0.012106537530266344,413,observed,1.5,,,1.8,,,4.9,,,6.8,,,high,ACS-CFF2024;GLOBOCAN2022,,not_extracted,,not_extracted,,,,,direct_source,not_extracted,,world>>US,single_site,PMID:38230766;DOI:10.3322/caac.21834
ENSG00000158639,PAGE5,pancreas,PAAD,0.0,178,observed,3.0,,,8.0,,,4.1,,,4.8,,,high,ACS-CFF2024;GLOBOCAN2022,,not_extracted,,not_extracted,,,,,direct_source,not_extracted,,high mortality:incidence,single_site,PMID:38230766;DOI:10.3322/caac.21834
ENSG00000158639,PAGE5,esophagus,ESCA,0.016483516483516484,182,observed,1.0,,,2.7,,,4.6,,,4.6,,,medium,ACS-CFF2024;GLOBOCAN2022,,not_extracted,,not_extracted,,,,,direct_source,not_extracted,,adeno(West)/squamous(Asia),single_site,PMID:38230766;DOI:10.3322/caac.21834
ENSG00000158639,PAGE5,head_and_neck,HNSC,0.0019230769230769232,520,observed,3.5,,,2.6,,,5.0,,,4.5,,,medium,ACS-CFF2024;GLOBOCAN2022,,not_extracted,,not_extracted,,,,,sum_of_sites,not_extracted,Intentional pirlygenes parity delta: 2.6% includes ACS 2024 oral cavity/pharynx plus larynx deaths; downstream 1.8% omitted larynx (oncoref #136),oral+pharynx+larynx aggregate (incl larynx); world adds nasopharynx,oral_cavity+pharynx+larynx (world +nasopharynx),PMID:38230766;DOI:10.3322/caac.21834
ENSG00000158639,PAGE5,prostate,PRAD,0.0,496,observed,16.0,,,6.0,,,7.3,,,4.1,,,high,ACS-CFF2024;GLOBOCAN2022,,not_extracted,,not_extracted,,,,,direct_source,not_extracted,,low mortality:incidence (indolent fraction),single_site,PMID:38230766;DOI:10.3322/caac.21834
ENSG00000158639,PAGE5,cervix,CESC,0.0,306,observed,0.8,,,0.7,,,3.3,,,3.6,,,high,ACS-CFF2024;GLOBOCAN2022,,not_extracted,,not_extracted,,,,,direct_source,not_extracted,,world>>US (screening/HPV gap),single_site,PMID:38230766;DOI:10.3322/caac.21834
ENSG00000158639,PAGE5,bladder,BLCA,0.012285012285012284,407,observed,4.0,,,3.0,,,3.0,,,2.0,,,medium,ACS-CFF2024;GLOBOCAN2022,,not_extracted,,not_extracted,,,,,direct_source,not_extracted,,,single_site,PMID:38230766;DOI:10.3322/caac.21834
ENSG00000158639,PAGE5,kidney,KICH,0.015151515151515152,66,observed,4.0,,,2.0,,,2.5,,,1.8,,,medium,ACS-CFF2024;GLOBOCAN2022,,not_extracted,,not_extracted,,,,,sum_of_sites,not_extracted,,kidney+renal pelvis,kidney+renal_pelvis,PMID:38230766;DOI:10.3322/caac.21834
ENSG00000158639,PAGE5,kidney,KIRC,0.005649717514124294,531,observed,4.0,,,2.0,,,2.5,,,1.8,,,medium,ACS-CFF2024;GLOBOCAN2022,,not_extracted,,not_extracted,,,,,sum_of_sites,not_extracted,,kidney+renal pelvis,kidney+renal_pelvis,PMID:38230766;DOI:10.3322/caac.21834
ENSG00000158639,PAGE5,kidney,KIRP,0.010380622837370242,289,observed,4.0,,,2.0,,,2.5,,,1.8,,,medium,ACS-CFF2024;GLOBOCAN2022,,not_extracted,,not_extracted,,,,,sum_of_sites,not_extracted,,kidney+renal pelvis,kidney+renal_pelvis,PMID:38230766;DOI:10.3322/caac.21834
ENSG00000158639,PAGE5,melanoma,SKCM,0.19189765458422176,469,observed,5.0,,,1.3,,,1.7,,,0.6,,,high,ACS-CFF2024;GLOBOCAN2022,,not_extracted,,not_extracted,,,,,direct_source,not_extracted,,cutaneous; low mortality share,single_site,PMID:38230766;DOI:10.3322/caac.21834
ENSG00000158639,PAGE5,ovary,OV,0.007042253521126761,426,observed,1.6,,,2.6,,,1.6,,,2.1,,,medium,ACS-CFF2024;GLOBOCAN2022,,not_extracted,,not_extracted,,,,,direct_source,not_extracted,,HGSOC-dominant,single_site,PMID:38230766;DOI:10.3322/caac.21834
ENSG00000158639,PAGE5,uterus_endometrium,UCEC,0.011049723756906077,181,observed,3.0,,,2.0,,,2.2,,,1.0,,,medium,ACS-CFF2024;GLOBOCAN2022,,not_extracted,,not_extracted,,,,,direct_source,not_extracted,,corpus uteri,corpus_uteri,PMID:38230766;DOI:10.3322/caac.21834
ENSG00000158639,PAGE5,thyroid,THCA,0.0,512,observed,2.0,,,0.4,,,4.1,,,0.5,,,high,ACS-CFF2024;GLOBOCAN2022,,not_extracted,,not_extracted,,,,,direct_source,not_extracted,,lowest mortality:incidence; overdiagnosis (GLOBOCAN2022 821k=4.1%),single_site,PMID:38230766;DOI:10.3322/caac.21834
ENSG00000158639,PAGE5,brain_cns,GBM,0.0,166,observed,1.4,,,2.7,,,1.6,,,2.5,,,medium,ACS-CFF2024;GLOBOCAN2022,,not_extracted,,not_extracted,,,,,sum_of_sites,not_extracted,,brain+CNS incl glioma (GBM/LGG),brain+CNS,PMID:38230766;DOI:10.3322/caac.21834
ENSG00000158639,PAGE5,brain_cns,LGG,0.0,522,observed,1.4,,,2.7,,,1.6,,,2.5,,,medium,ACS-CFF2024;GLOBOCAN2022,,not_extracted,,not_extracted,,,,,sum_of_sites,not_extracted,,brain+CNS incl glioma (GBM/LGG),brain+CNS,PMID:38230766;DOI:10.3322/caac.21834
ENSG00000158639,PAGE5,non_hodgkin_lymphoma,DLBC,0.0,47,observed,4.0,,,3.0,,,2.8,,,2.5,,,medium,ACS-CFF2024;GLOBOCAN2022,,not_extracted,,not_extracted,,,,,direct_source,not_extracted,,incl DLBCL/FL/MCL/BL,NHL_aggregate (DLBCL+FL+MCL+BL+other),PMID:38230766;DOI:10.3322/caac.21834
ENSG00000158639,PAGE5,leukemia_AML,LAML,0.0,173,observed,1.0,,,1.9,,,0.9,,,1.5,,,low,ACS-CFF2024,,not_extracted,,not_extracted,,,,,direct_source,not_extracted,,deadliest leukemia; world approx,AML (subset of leukemia),PMID:38230766
ENSG00000158639,PAGE5,mesothelioma,MESO,0.0,87,observed,0.15,,,0.4,,,0.1,,,0.2,,,low,ACS-CFF2024,,not_extracted,,not_extracted,,,,,direct_source,not_extracted,,asbestos-linked; very low survival,single_site,PMID:38230766
ENSG00000158639,PAGE5,testicular_germ_cell,TGCT,0.045454545454545456,154,observed,0.5,,,0.05,,,0.5,,,0.1,,,medium,ACS-CFF2024;GLOBOCAN2022,,not_extracted,,not_extracted,,,,,direct_source,not_extracted,,young men; chemo-curable,single_site,PMID:38230766;DOI:10.3322/caac.21834
ENSG00000158639,PAGE5,adrenal,ACC,0.0,77,observed,0.04,,,0.04,,,0.05,,,0.05,,,low,literature,,not_extracted,,not_extracted,,,,,literature_approximation,not_extracted,Literature approximation anchored to US ACC SEER and population-based PPGL epidemiology; percentages remain curated approximations,adrenocortical+pheo/paraganglioma; very rare,adrenocortical+pheochromocytoma/paraganglioma,PMID:29977421;PMID:33112261
NY-ESO-1,CTAG1A/CTAG1B,lung,LUAD,0.02912621359223301,515,observed,11.0,,,20.0,,,12.4,,,18.7,,,high,ACS-CFF2024;GLOBOCAN2022,,not_extracted,,not_extracted,,,,,direct_source,not_extracted,,highest mortality:incidence of common sites,single_site,PMID:38230766;DOI:10.3322/caac.21834
NY-ESO-1,CTAG1A/CTAG1B,lung,LUSC,0.05823293172690763,498,observed,11.0,,,20.0,,,12.4,,,18.7,,,high,ACS-CFF2024;GLOBOCAN2022,,not_extracted,,not_extracted,,,,,direct_source,not_extracted,,highest mortality:incidence of common sites,single_site,PMID:38230766;DOI:10.3322/caac.21834
NY-ESO-1,CTAG1A/CTAG1B,colorectal,COAD,0.0034482758620689655,290,observed,8.0,,,9.0,,,9.6,,,9.3,,,high,ACS-CFF2024;GLOBOCAN2022,,not_extracted,,not_extracted,,,,,sum_of_sites,not_extracted,,COAD+READ,COAD+READ,PMID:38230766;DOI:10.3322/caac.21834
NY-ESO-1,CTAG1A/CTAG1B,colorectal,READ,0.0,93,observed,8.0,,,9.0,,,9.6,,,9.3,,,high,ACS-CFF2024;GLOBOCAN2022,,not_extracted,,not_extracted,,,,,sum_of_sites,not_extracted,,COAD+READ,COAD+READ,PMID:38230766;DOI:10.3322/caac.21834
NY-ESO-1,CTAG1A/CTAG1B,liver,LIHC,0.01358695652173913,368,observed,2.0,,,5.0,,,4.3,,,7.8,,,high,ACS-CFF2024;GLOBOCAN2022,,not_extracted,,not_extracted,,,,,sum_of_sites,not_extracted,,liver+intrahepatic bile duct; world>>US (GLOBOCAN2022 866k=4.3%),liver+intrahepatic_bile_duct,PMID:38230766;DOI:10.3322/caac.21834
NY-ESO-1,CTAG1A/CTAG1B,breast,BRCA,0.017304189435336976,1098,observed,15.0,,,7.0,,,11.6,,,6.9,,,high,ACS-CFF2024;GLOBOCAN2022,,not_extracted,,not_extracted,,,,,direct_source,not_extracted,,female breast,female_breast,PMID:38230766;DOI:10.3322/caac.21834
NY-ESO-1,CTAG1A/CTAG1B,stomach,STAD,0.031476997578692496,413,observed,1.5,,,1.8,,,4.9,,,6.8,,,high,ACS-CFF2024;GLOBOCAN2022,,not_extracted,,not_extracted,,,,,direct_source,not_extracted,,world>>US,single_site,PMID:38230766;DOI:10.3322/caac.21834
NY-ESO-1,CTAG1A/CTAG1B,pancreas,PAAD,0.0,178,observed,3.0,,,8.0,,,4.1,,,4.8,,,high,ACS-CFF2024;GLOBOCAN2022,,not_extracted,,not_extracted,,,,,direct_source,not_extracted,,high mortality:incidence,single_site,PMID:38230766;DOI:10.3322/caac.21834
NY-ESO-1,CTAG1A/CTAG1B,esophagus,ESCA,0.016483516483516484,182,observed,1.0,,,2.7,,,4.6,,,4.6,,,medium,ACS-CFF2024;GLOBOCAN2022,,not_extracted,,not_extracted,,,,,direct_source,not_extracted,,adeno(West)/squamous(Asia),single_site,PMID:38230766;DOI:10.3322/caac.21834
NY-ESO-1,CTAG1A/CTAG1B,head_and_neck,HNSC,0.023076923076923078,520,observed,3.5,,,2.6,,,5.0,,,4.5,,,medium,ACS-CFF2024;GLOBOCAN2022,,not_extracted,,not_extracted,,,,,sum_of_sites,not_extracted,Intentional pirlygenes parity delta: 2.6% includes ACS 2024 oral cavity/pharynx plus larynx deaths; downstream 1.8% omitted larynx (oncoref #136),oral+pharynx+larynx aggregate (incl larynx); world adds nasopharynx,oral_cavity+pharynx+larynx (world +nasopharynx),PMID:38230766;DOI:10.3322/caac.21834
NY-ESO-1,CTAG1A/CTAG1B,prostate,PRAD,0.004032258064516129,496,observed,16.0,,,6.0,,,7.3,,,4.1,,,high,ACS-CFF2024;GLOBOCAN2022,,not_extracted,,not_extracted,,,,,direct_source,not_extracted,,low mortality:incidence (indolent fraction),single_site,PMID:38230766;DOI:10.3322/caac.21834
NY-ESO-1,CTAG1A/CTAG1B,cervix,CESC,0.0,306,observed,0.8,,,0.7,,,3.3,,,3.6,,,high,ACS-CFF2024;GLOBOCAN2022,,not_extracted,,not_extracted,,,,,direct_source,not_extracted,,world>>US (screening/HPV gap),single_site,PMID:38230766;DOI:10.3322/caac.21834
NY-ESO-1,CTAG1A/CTAG1B,bladder,BLCA,0.07371007371007371,407,observed,4.0,,,3.0,,,3.0,,,2.0,,,medium,ACS-CFF2024;GLOBOCAN2022,,not_extracted,,not_extracted,,,,,direct_source,not_extracted,,,single_site,PMID:38230766;DOI:10.3322/caac.21834
NY-ESO-1,CTAG1A/CTAG1B,kidney,KICH,0.0,66,observed,4.0,,,2.0,,,2.5,,,1.8,,,medium,ACS-CFF2024;GLOBOCAN2022,,not_extracted,,not_extracted,,,,,sum_of_sites,not_extracted,,kidney+renal pelvis,kidney+renal_pelvis,PMID:38230766;DOI:10.3322/caac.21834
NY-ESO-1,CTAG1A/CTAG1B,kidney,KIRC,0.0018832391713747645,531,observed,4.0,,,2.0,,,2.5,,,1.8,,,medium,ACS-CFF2024;GLOBOCAN2022,,not_extracted,,not_extracted,,,,,sum_of_sites,not_extracted,,kidney+renal pelvis,kidney+renal_pelvis,PMID:38230766;DOI:10.3322/caac.21834
NY-ESO-1,CTAG1A/CTAG1B,kidney,KIRP,0.0034602076124567475,289,observed,4.0,,,2.0,,,2.5,,,1.8,,,medium,ACS-CFF2024;GLOBOCAN2022,,not_extracted,,not_extracted,,,,,sum_of_sites,not_extracted,,kidney+renal pelvis,kidney+renal_pelvis,PMID:38230766;DOI:10.3322/caac.21834
NY-ESO-1,CTAG1A/CTAG1B,melanoma,SKCM,0.1044776119402985,469,observed,5.0,,,1.3,,,1.7,,,0.6,,,high,ACS-CFF2024;GLOBOCAN2022,,not_extracted,,not_extracted,,,,,direct_source,not_extracted,,cutaneous; low mortality share,single_site,PMID:38230766;DOI:10.3322/caac.21834
NY-ESO-1,CTAG1A/CTAG1B,ovary,OV,0.06338028169014084,426,observed,1.6,,,2.6,,,1.6,,,2.1,,,medium,ACS-CFF2024;GLOBOCAN2022,,not_extracted,,not_extracted,,,,,direct_source,not_extracted,,HGSOC-dominant,single_site,PMID:38230766;DOI:10.3322/caac.21834
NY-ESO-1,CTAG1A/CTAG1B,uterus_endometrium,UCEC,0.03867403314917127,181,observed,3.0,,,2.0,,,2.2,,,1.0,,,medium,ACS-CFF2024;GLOBOCAN2022,,not_extracted,,not_extracted,,,,,direct_source,not_extracted,,corpus uteri,corpus_uteri,PMID:38230766;DOI:10.3322/caac.21834
NY-ESO-1,CTAG1A/CTAG1B,thyroid,THCA,0.0,512,observed,2.0,,,0.4,,,4.1,,,0.5,,,high,ACS-CFF2024;GLOBOCAN2022,,not_extracted,,not_extracted,,,,,direct_source,not_extracted,,lowest mortality:incidence; overdiagnosis (GLOBOCAN2022 821k=4.1%),single_site,PMID:38230766;DOI:10.3322/caac.21834
NY-ESO-1,CTAG1A/CTAG1B,brain_cns,GBM,0.0,166,observed,1.4,,,2.7,,,1.6,,,2.5,,,medium,ACS-CFF2024;GLOBOCAN2022,,not_extracted,,not_extracted,,,,,sum_of_sites,not_extracted,,brain+CNS incl glioma (GBM/LGG),brain+CNS,PMID:38230766;DOI:10.3322/caac.21834
NY-ESO-1,CTAG1A/CTAG1B,brain_cns,LGG,0.0,522,observed,1.4,,,2.7,,,1.6,,,2.5,,,medium,ACS-CFF2024;GLOBOCAN2022,,not_extracted,,not_extracted,,,,,sum_of_sites,not_extracted,,brain+CNS incl glioma (GBM/LGG),brain+CNS,PMID:38230766;DOI:10.3322/caac.21834
NY-ESO-1,CTAG1A/CTAG1B,non_hodgkin_lymphoma,DLBC,0.02127659574468085,47,observed,4.0,,,3.0,,,2.8,,,2.5,,,medium,ACS-CFF2024;GLOBOCAN2022,,not_extracted,,not_extracted,,,,,direct_source,not_extracted,,incl DLBCL/FL/MCL/BL,NHL_aggregate (DLBCL+FL+MCL+BL+other),PMID:38230766;DOI:10.3322/caac.21834
NY-ESO-1,CTAG1A/CTAG1B,leukemia_AML,LAML,0.0,173,observed,1.0,,,1.9,,,0.9,,,1.5,,,low,ACS-CFF2024,,not_extracted,,not_extracted,,,,,direct_source,not_extracted,,deadliest leukemia; world approx,AML (subset of leukemia),PMID:38230766
NY-ESO-1,CTAG1A/CTAG1B,mesothelioma,MESO,0.0,87,observed,0.15,,,0.4,,,0.1,,,0.2,,,low,ACS-CFF2024,,not_extracted,,not_extracted,,,,,direct_source,not_extracted,,asbestos-linked; very low survival,single_site,PMID:38230766
NY-ESO-1,CTAG1A/CTAG1B,testicular_germ_cell,TGCT,0.006493506493506494,154,observed,0.5,,,0.05,,,0.5,,,0.1,,,medium,ACS-CFF2024;GLOBOCAN2022,,not_extracted,,not_extracted,,,,,direct_source,not_extracted,,young men; chemo-curable,single_site,PMID:38230766;DOI:10.3322/caac.21834
NY-ESO-1,CTAG1A/CTAG1B,adrenal,ACC,0.0,77,observed,0.04,,,0.04,,,0.05,,,0.05,,,low,literature,,not_extracted,,not_extracted,,,,,literature_approximation,not_extracted,Literature approximation anchored to US ACC SEER and population-based PPGL epidemiology; percentages remain curated approximations,adrenocortical+pheo/paraganglioma; very rare,adrenocortical+pheochromocytoma/paraganglioma,PMID:29977421;PMID:33112261
ENSG00000185686,PRAME,lung,LUAD,0.038834951456310676,515,observed,11.0,,,20.0,,,12.4,,,18.7,,,high,ACS-CFF2024;GLOBOCAN2022,,not_extracted,,not_extracted,,,,,direct_source,not_extracted,,highest mortality:incidence of common sites,single_site,PMID:38230766;DOI:10.3322/caac.21834
ENSG00000185686,PRAME,lung,LUSC,0.1465863453815261,498,observed,11.0,,,20.0,,,12.4,,,18.7,,,high,ACS-CFF2024;GLOBOCAN2022,,not_extracted,,not_extracted,,,,,direct_source,not_extracted,,highest mortality:incidence of common sites,single_site,PMID:38230766;DOI:10.3322/caac.21834
ENSG00000185686,PRAME,colorectal,COAD,0.0,290,observed,8.0,,,9.0,,,9.6,,,9.3,,,high,ACS-CFF2024;GLOBOCAN2022,,not_extracted,,not_extracted,,,,,sum_of_sites,not_extracted,,COAD+READ,COAD+READ,PMID:38230766;DOI:10.3322/caac.21834
ENSG00000185686,PRAME,colorectal,READ,0.0,93,observed,8.0,,,9.0,,,9.6,,,9.3,,,high,ACS-CFF2024;GLOBOCAN2022,,not_extracted,,not_extracted,,,,,sum_of_sites,not_extracted,,COAD+READ,COAD+READ,PMID:38230766;DOI:10.3322/caac.21834
ENSG00000185686,PRAME,liver,LIHC,0.01358695652173913,368,observed,2.0,,,5.0,,,4.3,,,7.8,,,high,ACS-CFF2024;GLOBOCAN2022,,not_extracted,,not_extracted,,,,,sum_of_sites,not_extracted,,liver+intrahepatic bile duct; world>>US (GLOBOCAN2022 866k=4.3%),liver+intrahepatic_bile_duct,PMID:38230766;DOI:10.3322/caac.21834
ENSG00000185686,PRAME,breast,BRCA,0.06375227686703097,1098,observed,15.0,,,7.0,,,11.6,,,6.9,,,high,ACS-CFF2024;GLOBOCAN2022,,not_extracted,,not_extracted,,,,,direct_source,not_extracted,,female breast,female_breast,PMID:38230766;DOI:10.3322/caac.21834
ENSG00000185686,PRAME,stomach,STAD,0.024213075060532687,413,observed,1.5,,,1.8,,,4.9,,,6.8,,,high,ACS-CFF2024;GLOBOCAN2022,,not_extracted,,not_extracted,,,,,direct_source,not_extracted,,world>>US,single_site,PMID:38230766;DOI:10.3322/caac.21834
ENSG00000185686,PRAME,pancreas,PAAD,0.0,178,observed,3.0,,,8.0,,,4.1,,,4.8,,,high,ACS-CFF2024;GLOBOCAN2022,,not_extracted,,not_extracted,,,,,direct_source,not_extracted,,high mortality:incidence,single_site,PMID:38230766;DOI:10.3322/caac.21834
ENSG00000185686,PRAME,esophagus,ESCA,0.038461538461538464,182,observed,1.0,,,2.7,,,4.6,,,4.6,,,medium,ACS-CFF2024;GLOBOCAN2022,,not_extracted,,not_extracted,,,,,direct_source,not_extracted,,adeno(West)/squamous(Asia),single_site,PMID:38230766;DOI:10.3322/caac.21834
ENSG00000185686,PRAME,head_and_neck,HNSC,0.019230769230769232,520,observed,3.5,,,2.6,,,5.0,,,4.5,,,medium,ACS-CFF2024;GLOBOCAN2022,,not_extracted,,not_extracted,,,,,sum_of_sites,not_extracted,Intentional pirlygenes parity delta: 2.6% includes ACS 2024 oral cavity/pharynx plus larynx deaths; downstream 1.8% omitted larynx (oncoref #136),oral+pharynx+larynx aggregate (incl larynx); world adds nasopharynx,oral_cavity+pharynx+larynx (world +nasopharynx),PMID:38230766;DOI:10.3322/caac.21834
ENSG00000185686,PRAME,prostate,PRAD,0.0,496,observed,16.0,,,6.0,,,7.3,,,4.1,,,high,ACS-CFF2024;GLOBOCAN2022,,not_extracted,,not_extracted,,,,,direct_source,not_extracted,,low mortality:incidence (indolent fraction),single_site,PMID:38230766;DOI:10.3322/caac.21834
ENSG00000185686,PRAME,cervix,CESC,0.032679738562091505,306,observed,0.8,,,0.7,,,3.3,,,3.6,,,high,ACS-CFF2024;GLOBOCAN2022,,not_extracted,,not_extracted,,,,,direct_source,not_extracted,,world>>US (screening/HPV gap),single_site,PMID:38230766;DOI:10.3322/caac.21834
ENSG00000185686,PRAME,bladder,BLCA,0.02702702702702703,407,observed,4.0,,,3.0,,,3.0,,,2.0,,,medium,ACS-CFF2024;GLOBOCAN2022,,not_extracted,,not_extracted,,,,,direct_source,not_extracted,,,single_site,PMID:38230766;DOI:10.3322/caac.21834
ENSG00000185686,PRAME,kidney,KICH,0.0,66,observed,4.0,,,2.0,,,2.5,,,1.8,,,medium,ACS-CFF2024;GLOBOCAN2022,,not_extracted,,not_extracted,,,,,sum_of_sites,not_extracted,,kidney+renal pelvis,kidney+renal_pelvis,PMID:38230766;DOI:10.3322/caac.21834
ENSG00000185686,PRAME,kidney,KIRC,0.007532956685499058,531,observed,4.0,,,2.0,,,2.5,,,1.8,,,medium,ACS-CFF2024;GLOBOCAN2022,,not_extracted,,not_extracted,,,,,sum_of_sites,not_extracted,,kidney+renal pelvis,kidney+renal_pelvis,PMID:38230766;DOI:10.3322/caac.21834
ENSG00000185686,PRAME,kidney,KIRP,0.006920415224913495,289,observed,4.0,,,2.0,,,2.5,,,1.8,,,medium,ACS-CFF2024;GLOBOCAN2022,,not_extracted,,not_extracted,,,,,sum_of_sites,not_extracted,,kidney+renal pelvis,kidney+renal_pelvis,PMID:38230766;DOI:10.3322/caac.21834
ENSG00000185686,PRAME,melanoma,SKCM,0.8656716417910447,469,observed,5.0,,,1.3,,,1.7,,,0.6,,,high,ACS-CFF2024;GLOBOCAN2022,,not_extracted,,not_extracted,,,,,direct_source,not_extracted,,cutaneous; low mortality share,single_site,PMID:38230766;DOI:10.3322/caac.21834
ENSG00000185686,PRAME,ovary,OV,0.2746478873239437,426,observed,1.6,,,2.6,,,1.6,,,2.1,,,medium,ACS-CFF2024;GLOBOCAN2022,,not_extracted,,not_extracted,,,,,direct_source,not_extracted,,HGSOC-dominant,single_site,PMID:38230766;DOI:10.3322/caac.21834
ENSG00000185686,PRAME,uterus_endometrium,UCEC,0.7071823204419889,181,observed,3.0,,,2.0,,,2.2,,,1.0,,,medium,ACS-CFF2024;GLOBOCAN2022,,not_extracted,,not_extracted,,,,,direct_source,not_extracted,,corpus uteri,corpus_uteri,PMID:38230766;DOI:10.3322/caac.21834
ENSG00000185686,PRAME,thyroid,THCA,0.0,512,observed,2.0,,,0.4,,,4.1,,,0.5,,,high,ACS-CFF2024;GLOBOCAN2022,,not_extracted,,not_extracted,,,,,direct_source,not_extracted,,lowest mortality:incidence; overdiagnosis (GLOBOCAN2022 821k=4.1%),single_site,PMID:38230766;DOI:10.3322/caac.21834
ENSG00000185686,PRAME,brain_cns,GBM,0.018072289156626505,166,observed,1.4,,,2.7,,,1.6,,,2.5,,,medium,ACS-CFF2024;GLOBOCAN2022,,not_extracted,,not_extracted,,,,,sum_of_sites,not_extracted,,brain+CNS incl glioma (GBM/LGG),brain+CNS,PMID:38230766;DOI:10.3322/caac.21834
ENSG00000185686,PRAME,brain_cns,LGG,0.0038314176245210726,522,observed,1.4,,,2.7,,,1.6,,,2.5,,,medium,ACS-CFF2024;GLOBOCAN2022,,not_extracted,,not_extracted,,,,,sum_of_sites,not_extracted,,brain+CNS incl glioma (GBM/LGG),brain+CNS,PMID:38230766;DOI:10.3322/caac.21834
ENSG00000185686,PRAME,non_hodgkin_lymphoma,DLBC,0.02127659574468085,47,observed,4.0,,,3.0,,,2.8,,,2.5,,,medium,ACS-CFF2024;GLOBOCAN2022,,not_extracted,,not_extracted,,,,,direct_source,not_extracted,,incl DLBCL/FL/MCL/BL,NHL_aggregate (DLBCL+FL+MCL+BL+other),PMID:38230766;DOI:10.3322/caac.21834
ENSG00000185686,PRAME,leukemia_AML,LAML,0.08670520231213873,173,observed,1.0,,,1.9,,,0.9,,,1.5,,,low,ACS-CFF2024,,not_extracted,,not_extracted,,,,,direct_source,not_extracted,,deadliest leukemia; world approx,AML (subset of leukemia),PMID:38230766
ENSG00000185686,PRAME,mesothelioma,MESO,0.022988505747126436,87,observed,0.15,,,0.4,,,0.1,,,0.2,,,low,ACS-CFF2024,,not_extracted,,not_extracted,,,,,direct_source,not_extracted,,asbestos-linked; very low survival,single_site,PMID:38230766
ENSG00000185686,PRAME,testicular_germ_cell,TGCT,0.38961038961038963,154,observed,0.5,,,0.05,,,0.5,,,0.1,,,medium,ACS-CFF2024;GLOBOCAN2022,,not_extracted,,not_extracted,,,,,direct_source,not_extracted,,young men; chemo-curable,single_site,PMID:38230766;DOI:10.3322/caac.21834
ENSG00000185686,PRAME,adrenal,ACC,0.06493506493506493,77,observed,0.04,,,0.04,,,0.05,,,0.05,,,low,literature,,not_extracted,,not_extracted,,,,,literature_approximation,not_extracted,Literature approximation anchored to US ACC SEER and population-based PPGL epidemiology; percentages remain curated approximations,adrenocortical+pheo/paraganglioma; very rare,adrenocortical+pheochromocytoma/paraganglioma,PMID:29977421;PMID:33112261
ENSG00000204019,CT83,lung,LUAD,0.015533980582524271,515,observed,11.0,,,20.0,,,12.4,,,18.7,,,high,ACS-CFF2024;GLOBOCAN2022,,not_extracted,,not_extracted,,,,,direct_source,not_extracted,,highest mortality:incidence of common sites,single_site,PMID:38230766;DOI:10.3322/caac.21834
ENSG00000204019,CT83,lung,LUSC,0.004016064257028112,498,observed,11.0,,,20.0,,,12.4,,,18.7,,,high,ACS-CFF2024;GLOBOCAN2022,,not_extracted,,not_extracted,,,,,direct_source,not_extracted,,highest mortality:incidence of common sites,single_site,PMID:38230766;DOI:10.3322/caac.21834
ENSG00000204019,CT83,colorectal,COAD,0.0,290,observed,8.0,,,9.0,,,9.6,,,9.3,,,high,ACS-CFF2024;GLOBOCAN2022,,not_extracted,,not_extracted,,,,,sum_of_sites,not_extracted,,COAD+READ,COAD+READ,PMID:38230766;DOI:10.3322/caac.21834
ENSG00000204019,CT83,colorectal,READ,0.010752688172043012,93,observed,8.0,,,9.0,,,9.6,,,9.3,,,high,ACS-CFF2024;GLOBOCAN2022,,not_extracted,,not_extracted,,,,,sum_of_sites,not_extracted,,COAD+READ,COAD+READ,PMID:38230766;DOI:10.3322/caac.21834
ENSG00000204019,CT83,liver,LIHC,0.0,368,observed,2.0,,,5.0,,,4.3,,,7.8,,,high,ACS-CFF2024;GLOBOCAN2022,,not_extracted,,not_extracted,,,,,sum_of_sites,not_extracted,,liver+intrahepatic bile duct; world>>US (GLOBOCAN2022 866k=4.3%),liver+intrahepatic_bile_duct,PMID:38230766;DOI:10.3322/caac.21834
ENSG00000204019,CT83,breast,BRCA,0.00273224043715847,1098,observed,15.0,,,7.0,,,11.6,,,6.9,,,high,ACS-CFF2024;GLOBOCAN2022,,not_extracted,,not_extracted,,,,,direct_source,not_extracted,,female breast,female_breast,PMID:38230766;DOI:10.3322/caac.21834
ENSG00000204019,CT83,stomach,STAD,0.012106537530266344,413,observed,1.5,,,1.8,,,4.9,,,6.8,,,high,ACS-CFF2024;GLOBOCAN2022,,not_extracted,,not_extracted,,,,,direct_source,not_extracted,,world>>US,single_site,PMID:38230766;DOI:10.3322/caac.21834
ENSG00000204019,CT83,pancreas,PAAD,0.0,178,observed,3.0,,,8.0,,,4.1,,,4.8,,,high,ACS-CFF2024;GLOBOCAN2022,,not_extracted,,not_extracted,,,,,direct_source,not_extracted,,high mortality:incidence,single_site,PMID:38230766;DOI:10.3322/caac.21834
ENSG00000204019,CT83,esophagus,ESCA,0.0,182,observed,1.0,,,2.7,,,4.6,,,4.6,,,medium,ACS-CFF2024;GLOBOCAN2022,,not_extracted,,not_extracted,,,,,direct_source,not_extracted,,adeno(West)/squamous(Asia),single_site,PMID:38230766;DOI:10.3322/caac.21834
ENSG00000204019,CT83,head_and_neck,HNSC,0.0,520,observed,3.5,,,2.6,,,5.0,,,4.5,,,medium,ACS-CFF2024;GLOBOCAN2022,,not_extracted,,not_extracted,,,,,sum_of_sites,not_extracted,Intentional pirlygenes parity delta: 2.6% includes ACS 2024 oral cavity/pharynx plus larynx deaths; downstream 1.8% omitted larynx (oncoref #136),oral+pharynx+larynx aggregate (incl larynx); world adds nasopharynx,oral_cavity+pharynx+larynx (world +nasopharynx),PMID:38230766;DOI:10.3322/caac.21834
ENSG00000204019,CT83,prostate,PRAD,0.0,496,observed,16.0,,,6.0,,,7.3,,,4.1,,,high,ACS-CFF2024;GLOBOCAN2022,,not_extracted,,not_extracted,,,,,direct_source,not_extracted,,low mortality:incidence (indolent fraction),single_site,PMID:38230766;DOI:10.3322/caac.21834
ENSG00000204019,CT83,cervix,CESC,0.029411764705882353,306,observed,0.8,,,0.7,,,3.3,,,3.6,,,high,ACS-CFF2024;GLOBOCAN2022,,not_extracted,,not_extracted,,,,,direct_source,not_extracted,,world>>US (screening/HPV gap),single_site,PMID:38230766;DOI:10.3322/caac.21834
ENSG00000204019,CT83,bladder,BLCA,0.002457002457002457,407,observed,4.0,,,3.0,,,3.0,,,2.0,,,medium,ACS-CFF2024;GLOBOCAN2022,,not_extracted,,not_extracted,,,,,direct_source,not_extracted,,,single_site,PMID:38230766;DOI:10.3322/caac.21834
ENSG00000204019,CT83,kidney,KICH,0.0,66,observed,4.0,,,2.0,,,2.5,,,1.8,,,medium,ACS-CFF2024;GLOBOCAN2022,,not_extracted,,not_extracted,,,,,sum_of_sites,not_extracted,,kidney+renal pelvis,kidney+renal_pelvis,PMID:38230766;DOI:10.3322/caac.21834
ENSG00000204019,CT83,kidney,KIRC,0.0,531,observed,4.0,,,2.0,,,2.5,,,1.8,,,medium,ACS-CFF2024;GLOBOCAN2022,,not_extracted,,not_extracted,,,,,sum_of_sites,not_extracted,,kidney+renal pelvis,kidney+renal_pelvis,PMID:38230766;DOI:10.3322/caac.21834
ENSG00000204019,CT83,kidney,KIRP,0.0,289,observed,4.0,,,2.0,,,2.5,,,1.8,,,medium,ACS-CFF2024;GLOBOCAN2022,,not_extracted,,not_extracted,,,,,sum_of_sites,not_extracted,,kidney+renal pelvis,kidney+renal_pelvis,PMID:38230766;DOI:10.3322/caac.21834
ENSG00000204019,CT83,melanoma,SKCM,0.0,469,observed,5.0,,,1.3,,,1.7,,,0.6,,,high,ACS-CFF2024;GLOBOCAN2022,,not_extracted,,not_extracted,,,,,direct_source,not_extracted,,cutaneous; low mortality share,single_site,PMID:38230766;DOI:10.3322/caac.21834
ENSG00000204019,CT83,ovary,OV,0.0,426,observed,1.6,,,2.6,,,1.6,,,2.1,,,medium,ACS-CFF2024;GLOBOCAN2022,,not_extracted,,not_extracted,,,,,direct_source,not_extracted,,HGSOC-dominant,single_site,PMID:38230766;DOI:10.3322/caac.21834
ENSG00000204019,CT83,uterus_endometrium,UCEC,0.0,181,observed,3.0,,,2.0,,,2.2,,,1.0,,,medium,ACS-CFF2024;GLOBOCAN2022,,not_extracted,,not_extracted,,,,,direct_source,not_extracted,,corpus uteri,corpus_uteri,PMID:38230766;DOI:10.3322/caac.21834
ENSG00000204019,CT83,thyroid,THCA,0.0,512,observed,2.0,,,0.4,,,4.1,,,0.5,,,high,ACS-CFF2024;GLOBOCAN2022,,not_extracted,,not_extracted,,,,,direct_source,not_extracted,,lowest mortality:incidence; overdiagnosis (GLOBOCAN2022 821k=4.1%),single_site,PMID:38230766;DOI:10.3322/caac.21834
ENSG00000204019,CT83,brain_cns,GBM,0.0,166,observed,1.4,,,2.7,,,1.6,,,2.5,,,medium,ACS-CFF2024;GLOBOCAN2022,,not_extracted,,not_extracted,,,,,sum_of_sites,not_extracted,,brain+CNS incl glioma (GBM/LGG),brain+CNS,PMID:38230766;DOI:10.3322/caac.21834
ENSG00000204019,CT83,brain_cns,LGG,0.0,522,observed,1.4,,,2.7,,,1.6,,,2.5,,,medium,ACS-CFF2024;GLOBOCAN2022,,not_extracted,,not_extracted,,,,,sum_of_sites,not_extracted,,brain+CNS incl glioma (GBM/LGG),brain+CNS,PMID:38230766;DOI:10.3322/caac.21834
ENSG00000204019,CT83,non_hodgkin_lymphoma,DLBC,0.0,47,observed,4.0,,,3.0,,,2.8,,,2.5,,,medium,ACS-CFF2024;GLOBOCAN2022,,not_extracted,,not_extracted,,,,,direct_source,not_extracted,,incl DLBCL/FL/MCL/BL,NHL_aggregate (DLBCL+FL+MCL+BL+other),PMID:38230766;DOI:10.3322/caac.21834
ENSG00000204019,CT83,leukemia_AML,LAML,0.0,173,observed,1.0,,,1.9,,,0.9,,,1.5,,,low,ACS-CFF2024,,not_extracted,,not_extracted,,,,,direct_source,not_extracted,,deadliest leukemia; world approx,AML (subset of leukemia),PMID:38230766
ENSG00000204019,CT83,mesothelioma,MESO,0.0,87,observed,0.15,,,0.4,,,0.1,,,0.2,,,low,ACS-CFF2024,,not_extracted,,not_extracted,,,,,direct_source,not_extracted,,asbestos-linked; very low survival,single_site,PMID:38230766
ENSG00000204019,CT83,testicular_germ_cell,TGCT,0.0,154,observed,0.5,,,0.05,,,0.5,,,0.1,,,medium,ACS-CFF2024;GLOBOCAN2022,,not_extracted,,not_extracted,,,,,direct_source,not_extracted,,young men; chemo-curable,single_site,PMID:38230766;DOI:10.3322/caac.21834
ENSG00000204019,CT83,adrenal,ACC,0.0,77,observed,0.04,,,0.04,,,0.05,,,0.05,,,low,literature,,not_extracted,,not_extracted,,,,,literature_approximation,not_extracted,Literature approximation anchored to US ACC SEER and population-based PPGL epidemiology; percentages remain curated approximations,adrenocortical+pheo/paraganglioma; very rare,adrenocortical+pheochromocytoma/paraganglioma,PMID:29977421;PMID:33112261
XAGE1A/B,XAGE1A/XAGE1B,lung,LUAD,0.6155339805825243,515,observed,11.0,,,20.0,,,12.4,,,18.7,,,high,ACS-CFF2024;GLOBOCAN2022,,not_extracted,,not_extracted,,,,,direct_source,not_extracted,,highest mortality:incidence of common sites,single_site,PMID:38230766;DOI:10.3322/caac.21834
XAGE1A/B,XAGE1A/XAGE1B,lung,LUSC,0.10843373493975904,498,observed,11.0,,,20.0,,,12.4,,,18.7,,,high,ACS-CFF2024;GLOBOCAN2022,,not_extracted,,not_extracted,,,,,direct_source,not_extracted,,highest mortality:incidence of common sites,single_site,PMID:38230766;DOI:10.3322/caac.21834
XAGE1A/B,XAGE1A/XAGE1B,colorectal,COAD,0.006896551724137931,290,observed,8.0,,,9.0,,,9.6,,,9.3,,,high,ACS-CFF2024;GLOBOCAN2022,,not_extracted,,not_extracted,,,,,sum_of_sites,not_extracted,,COAD+READ,COAD+READ,PMID:38230766;DOI:10.3322/caac.21834
XAGE1A/B,XAGE1A/XAGE1B,colorectal,READ,0.0,93,observed,8.0,,,9.0,,,9.6,,,9.3,,,high,ACS-CFF2024;GLOBOCAN2022,,not_extracted,,not_extracted,,,,,sum_of_sites,not_extracted,,COAD+READ,COAD+READ,PMID:38230766;DOI:10.3322/caac.21834
XAGE1A/B,XAGE1A/XAGE1B,liver,LIHC,0.23641304347826086,368,observed,2.0,,,5.0,,,4.3,,,7.8,,,high,ACS-CFF2024;GLOBOCAN2022,,not_extracted,,not_extracted,,,,,sum_of_sites,not_extracted,,liver+intrahepatic bile duct; world>>US (GLOBOCAN2022 866k=4.3%),liver+intrahepatic_bile_duct,PMID:38230766;DOI:10.3322/caac.21834
XAGE1A/B,XAGE1A/XAGE1B,breast,BRCA,0.031876138433515486,1098,observed,15.0,,,7.0,,,11.6,,,6.9,,,high,ACS-CFF2024;GLOBOCAN2022,,not_extracted,,not_extracted,,,,,direct_source,not_extracted,,female breast,female_breast,PMID:38230766;DOI:10.3322/caac.21834
XAGE1A/B,XAGE1A/XAGE1B,stomach,STAD,0.021791767554479417,413,observed,1.5,,,1.8,,,4.9,,,6.8,,,high,ACS-CFF2024;GLOBOCAN2022,,not_extracted,,not_extracted,,,,,direct_source,not_extracted,,world>>US,single_site,PMID:38230766;DOI:10.3322/caac.21834
XAGE1A/B,XAGE1A/XAGE1B,pancreas,PAAD,0.0,178,observed,3.0,,,8.0,,,4.1,,,4.8,,,high,ACS-CFF2024;GLOBOCAN2022,,not_extracted,,not_extracted,,,,,direct_source,not_extracted,,high mortality:incidence,single_site,PMID:38230766;DOI:10.3322/caac.21834
XAGE1A/B,XAGE1A/XAGE1B,esophagus,ESCA,0.016483516483516484,182,observed,1.0,,,2.7,,,4.6,,,4.6,,,medium,ACS-CFF2024;GLOBOCAN2022,,not_extracted,,not_extracted,,,,,direct_source,not_extracted,,adeno(West)/squamous(Asia),single_site,PMID:38230766;DOI:10.3322/caac.21834
XAGE1A/B,XAGE1A/XAGE1B,head_and_neck,HNSC,0.023076923076923078,520,observed,3.5,,,2.6,,,5.0,,,4.5,,,medium,ACS-CFF2024;GLOBOCAN2022,,not_extracted,,not_extracted,,,,,sum_of_sites,not_extracted,Intentional pirlygenes parity delta: 2.6% includes ACS 2024 oral cavity/pharynx plus larynx deaths; downstream 1.8% omitted larynx (oncoref #136),oral+pharynx+larynx aggregate (incl larynx); world adds nasopharynx,oral_cavity+pharynx+larynx (world +nasopharynx),PMID:38230766;DOI:10.3322/caac.21834
XAGE1A/B,XAGE1A/XAGE1B,prostate,PRAD,0.020161290322580645,496,observed,16.0,,,6.0,,,7.3,,,4.1,,,high,ACS-CFF2024;GLOBOCAN2022,,not_extracted,,not_extracted,,,,,direct_source,not_extracted,,low mortality:incidence (indolent fraction),single_site,PMID:38230766;DOI:10.3322/caac.21834
XAGE1A/B,XAGE1A/XAGE1B,cervix,CESC,0.00980392156862745,306,observed,0.8,,,0.7,,,3.3,,,3.6,,,high,ACS-CFF2024;GLOBOCAN2022,,not_extracted,,not_extracted,,,,,direct_source,not_extracted,,world>>US (screening/HPV gap),single_site,PMID:38230766;DOI:10.3322/caac.21834
XAGE1A/B,XAGE1A/XAGE1B,bladder,BLCA,0.08108108108108109,407,observed,4.0,,,3.0,,,3.0,,,2.0,,,medium,ACS-CFF2024;GLOBOCAN2022,,not_extracted,,not_extracted,,,,,direct_source,not_extracted,,,single_site,PMID:38230766;DOI:10.3322/caac.21834
XAGE1A/B,XAGE1A/XAGE1B,kidney,KICH,0.015151515151515152,66,observed,4.0,,,2.0,,,2.5,,,1.8,,,medium,ACS-CFF2024;GLOBOCAN2022,,not_extracted,,not_extracted,,,,,sum_of_sites,not_extracted,,kidney+renal pelvis,kidney+renal_pelvis,PMID:38230766;DOI:10.3322/caac.21834
XAGE1A/B,XAGE1A/XAGE1B,kidney,KIRC,0.009416195856873822,531,observed,4.0,,,2.0,,,2.5,,,1.8,,,medium,ACS-CFF2024;GLOBOCAN2022,,not_extracted,,not_extracted,,,,,sum_of_sites,not_extracted,,kidney+renal pelvis,kidney+renal_pelvis,PMID:38230766;DOI:10.3322/caac.21834
XAGE1A/B,XAGE1A/XAGE1B,kidney,KIRP,0.006920415224913495,289,observed,4.0,,,2.0,,,2.5,,,1.8,,,medium,ACS-CFF2024;GLOBOCAN2022,,not_extracted,,not_extracted,,,,,sum_of_sites,not_extracted,,kidney+renal pelvis,kidney+renal_pelvis,PMID:38230766;DOI:10.3322/caac.21834
XAGE1A/B,XAGE1A/XAGE1B,melanoma,SKCM,0.2835820895522388,469,observed,5.0,,,1.3,,,1.7,,,0.6,,,high,ACS-CFF2024;GLOBOCAN2022,,not_extracted,,not_extracted,,,,,direct_source,not_extracted,,cutaneous; low mortality share,single_site,PMID:38230766;DOI:10.3322/caac.21834
XAGE1A/B,XAGE1A/XAGE1B,ovary,OV,0.02112676056338028,426,observed,1.6,,,2.6,,,1.6,,,2.1,,,medium,ACS-CFF2024;GLOBOCAN2022,,not_extracted,,not_extracted,,,,,direct_source,not_extracted,,HGSOC-dominant,single_site,PMID:38230766;DOI:10.3322/caac.21834
XAGE1A/B,XAGE1A/XAGE1B,uterus_endometrium,UCEC,0.04419889502762431,181,observed,3.0,,,2.0,,,2.2,,,1.0,,,medium,ACS-CFF2024;GLOBOCAN2022,,not_extracted,,not_extracted,,,,,direct_source,not_extracted,,corpus uteri,corpus_uteri,PMID:38230766;DOI:10.3322/caac.21834
XAGE1A/B,XAGE1A/XAGE1B,thyroid,THCA,0.001953125,512,observed,2.0,,,0.4,,,4.1,,,0.5,,,high,ACS-CFF2024;GLOBOCAN2022,,not_extracted,,not_extracted,,,,,direct_source,not_extracted,,lowest mortality:incidence; overdiagnosis (GLOBOCAN2022 821k=4.1%),single_site,PMID:38230766;DOI:10.3322/caac.21834
XAGE1A/B,XAGE1A/XAGE1B,brain_cns,GBM,0.0,166,observed,1.4,,,2.7,,,1.6,,,2.5,,,medium,ACS-CFF2024;GLOBOCAN2022,,not_extracted,,not_extracted,,,,,sum_of_sites,not_extracted,,brain+CNS incl glioma (GBM/LGG),brain+CNS,PMID:38230766;DOI:10.3322/caac.21834
XAGE1A/B,XAGE1A/XAGE1B,brain_cns,LGG,0.0,522,observed,1.4,,,2.7,,,1.6,,,2.5,,,medium,ACS-CFF2024;GLOBOCAN2022,,not_extracted,,not_extracted,,,,,sum_of_sites,not_extracted,,brain+CNS incl glioma (GBM/LGG),brain+CNS,PMID:38230766;DOI:10.3322/caac.21834
XAGE1A/B,XAGE1A/XAGE1B,non_hodgkin_lymphoma,DLBC,0.0,47,observed,4.0,,,3.0,,,2.8,,,2.5,,,medium,ACS-CFF2024;GLOBOCAN2022,,not_extracted,,not_extracted,,,,,direct_source,not_extracted,,incl DLBCL/FL/MCL/BL,NHL_aggregate (DLBCL+FL+MCL+BL+other),PMID:38230766;DOI:10.3322/caac.21834
XAGE1A/B,XAGE1A/XAGE1B,leukemia_AML,LAML,0.04046242774566474,173,observed,1.0,,,1.9,,,0.9,,,1.5,,,low,ACS-CFF2024,,not_extracted,,not_extracted,,,,,direct_source,not_extracted,,deadliest leukemia; world approx,AML (subset of leukemia),PMID:38230766
XAGE1A/B,XAGE1A/XAGE1B,mesothelioma,MESO,0.011494252873563218,87,observed,0.15,,,0.4,,,0.1,,,0.2,,,low,ACS-CFF2024,,not_extracted,,not_extracted,,,,,direct_source,not_extracted,,asbestos-linked; very low survival,single_site,PMID:38230766
XAGE1A/B,XAGE1A/XAGE1B,testicular_germ_cell,TGCT,0.2077922077922078,154,observed,0.5,,,0.05,,,0.5,,,0.1,,,medium,ACS-CFF2024;GLOBOCAN2022,,not_extracted,,not_extracted,,,,,direct_source,not_extracted,,young men; chemo-curable,single_site,PMID:38230766;DOI:10.3322/caac.21834
XAGE1A/B,XAGE1A/XAGE1B,adrenal,ACC,0.05194805194805195,77,observed,0.04,,,0.04,,,0.05,,,0.05,,,low,literature,,not_extracted,,not_extracted,,,,,literature_approximation,not_extracted,Literature approximation anchored to US ACC SEER and population-based PPGL epidemiology; percentages remain curated approximations,adrenocortical+pheo/paraganglioma; very rare,adrenocortical+pheochromocytoma/paraganglioma,PMID:29977421;PMID:33112261
ENSG00000234068,PAGE2,lung,LUAD,0.03300970873786408,515,observed,11.0,,,20.0,,,12.4,,,18.7,,,high,ACS-CFF2024;GLOBOCAN2022,,not_extracted,,not_extracted,,,,,direct_source,not_extracted,,highest mortality:incidence of common sites,single_site,PMID:38230766;DOI:10.3322/caac.21834
ENSG00000234068,PAGE2,lung,LUSC,0.05622489959839357,498,observed,11.0,,,20.0,,,12.4,,,18.7,,,high,ACS-CFF2024;GLOBOCAN2022,,not_extracted,,not_extracted,,,,,direct_source,not_extracted,,highest mortality:incidence of common sites,single_site,PMID:38230766;DOI:10.3322/caac.21834
ENSG00000234068,PAGE2,colorectal,COAD,0.0,290,observed,8.0,,,9.0,,,9.6,,,9.3,,,high,ACS-CFF2024;GLOBOCAN2022,,not_extracted,,not_extracted,,,,,sum_of_sites,not_extracted,,COAD+READ,COAD+READ,PMID:38230766;DOI:10.3322/caac.21834
ENSG00000234068,PAGE2,colorectal,READ,0.0,93,observed,8.0,,,9.0,,,9.6,,,9.3,,,high,ACS-CFF2024;GLOBOCAN2022,,not_extracted,,not_extracted,,,,,sum_of_sites,not_extracted,,COAD+READ,COAD+READ,PMID:38230766;DOI:10.3322/caac.21834
ENSG00000234068,PAGE2,liver,LIHC,0.059782608695652176,368,observed,2.0,,,5.0,,,4.3,,,7.8,,,high,ACS-CFF2024;GLOBOCAN2022,,not_extracted,,not_extracted,,,,,sum_of_sites,not_extracted,,liver+intrahepatic bile duct; world>>US (GLOBOCAN2022 866k=4.3%),liver+intrahepatic_bile_duct,PMID:38230766;DOI:10.3322/caac.21834
ENSG00000234068,PAGE2,breast,BRCA,0.007285974499089253,1098,observed,15.0,,,7.0,,,11.6,,,6.9,,,high,ACS-CFF2024;GLOBOCAN2022,,not_extracted,,not_extracted,,,,,direct_source,not_extracted,,female breast,female_breast,PMID:38230766;DOI:10.3322/caac.21834
ENSG00000234068,PAGE2,stomach,STAD,0.026634382566585957,413,observed,1.5,,,1.8,,,4.9,,,6.8,,,high,ACS-CFF2024;GLOBOCAN2022,,not_extracted,,not_extracted,,,,,direct_source,not_extracted,,world>>US,single_site,PMID:38230766;DOI:10.3322/caac.21834
ENSG00000234068,PAGE2,pancreas,PAAD,0.0,178,observed,3.0,,,8.0,,,4.1,,,4.8,,,high,ACS-CFF2024;GLOBOCAN2022,,not_extracted,,not_extracted,,,,,direct_source,not_extracted,,high mortality:incidence,single_site,PMID:38230766;DOI:10.3322/caac.21834
ENSG00000234068,PAGE2,esophagus,ESCA,0.016483516483516484,182,observed,1.0,,,2.7,,,4.6,,,4.6,,,medium,ACS-CFF2024;GLOBOCAN2022,,not_extracted,,not_extracted,,,,,direct_source,not_extracted,,adeno(West)/squamous(Asia),single_site,PMID:38230766;DOI:10.3322/caac.21834
ENSG00000234068,PAGE2,head_and_neck,HNSC,0.026923076923076925,520,observed,3.5,,,2.6,,,5.0,,,4.5,,,medium,ACS-CFF2024;GLOBOCAN2022,,not_extracted,,not_extracted,,,,,sum_of_sites,not_extracted,Intentional pirlygenes parity delta: 2.6% includes ACS 2024 oral cavity/pharynx plus larynx deaths; downstream 1.8% omitted larynx (oncoref #136),oral+pharynx+larynx aggregate (incl larynx); world adds nasopharynx,oral_cavity+pharynx+larynx (world +nasopharynx),PMID:38230766;DOI:10.3322/caac.21834
ENSG00000234068,PAGE2,prostate,PRAD,0.0,496,observed,16.0,,,6.0,,,7.3,,,4.1,,,high,ACS-CFF2024;GLOBOCAN2022,,not_extracted,,not_extracted,,,,,direct_source,not_extracted,,low mortality:incidence (indolent fraction),single_site,PMID:38230766;DOI:10.3322/caac.21834
ENSG00000234068,PAGE2,cervix,CESC,0.0032679738562091504,306,observed,0.8,,,0.7,,,3.3,,,3.6,,,high,ACS-CFF2024;GLOBOCAN2022,,not_extracted,,not_extracted,,,,,direct_source,not_extracted,,world>>US (screening/HPV gap),single_site,PMID:38230766;DOI:10.3322/caac.21834
ENSG00000234068,PAGE2,bladder,BLCA,0.04668304668304668,407,observed,4.0,,,3.0,,,3.0,,,2.0,,,medium,ACS-CFF2024;GLOBOCAN2022,,not_extracted,,not_extracted,,,,,direct_source,not_extracted,,,single_site,PMID:38230766;DOI:10.3322/caac.21834
ENSG00000234068,PAGE2,kidney,KICH,0.015151515151515152,66,observed,4.0,,,2.0,,,2.5,,,1.8,,,medium,ACS-CFF2024;GLOBOCAN2022,,not_extracted,,not_extracted,,,,,sum_of_sites,not_extracted,,kidney+renal pelvis,kidney+renal_pelvis,PMID:38230766;DOI:10.3322/caac.21834
ENSG00000234068,PAGE2,kidney,KIRC,0.003766478342749529,531,observed,4.0,,,2.0,,,2.5,,,1.8,,,medium,ACS-CFF2024;GLOBOCAN2022,,not_extracted,,not_extracted,,,,,sum_of_sites,not_extracted,,kidney+renal pelvis,kidney+renal_pelvis,PMID:38230766;DOI:10.3322/caac.21834
ENSG00000234068,PAGE2,kidney,KIRP,0.0,289,observed,4.0,,,2.0,,,2.5,,,1.8,,,medium,ACS-CFF2024;GLOBOCAN2022,,not_extracted,,not_extracted,,,,,sum_of_sites,not_extracted,,kidney+renal pelvis,kidney+renal_pelvis,PMID:38230766;DOI:10.3322/caac.21834
ENSG00000234068,PAGE2,melanoma,SKCM,0.06609808102345416,469,observed,5.0,,,1.3,,,1.7,,,0.6,,,high,ACS-CFF2024;GLOBOCAN2022,,not_extracted,,not_extracted,,,,,direct_source,not_extracted,,cutaneous; low mortality share,single_site,PMID:38230766;DOI:10.3322/caac.21834
ENSG00000234068,PAGE2,ovary,OV,0.05868544600938967,426,observed,1.6,,,2.6,,,1.6,,,2.1,,,medium,ACS-CFF2024;GLOBOCAN2022,,not_extracted,,not_extracted,,,,,direct_source,not_extracted,,HGSOC-dominant,single_site,PMID:38230766;DOI:10.3322/caac.21834
ENSG00000234068,PAGE2,uterus_endometrium,UCEC,0.03314917127071823,181,observed,3.0,,,2.0,,,2.2,,,1.0,,,medium,ACS-CFF2024;GLOBOCAN2022,,not_extracted,,not_extracted,,,,,direct_source,not_extracted,,corpus uteri,corpus_uteri,PMID:38230766;DOI:10.3322/caac.21834
ENSG00000234068,PAGE2,thyroid,THCA,0.0,512,observed,2.0,,,0.4,,,4.1,,,0.5,,,high,ACS-CFF2024;GLOBOCAN2022,,not_extracted,,not_extracted,,,,,direct_source,not_extracted,,lowest mortality:incidence; overdiagnosis (GLOBOCAN2022 821k=4.1%),single_site,PMID:38230766;DOI:10.3322/caac.21834
ENSG00000234068,PAGE2,brain_cns,GBM,0.0,166,observed,1.4,,,2.7,,,1.6,,,2.5,,,medium,ACS-CFF2024;GLOBOCAN2022,,not_extracted,,not_extracted,,,,,sum_of_sites,not_extracted,,brain+CNS incl glioma (GBM/LGG),brain+CNS,PMID:38230766;DOI:10.3322/caac.21834
ENSG00000234068,PAGE2,brain_cns,LGG,0.0,522,observed,1.4,,,2.7,,,1.6,,,2.5,,,medium,ACS-CFF2024;GLOBOCAN2022,,not_extracted,,not_extracted,,,,,sum_of_sites,not_extracted,,brain+CNS incl glioma (GBM/LGG),brain+CNS,PMID:38230766;DOI:10.3322/caac.21834
ENSG00000234068,PAGE2,non_hodgkin_lymphoma,DLBC,0.02127659574468085,47,observed,4.0,,,3.0,,,2.8,,,2.5,,,medium,ACS-CFF2024;GLOBOCAN2022,,not_extracted,,not_extracted,,,,,direct_source,not_extracted,,incl DLBCL/FL/MCL/BL,NHL_aggregate (DLBCL+FL+MCL+BL+other),PMID:38230766;DOI:10.3322/caac.21834
ENSG00000234068,PAGE2,leukemia_AML,LAML,0.0,173,observed,1.0,,,1.9,,,0.9,,,1.5,,,low,ACS-CFF2024,,not_extracted,,not_extracted,,,,,direct_source,not_extracted,,deadliest leukemia; world approx,AML (subset of leukemia),PMID:38230766
ENSG00000234068,PAGE2,mesothelioma,MESO,0.0,87,observed,0.15,,,0.4,,,0.1,,,0.2,,,low,ACS-CFF2024,,not_extracted,,not_extracted,,,,,direct_source,not_extracted,,asbestos-linked; very low survival,single_site,PMID:38230766
ENSG00000234068,PAGE2,testicular_germ_cell,TGCT,0.0,154,observed,0.5,,,0.05,,,0.5,,,0.1,,,medium,ACS-CFF2024;GLOBOCAN2022,,not_extracted,,not_extracted,,,,,direct_source,not_extracted,,young men; chemo-curable,single_site,PMID:38230766;DOI:10.3322/caac.21834
ENSG00000234068,PAGE2,adrenal,ACC,0.0,77,observed,0.04,,,0.04,,,0.05,,,0.05,,,low,literature,,not_extracted,,not_extracted,,,,,literature_approximation,not_extracted,Literature approximation anchored to US ACC SEER and population-based PPGL epidemiology; percentages remain curated approximations,adrenocortical+pheo/paraganglioma; very rare,adrenocortical+pheochromocytoma/paraganglioma,PMID:29977421;PMID:33112261
ENSG00000238269,PAGE2B,lung,LUAD,0.019417475728155338,515,observed,11.0,,,20.0,,,12.4,,,18.7,,,high,ACS-CFF2024;GLOBOCAN2022,,not_extracted,,not_extracted,,,,,direct_source,not_extracted,,highest mortality:incidence of common sites,single_site,PMID:38230766;DOI:10.3322/caac.21834
ENSG00000238269,PAGE2B,lung,LUSC,0.018072289156626505,498,observed,11.0,,,20.0,,,12.4,,,18.7,,,high,ACS-CFF2024;GLOBOCAN2022,,not_extracted,,not_extracted,,,,,direct_source,not_extracted,,highest mortality:incidence of common sites,single_site,PMID:38230766;DOI:10.3322/caac.21834
ENSG00000238269,PAGE2B,colorectal,COAD,0.0,290,observed,8.0,,,9.0,,,9.6,,,9.3,,,high,ACS-CFF2024;GLOBOCAN2022,,not_extracted,,not_extracted,,,,,sum_of_sites,not_extracted,,COAD+READ,COAD+READ,PMID:38230766;DOI:10.3322/caac.21834
ENSG00000238269,PAGE2B,colorectal,READ,0.0,93,observed,8.0,,,9.0,,,9.6,,,9.3,,,high,ACS-CFF2024;GLOBOCAN2022,,not_extracted,,not_extracted,,,,,sum_of_sites,not_extracted,,COAD+READ,COAD+READ,PMID:38230766;DOI:10.3322/caac.21834
ENSG00000238269,PAGE2B,liver,LIHC,0.043478260869565216,368,observed,2.0,,,5.0,,,4.3,,,7.8,,,high,ACS-CFF2024;GLOBOCAN2022,,not_extracted,,not_extracted,,,,,sum_of_sites,not_extracted,,liver+intrahepatic bile duct; world>>US (GLOBOCAN2022 866k=4.3%),liver+intrahepatic_bile_duct,PMID:38230766;DOI:10.3322/caac.21834
ENSG00000238269,PAGE2B,breast,BRCA,0.00819672131147541,1098,observed,15.0,,,7.0,,,11.6,,,6.9,,,high,ACS-CFF2024;GLOBOCAN2022,,not_extracted,,not_extracted,,,,,direct_source,not_extracted,,female breast,female_breast,PMID:38230766;DOI:10.3322/caac.21834
ENSG00000238269,PAGE2B,stomach,STAD,0.014527845036319613,413,observed,1.5,,,1.8,,,4.9,,,6.8,,,high,ACS-CFF2024;GLOBOCAN2022,,not_extracted,,not_extracted,,,,,direct_source,not_extracted,,world>>US,single_site,PMID:38230766;DOI:10.3322/caac.21834
ENSG00000238269,PAGE2B,pancreas,PAAD,0.0,178,observed,3.0,,,8.0,,,4.1,,,4.8,,,high,ACS-CFF2024;GLOBOCAN2022,,not_extracted,,not_extracted,,,,,direct_source,not_extracted,,high mortality:incidence,single_site,PMID:38230766;DOI:10.3322/caac.21834
ENSG00000238269,PAGE2B,esophagus,ESCA,0.01098901098901099,182,observed,1.0,,,2.7,,,4.6,,,4.6,,,medium,ACS-CFF2024;GLOBOCAN2022,,not_extracted,,not_extracted,,,,,direct_source,not_extracted,,adeno(West)/squamous(Asia),single_site,PMID:38230766;DOI:10.3322/caac.21834
ENSG00000238269,PAGE2B,head_and_neck,HNSC,0.0019230769230769232,520,observed,3.5,,,2.6,,,5.0,,,4.5,,,medium,ACS-CFF2024;GLOBOCAN2022,,not_extracted,,not_extracted,,,,,sum_of_sites,not_extracted,Intentional pirlygenes parity delta: 2.6% includes ACS 2024 oral cavity/pharynx plus larynx deaths; downstream 1.8% omitted larynx (oncoref #136),oral+pharynx+larynx aggregate (incl larynx); world adds nasopharynx,oral_cavity+pharynx+larynx (world +nasopharynx),PMID:38230766;DOI:10.3322/caac.21834
ENSG00000238269,PAGE2B,prostate,PRAD,0.0,496,observed,16.0,,,6.0,,,7.3,,,4.1,,,high,ACS-CFF2024;GLOBOCAN2022,,not_extracted,,not_extracted,,,,,direct_source,not_extracted,,low mortality:incidence (indolent fraction),single_site,PMID:38230766;DOI:10.3322/caac.21834
ENSG00000238269,PAGE2B,cervix,CESC,0.006535947712418301,306,observed,0.8,,,0.7,,,3.3,,,3.6,,,high,ACS-CFF2024;GLOBOCAN2022,,not_extracted,,not_extracted,,,,,direct_source,not_extracted,,world>>US (screening/HPV gap),single_site,PMID:38230766;DOI:10.3322/caac.21834
ENSG00000238269,PAGE2B,bladder,BLCA,0.029484029484029485,407,observed,4.0,,,3.0,,,3.0,,,2.0,,,medium,ACS-CFF2024;GLOBOCAN2022,,not_extracted,,not_extracted,,,,,direct_source,not_extracted,,,single_site,PMID:38230766;DOI:10.3322/caac.21834
ENSG00000238269,PAGE2B,kidney,KICH,0.015151515151515152,66,observed,4.0,,,2.0,,,2.5,,,1.8,,,medium,ACS-CFF2024;GLOBOCAN2022,,not_extracted,,not_extracted,,,,,sum_of_sites,not_extracted,,kidney+renal pelvis,kidney+renal_pelvis,PMID:38230766;DOI:10.3322/caac.21834
ENSG00000238269,PAGE2B,kidney,KIRC,0.003766478342749529,531,observed,4.0,,,2.0,,,2.5,,,1.8,,,medium,ACS-CFF2024;GLOBOCAN2022,,not_extracted,,not_extracted,,,,,sum_of_sites,not_extracted,,kidney+renal pelvis,kidney+renal_pelvis,PMID:38230766;DOI:10.3322/caac.21834
ENSG00000238269,PAGE2B,kidney,KIRP,0.010380622837370242,289,observed,4.0,,,2.0,,,2.5,,,1.8,,,medium,ACS-CFF2024;GLOBOCAN2022,,not_extracted,,not_extracted,,,,,sum_of_sites,not_extracted,,kidney+renal pelvis,kidney+renal_pelvis,PMID:38230766;DOI:10.3322/caac.21834
ENSG00000238269,PAGE2B,melanoma,SKCM,0.042643923240938165,469,observed,5.0,,,1.3,,,1.7,,,0.6,,,high,ACS-CFF2024;GLOBOCAN2022,,not_extracted,,not_extracted,,,,,direct_source,not_extracted,,cutaneous; low mortality share,single_site,PMID:38230766;DOI:10.3322/caac.21834
ENSG00000238269,PAGE2B,ovary,OV,0.011737089201877934,426,observed,1.6,,,2.6,,,1.6,,,2.1,,,medium,ACS-CFF2024;GLOBOCAN2022,,not_extracted,,not_extracted,,,,,direct_source,not_extracted,,HGSOC-dominant,single_site,PMID:38230766;DOI:10.3322/caac.21834
ENSG00000238269,PAGE2B,uterus_endometrium,UCEC,0.016574585635359115,181,observed,3.0,,,2.0,,,2.2,,,1.0,,,medium,ACS-CFF2024;GLOBOCAN2022,,not_extracted,,not_extracted,,,,,direct_source,not_extracted,,corpus uteri,corpus_uteri,PMID:38230766;DOI:10.3322/caac.21834
ENSG00000238269,PAGE2B,thyroid,THCA,0.0,512,observed,2.0,,,0.4,,,4.1,,,0.5,,,high,ACS-CFF2024;GLOBOCAN2022,,not_extracted,,not_extracted,,,,,direct_source,not_extracted,,lowest mortality:incidence; overdiagnosis (GLOBOCAN2022 821k=4.1%),single_site,PMID:38230766;DOI:10.3322/caac.21834
ENSG00000238269,PAGE2B,brain_cns,GBM,0.0,166,observed,1.4,,,2.7,,,1.6,,,2.5,,,medium,ACS-CFF2024;GLOBOCAN2022,,not_extracted,,not_extracted,,,,,sum_of_sites,not_extracted,,brain+CNS incl glioma (GBM/LGG),brain+CNS,PMID:38230766;DOI:10.3322/caac.21834
ENSG00000238269,PAGE2B,brain_cns,LGG,0.0,522,observed,1.4,,,2.7,,,1.6,,,2.5,,,medium,ACS-CFF2024;GLOBOCAN2022,,not_extracted,,not_extracted,,,,,sum_of_sites,not_extracted,,brain+CNS incl glioma (GBM/LGG),brain+CNS,PMID:38230766;DOI:10.3322/caac.21834
ENSG00000238269,PAGE2B,non_hodgkin_lymphoma,DLBC,0.02127659574468085,47,observed,4.0,,,3.0,,,2.8,,,2.5,,,medium,ACS-CFF2024;GLOBOCAN2022,,not_extracted,,not_extracted,,,,,direct_source,not_extracted,,incl DLBCL/FL/MCL/BL,NHL_aggregate (DLBCL+FL+MCL+BL+other),PMID:38230766;DOI:10.3322/caac.21834
ENSG00000238269,PAGE2B,leukemia_AML,LAML,0.0,173,observed,1.0,,,1.9,,,0.9,,,1.5,,,low,ACS-CFF2024,,not_extracted,,not_extracted,,,,,direct_source,not_extracted,,deadliest leukemia; world approx,AML (subset of leukemia),PMID:38230766
ENSG00000238269,PAGE2B,mesothelioma,MESO,0.0,87,observed,0.15,,,0.4,,,0.1,,,0.2,,,low,ACS-CFF2024,,not_extracted,,not_extracted,,,,,direct_source,not_extracted,,asbestos-linked; very low survival,single_site,PMID:38230766
ENSG00000238269,PAGE2B,testicular_germ_cell,TGCT,0.006493506493506494,154,observed,0.5,,,0.05,,,0.5,,,0.1,,,medium,ACS-CFF2024;GLOBOCAN2022,,not_extracted,,not_extracted,,,,,direct_source,not_extracted,,young men; chemo-curable,single_site,PMID:38230766;DOI:10.3322/caac.21834
ENSG00000238269,PAGE2B,adrenal,ACC,0.012987012987012988,77,observed,0.04,,,0.04,,,0.05,,,0.05,,,low,literature,,not_extracted,,not_extracted,,,,,literature_approximation,not_extracted,Literature approximation anchored to US ACC SEER and population-based PPGL epidemiology; percentages remain curated approximations,adrenocortical+pheo/paraganglioma; very rare,adrenocortical+pheochromocytoma/paraganglioma,PMID:29977421;PMID:33112261
