allele,retained_peptides,retained_proteoforms,monoallelic_ms,sample_allele_ms,unrestricted_ms
HLA-A*01:01,4,2,0,4,0
HLA-A*02:01,41,7,4,30,7
HLA-A*02:03,12,3,0,0,12
HLA-A*02:06,13,3,0,0,13
HLA-A*03:01,6,2,0,5,1
HLA-A*11:01,0,0,0,0,0
HLA-A*23:01,6,3,0,4,2
HLA-A*24:02,6,2,0,4,2
HLA-A*26:01,2,2,0,1,1
HLA-A*29:02,2,1,0,0,2
HLA-A*30:01,5,3,0,0,5
HLA-A*30:02,2,2,0,0,2
HLA-A*31:01,1,1,0,0,1
HLA-A*32:01,15,3,0,1,14
HLA-A*33:01,0,0,0,0,0
HLA-A*68:01,4,2,0,4,0
HLA-A*68:02,4,2,0,2,2
HLA-B*07:02,15,5,1,10,4
HLA-B*08:01,16,3,0,7,9
HLA-B*15:01,16,5,1,6,9
HLA-B*15:02,18,3,7,0,11
HLA-B*18:01,5,3,0,2,3
HLA-B*27:05,17,5,2,6,9
HLA-B*35:01,4,2,0,3,1
HLA-B*40:01,16,7,0,13,3
HLA-B*40:02,10,4,1,3,6
HLA-B*44:02,8,2,1,6,1
HLA-B*44:03,2,2,0,1,1
HLA-B*46:01,3,1,1,0,2
HLA-B*51:01,8,2,2,0,6
HLA-B*53:01,0,0,0,0,0
HLA-B*57:01,4,3,1,1,2
HLA-B*58:01,1,1,0,0,1
HLA-C*01:02,18,5,0,6,12
HLA-C*02:02,17,4,0,3,14
HLA-C*03:02,19,4,0,0,19
HLA-C*03:03,21,5,1,7,13
HLA-C*03:04,27,5,1,14,12
HLA-C*04:01,11,3,0,3,8
HLA-C*04:03,16,3,0,0,16
HLA-C*05:01,20,4,0,10,10
HLA-C*06:02,18,4,3,7,8
HLA-C*07:01,18,3,0,6,12
HLA-C*07:02,19,3,0,7,12
HLA-C*07:04,17,3,0,0,17
HLA-C*08:01,12,3,0,0,12
HLA-C*08:02,13,4,1,1,11
HLA-C*12:02,18,4,0,1,17
HLA-C*12:03,21,4,0,9,12
HLA-C*14:02,19,4,1,6,12
HLA-C*14:03,20,3,0,0,20
HLA-C*15:02,13,3,0,0,13
HLA-C*16:01,18,3,0,6,12
HLA-C*17:01,18,5,0,3,15
