reference_key,taxon,source_id,sample_id,sequence_id,lower,upper,allocation_provenance
3c57c3e384f0568d67ad1ce55826a3a4cbb12e6ef89d9faae1991b8a8d536f23,9615,synthetic,biopsy1,a4a229eb9bb5bfc978ca5e46dd19e6bfa62d72f4487a7ae741a86f70e52e323e,12,12,synthetic disjoint sequence-group transcript allocations; not real RNA
3c57c3e384f0568d67ad1ce55826a3a4cbb12e6ef89d9faae1991b8a8d536f23,9615,synthetic,biopsy2,a4a229eb9bb5bfc978ca5e46dd19e6bfa62d72f4487a7ae741a86f70e52e323e,12,12,synthetic disjoint sequence-group transcript allocations; not real RNA
3c57c3e384f0568d67ad1ce55826a3a4cbb12e6ef89d9faae1991b8a8d536f23,9615,synthetic,biopsy3,a4a229eb9bb5bfc978ca5e46dd19e6bfa62d72f4487a7ae741a86f70e52e323e,0,0,synthetic disjoint sequence-group transcript allocations; not real RNA
3c57c3e384f0568d67ad1ce55826a3a4cbb12e6ef89d9faae1991b8a8d536f23,9615,synthetic,unknown-donor,a4a229eb9bb5bfc978ca5e46dd19e6bfa62d72f4487a7ae741a86f70e52e323e,0,0,synthetic disjoint sequence-group transcript allocations; not real RNA
3c57c3e384f0568d67ad1ce55826a3a4cbb12e6ef89d9faae1991b8a8d536f23,9615,synthetic,biopsy1,db5f618a36743234dbfcaa21c9939fdf38c4ba0c8dc2feedaa73bbbd59735667,0,0,synthetic disjoint sequence-group transcript allocations; not real RNA
3c57c3e384f0568d67ad1ce55826a3a4cbb12e6ef89d9faae1991b8a8d536f23,9615,synthetic,biopsy2,db5f618a36743234dbfcaa21c9939fdf38c4ba0c8dc2feedaa73bbbd59735667,0,0,synthetic disjoint sequence-group transcript allocations; not real RNA
3c57c3e384f0568d67ad1ce55826a3a4cbb12e6ef89d9faae1991b8a8d536f23,9615,synthetic,biopsy3,db5f618a36743234dbfcaa21c9939fdf38c4ba0c8dc2feedaa73bbbd59735667,12,12,synthetic disjoint sequence-group transcript allocations; not real RNA
3c57c3e384f0568d67ad1ce55826a3a4cbb12e6ef89d9faae1991b8a8d536f23,9615,synthetic,biopsy4,db5f618a36743234dbfcaa21c9939fdf38c4ba0c8dc2feedaa73bbbd59735667,0,0,synthetic disjoint sequence-group transcript allocations; not real RNA
3c57c3e384f0568d67ad1ce55826a3a4cbb12e6ef89d9faae1991b8a8d536f23,9615,synthetic,unknown-donor,db5f618a36743234dbfcaa21c9939fdf38c4ba0c8dc2feedaa73bbbd59735667,0,0,synthetic disjoint sequence-group transcript allocations; not real RNA
3c57c3e384f0568d67ad1ce55826a3a4cbb12e6ef89d9faae1991b8a8d536f23,9615,synthetic,biopsy1,7c84e45f58cd51009a281b7244ef1d87f7dde7c55f4c1952c41a9db5e7c91761,12,12,synthetic disjoint sequence-group transcript allocations; not real RNA
3c57c3e384f0568d67ad1ce55826a3a4cbb12e6ef89d9faae1991b8a8d536f23,9615,synthetic,biopsy2,7c84e45f58cd51009a281b7244ef1d87f7dde7c55f4c1952c41a9db5e7c91761,12,12,synthetic disjoint sequence-group transcript allocations; not real RNA
3c57c3e384f0568d67ad1ce55826a3a4cbb12e6ef89d9faae1991b8a8d536f23,9615,synthetic,biopsy3,7c84e45f58cd51009a281b7244ef1d87f7dde7c55f4c1952c41a9db5e7c91761,12,12,synthetic disjoint sequence-group transcript allocations; not real RNA
3c57c3e384f0568d67ad1ce55826a3a4cbb12e6ef89d9faae1991b8a8d536f23,9615,synthetic,biopsy4,7c84e45f58cd51009a281b7244ef1d87f7dde7c55f4c1952c41a9db5e7c91761,12,12,synthetic disjoint sequence-group transcript allocations; not real RNA
3c57c3e384f0568d67ad1ce55826a3a4cbb12e6ef89d9faae1991b8a8d536f23,9615,synthetic,unknown-donor,7c84e45f58cd51009a281b7244ef1d87f7dde7c55f4c1952c41a9db5e7c91761,12,12,synthetic disjoint sequence-group transcript allocations; not real RNA
3c57c3e384f0568d67ad1ce55826a3a4cbb12e6ef89d9faae1991b8a8d536f23,9615,synthetic,heart,7c84e45f58cd51009a281b7244ef1d87f7dde7c55f4c1952c41a9db5e7c91761,12,12,synthetic disjoint sequence-group transcript allocations; not real RNA
